{"type": "FeatureCollection", "features": [{"type": "Feature", "geometry": {"type": "Polygon", "coordinates": [[[-80.19846190681174, 25.77694188702132], [-80.19803574183665, 25.776955681871648], [-80.19803666706177, 25.776979187799178], [-80.19846283203685, 25.776965392948846], [-80.19846190681174, 25.77694188702132]]]}, "properties": {"box_id": "1036198925:1:left", "zone": "40701", "street": "Northwest 3rd Street", "side": "left", "length_m": 42.7, "width_m": 2.6000000000000005, "est_spaces": 6, "ambiguous_band_m": 1.3, "calibrated": false, "source": "ParkMobile zone anchors + OSM centreline; lane offset ASSUMED"}}, {"type": "Feature", "geometry": {"type": "Polygon", "coordinates": [[[-80.19845955816335, 25.776882218128353], [-80.19803339318827, 25.776896012978685], [-80.19803246796315, 25.776872507051156], [-80.19845863293824, 25.776858712200823], [-80.19845955816335, 25.776882218128353]]]}, "properties": {"box_id": "1036198925:1:right", "zone": "40701", "street": "Northwest 3rd Street", "side": "right", "length_m": 42.7, "width_m": 2.6000000000000005, "est_spaces": 6, "ambiguous_band_m": 1.3, "calibrated": false, "source": "ParkMobile zone anchors + OSM centreline; lane offset ASSUMED"}}, {"type": "Feature", "geometry": {"type": "Polygon", "coordinates": [[[-80.19780345579557, 25.777537686425525], [-80.19778944084464, 25.777158915867144], [-80.19776351830896, 25.777159704649105], [-80.19777753325988, 25.777538475207486], [-80.19780345579557, 25.777537686425525]]]}, "properties": {"box_id": "190525153:5:left", "zone": "40701", "street": "Northwest 2nd Avenue", "side": "left", "length_m": 41.9, "width_m": 2.6000000000000005, "est_spaces": 6, "ambiguous_band_m": 1.3, "calibrated": false, "source": "ParkMobile zone anchors + OSM centreline; lane offset ASSUMED"}}, {"type": "Feature", "geometry": {"type": "Polygon", "coordinates": [[[-80.19786925915535, 25.777535684132854], [-80.19785524420445, 25.777156913574473], [-80.19788116674012, 25.777156124792512], [-80.19789518169104, 25.777534895350893], [-80.19786925915535, 25.777535684132854]]]}, "properties": {"box_id": "190525153:5:right", "zone": "40701", "street": "Northwest 2nd Avenue", "side": "right", "length_m": 41.9, "width_m": 2.6000000000000005, "est_spaces": 6, "ambiguous_band_m": 1.3, "calibrated": false, "source": "ParkMobile zone anchors + OSM centreline; lane offset ASSUMED"}}, {"type": "Feature", "geometry": {"type": "Polygon", "coordinates": [[[-80.19785204865886, 25.778678189351233], [-80.19782964754998, 25.77807441837258], [-80.19780372484438, 25.77807520929408], [-80.19782612595326, 25.778678980272733], [-80.19785204865886, 25.778678189351233]]]}, "properties": {"box_id": "190525153:1:left", "zone": "40701", "street": "Northwest 2nd Avenue", "side": "left", "length_m": 66.8, "width_m": 2.6000000000000005, "est_spaces": 9, "ambiguous_band_m": 1.3, "calibrated": false, "source": "ParkMobile zone anchors + OSM centreline; lane offset ASSUMED"}}, {"type": "Feature", "geometry": {"type": "Polygon", "coordinates": [[[-80.19791785245002, 25.778676181627418], [-80.19789545134113, 25.778072410648765], [-80.19792137404674, 25.778071619727264], [-80.19794377515562, 25.778675390705917], [-80.19791785245002, 25.778676181627418]]]}, "properties": {"box_id": "190525153:1:right", "zone": "40701", "street": "Northwest 2nd Avenue", "side": "right", "length_m": 66.8, "width_m": 2.6000000000000005, "est_spaces": 9, "ambiguous_band_m": 1.3, "calibrated": false, "source": "ParkMobile zone anchors + OSM centreline; lane offset ASSUMED"}}, {"type": "Feature", "geometry": {"type": "Polygon", "coordinates": [[[-80.19652260429096, 25.778912433886614], [-80.19617437266605, 25.778927207771844], [-80.19617558480063, 25.77895070297063], [-80.19652381642554, 25.778935929085396], [-80.19652260429096, 25.778912433886614]]]}, "properties": {"box_id": "190525160:6:left", "zone": "40701", "street": "Northwest 5th Street", "side": "left", "length_m": 34.9, "width_m": 2.6000000000000005, "est_spaces": 5, "ambiguous_band_m": 1.3, "calibrated": false, "source": "ParkMobile zone anchors + OSM centreline; lane offset ASSUMED"}}, {"type": "Feature", "geometry": {"type": "Polygon", "coordinates": [[[-80.19651952733395, 25.778852792228154], [-80.19617129570904, 25.778867566113384], [-80.19617008357446, 25.7788440709146], [-80.19651831519937, 25.77882929702937], [-80.19651952733395, 25.778852792228154]]]}, "properties": {"box_id": "190525160:6:right", "zone": "40701", "street": "Northwest 5th Street", "side": "right", "length_m": 34.9, "width_m": 2.6000000000000005, "est_spaces": 5, "ambiguous_band_m": 1.3, "calibrated": false, "source": "ParkMobile zone anchors + OSM centreline; lane offset ASSUMED"}}, {"type": "Feature", "geometry": {"type": "Polygon", "coordinates": [[[-80.19787315177155, 25.779689331005837], [-80.19786134679632, 25.7793829539292], [-80.19783542502002, 25.779383775267245], [-80.19784722999525, 25.77969015234388], [-80.19787315177155, 25.779689331005837]]]}, "properties": {"box_id": "190525152:1:left", "zone": "40701", "street": "Northwest 2nd Avenue", "side": "left", "length_m": 33.9, "width_m": 2.6000000000000005, "est_spaces": 5, "ambiguous_band_m": 1.3, "calibrated": false, "source": "ParkMobile zone anchors + OSM centreline; lane offset ASSUMED"}}, {"type": "Feature", "geometry": {"type": "Polygon", "coordinates": [[[-80.19793895320369, 25.779687246070797], [-80.19792714822844, 25.779380868994163], [-80.19795307000474, 25.77938004765612], [-80.19796487497999, 25.779686424732756], [-80.19793895320369, 25.779687246070797]]]}, "properties": {"box_id": "190525152:1:right", "zone": "40701", "street": "Northwest 2nd Avenue", "side": "right", "length_m": 33.9, "width_m": 2.6000000000000005, "est_spaces": 5, "ambiguous_band_m": 1.3, "calibrated": false, "source": "ParkMobile zone anchors + OSM centreline; lane offset ASSUMED"}}, {"type": "Feature", "geometry": {"type": "Polygon", "coordinates": [[[-80.19686287574518, 25.77907342660865], [-80.19688341452577, 25.779546826124903], [-80.19690933190525, 25.779545901444187], [-80.19688879312466, 25.779072501927935], [-80.19686287574518, 25.77907342660865]]]}, "properties": {"box_id": "96325603:2:left", "zone": "40701", "street": "Northwest 1st Court", "side": "left", "length_m": 52.4, "width_m": 2.6000000000000005, "est_spaces": 7, "ambiguous_band_m": 1.3, "calibrated": false, "source": "ParkMobile zone anchors + OSM centreline; lane offset ASSUMED"}}, {"type": "Feature", "geometry": {"type": "Polygon", "coordinates": [[[-80.19679708547423, 25.779075773875093], [-80.1968176242548, 25.779549173391345], [-80.19679170687535, 25.77955009807206], [-80.19677116809476, 25.779076698555812], [-80.19679708547423, 25.779075773875093]]]}, "properties": {"box_id": "96325603:2:right", "zone": "40701", "street": "Northwest 1st Court", "side": "right", "length_m": 52.4, "width_m": 2.6000000000000005, "est_spaces": 7, "ambiguous_band_m": 1.3, "calibrated": false, "source": "ParkMobile zone anchors + OSM centreline; lane offset ASSUMED"}}, {"type": "Feature", "geometry": {"type": "Polygon", "coordinates": [[[-80.18874878281018, 25.7718312517173], [-80.18758524293419, 25.771862129628992], [-80.18758600156076, 25.771885640462376], [-80.18874954143675, 25.77185476255068], [-80.18874878281018, 25.7718312517173]]]}, "properties": {"box_id": "958176507:1:left", "zone": "40703", "street": "Southeast 3rd Street", "side": "left", "length_m": 116.7, "width_m": 2.6000000000000005, "est_spaces": 17, "ambiguous_band_m": 1.3, "calibrated": false, "source": "ParkMobile zone anchors + OSM centreline; lane offset ASSUMED"}}, {"type": "Feature", "geometry": {"type": "Polygon", "coordinates": [[[-80.18874685706581, 25.771771570371005], [-80.18758331718983, 25.771802448282703], [-80.18758255856326, 25.771778937449316], [-80.18874609843924, 25.77174805953762], [-80.18874685706581, 25.771771570371005]]]}, "properties": {"box_id": "958176507:1:right", "zone": "40703", "street": "Southeast 3rd Street", "side": "right", "length_m": 116.7, "width_m": 2.6000000000000005, "est_spaces": 17, "ambiguous_band_m": 1.3, "calibrated": false, "source": "ParkMobile zone anchors + OSM centreline; lane offset ASSUMED"}}, {"type": "Feature", "geometry": {"type": "Polygon", "coordinates": [[[-80.1882735742945, 25.77260339310451], [-80.18838816312375, 25.772599345246583], [-80.18838715362183, 25.772575842172774], [-80.18827256479258, 25.772579890030702], [-80.1882735742945, 25.77260339310451]]]}, "properties": {"box_id": "42603448:3:left", "zone": "40703", "street": "Southeast 2nd Street", "side": "left", "length_m": 11.5, "width_m": 2.6000000000000005, "est_spaces": 1, "ambiguous_band_m": 1.3, "calibrated": false, "source": "ParkMobile zone anchors + OSM centreline; lane offset ASSUMED"}}, {"type": "Feature", "geometry": {"type": "Polygon", "coordinates": [[[-80.18827613687624, 25.772663054753416], [-80.1883907257055, 25.772659006895488], [-80.18839173520742, 25.772682509969297], [-80.18827714637816, 25.772686557827225], [-80.18827613687624, 25.772663054753416]]]}, "properties": {"box_id": "42603448:3:right", "zone": "40703", "street": "Southeast 2nd Street", "side": "right", "length_m": 11.5, "width_m": 2.6000000000000005, "est_spaces": 1, "ambiguous_band_m": 1.3, "calibrated": false, "source": "ParkMobile zone anchors + OSM centreline; lane offset ASSUMED"}}, {"type": "Feature", "geometry": {"type": "Polygon", "coordinates": [[[-80.19019840506641, 25.7732869094986], [-80.19016546950755, 25.772776881095346], [-80.19013957767304, 25.77277825617781], [-80.19017251323191, 25.773288284581067], [-80.19019840506641, 25.7732869094986]]]}, "properties": {"box_id": "190532765:1:left", "zone": "40703", "street": "Southeast 2nd Avenue", "side": "left", "length_m": 56.5, "width_m": 2.6000000000000005, "est_spaces": 8, "ambiguous_band_m": 1.3, "calibrated": false, "source": "ParkMobile zone anchors + OSM centreline; lane offset ASSUMED"}}, {"type": "Feature", "geometry": {"type": "Polygon", "coordinates": [[[-80.19026413049247, 25.773283418904658], [-80.19023119493359, 25.772773390501403], [-80.19025708676809, 25.772772015418937], [-80.19029002232696, 25.773282043822196], [-80.19026413049247, 25.773283418904658]]]}, "properties": {"box_id": "190532765:1:right", "zone": "40703", "street": "Southeast 2nd Avenue", "side": "right", "length_m": 56.5, "width_m": 2.6000000000000005, "est_spaces": 8, "ambiguous_band_m": 1.3, "calibrated": false, "source": "ParkMobile zone anchors + OSM centreline; lane offset ASSUMED"}}, {"type": "Feature", "geometry": {"type": "Polygon", "coordinates": [[[-80.19465456076583, 25.774579696547484], [-80.19465050771166, 25.77433168823362], [-80.19462457408159, 25.77433203678375], [-80.19462862713574, 25.774580045097615], [-80.19465456076583, 25.774579696547484]]]}, "properties": {"box_id": "11163009:3:left", "zone": "40703", "street": "Northwest Miami Court", "side": "left", "length_m": 27.4, "width_m": 2.6000000000000005, "est_spaces": 4, "ambiguous_band_m": 1.3, "calibrated": false, "source": "ParkMobile zone anchors + OSM centreline; lane offset ASSUMED"}}, {"type": "Feature", "geometry": {"type": "Polygon", "coordinates": [[[-80.19472039228835, 25.774578811766375], [-80.19471633923418, 25.774330803452514], [-80.19474227286426, 25.774330454902383], [-80.19474632591842, 25.774578463216244], [-80.19472039228835, 25.774578811766375]]]}, "properties": {"box_id": "11163009:3:right", "zone": "40703", "street": "Northwest Miami Court", "side": "right", "length_m": 27.4, "width_m": 2.6000000000000005, "est_spaces": 4, "ambiguous_band_m": 1.3, "calibrated": false, "source": "ParkMobile zone anchors + OSM centreline; lane offset ASSUMED"}}, {"type": "Feature", "geometry": {"type": "Polygon", "coordinates": [[[-80.1919638038532, 25.77433151369483], [-80.1919926827562, 25.774990515366817], [-80.19201859869324, 25.774989581360796], [-80.19198971979024, 25.77433057968881], [-80.1919638038532, 25.77433151369483]]]}, "properties": {"box_id": "679910687:1:left", "zone": "40703", "street": "Northeast 1st Avenue", "side": "left", "length_m": 72.9, "width_m": 2.6000000000000005, "est_spaces": 10, "ambiguous_band_m": 1.3, "calibrated": false, "source": "ParkMobile zone anchors + OSM centreline; lane offset ASSUMED"}}, {"type": "Feature", "geometry": {"type": "Polygon", "coordinates": [[[-80.1918980172438, 25.774333884633187], [-80.1919268961468, 25.77499288630517], [-80.19190098020975, 25.77499382031119], [-80.19187210130676, 25.774334818639208], [-80.1918980172438, 25.774333884633187]]]}, "properties": {"box_id": "679910687:1:right", "zone": "40703", "street": "Northeast 1st Avenue", "side": "right", "length_m": 72.9, "width_m": 2.6000000000000005, "est_spaces": 10, "ambiguous_band_m": 1.3, "calibrated": false, "source": "ParkMobile zone anchors + OSM centreline; lane offset ASSUMED"}}, {"type": "Feature", "geometry": {"type": "Polygon", "coordinates": [[[-80.19026328016461, 25.775098690526722], [-80.1902410115146, 25.774437833154543], [-80.1902150870246, 25.774438551574434], [-80.19023735567461, 25.775099408946613], [-80.19026328016461, 25.775098690526722]]]}, "properties": {"box_id": "190525115:1:left", "zone": "40703", "street": "Northeast 2nd Avenue", "side": "left", "length_m": 73.1, "width_m": 2.6000000000000005, "est_spaces": 10, "ambiguous_band_m": 1.3, "calibrated": false, "source": "ParkMobile zone anchors + OSM centreline; lane offset ASSUMED"}}, {"type": "Feature", "geometry": {"type": "Polygon", "coordinates": [[[-80.1903290884854, 25.77509686684546], [-80.19030681983538, 25.774436009473277], [-80.19033274432539, 25.774435291053386], [-80.1903550129754, 25.775096148425565], [-80.1903290884854, 25.77509686684546]]]}, "properties": {"box_id": "190525115:1:right", "zone": "40703", "street": "Northeast 2nd Avenue", "side": "right", "length_m": 73.1, "width_m": 2.6000000000000005, "est_spaces": 10, "ambiguous_band_m": 1.3, "calibrated": false, "source": "ParkMobile zone anchors + OSM centreline; lane offset ASSUMED"}}, {"type": "Feature", "geometry": {"type": "Polygon", "coordinates": [[[-80.18862491941844, 25.774435441630214], [-80.18866224333154, 25.77513999325427], [-80.18868814986942, 25.775138864572405], [-80.18865082595633, 25.774434312948344], [-80.18862491941844, 25.774435441630214]]]}, "properties": {"box_id": "11120894:1:left", "zone": "40703", "street": "Northeast 3rd Avenue", "side": "left", "length_m": 78.0, "width_m": 2.6000000000000005, "est_spaces": 11, "ambiguous_band_m": 1.3, "calibrated": false, "source": "ParkMobile zone anchors + OSM centreline; lane offset ASSUMED"}}, {"type": "Feature", "geometry": {"type": "Polygon", "coordinates": [[[-80.18855915666846, 25.774438306745726], [-80.18859648058155, 25.775142858369783], [-80.18857057404367, 25.775143987051653], [-80.18853325013058, 25.774439435427592], [-80.18855915666846, 25.774438306745726]]]}, "properties": {"box_id": "11120894:1:right", "zone": "40703", "street": "Northeast 3rd Avenue", "side": "right", "length_m": 78.0, "width_m": 2.6000000000000005, "est_spaces": 11, "ambiguous_band_m": 1.3, "calibrated": false, "source": "ParkMobile zone anchors + OSM centreline; lane offset ASSUMED"}}, {"type": "Feature", "geometry": {"type": "Polygon", "coordinates": [[[-80.19457343981924, 25.775071088004726], [-80.19462567290562, 25.77506972963693], [-80.19462492943359, 25.775046218404857], [-80.19457269634721, 25.775047576772653], [-80.19457343981924, 25.775071088004726]]]}, "properties": {"box_id": "11146171:6:left", "zone": "40703", "street": "Northwest 1st Street", "side": "left", "length_m": 5.2, "width_m": 2.6000000000000005, "est_spaces": 0, "ambiguous_band_m": 1.3, "calibrated": false, "source": "ParkMobile zone anchors + OSM centreline; lane offset ASSUMED"}}, {"type": "Feature", "geometry": {"type": "Polygon", "coordinates": [[[-80.19457532709438, 25.77513077036307], [-80.19462756018076, 25.775129411995273], [-80.1946283036528, 25.775152923227346], [-80.19457607056643, 25.775154281595142], [-80.19457532709438, 25.77513077036307]]]}, "properties": {"box_id": "11146171:6:right", "zone": "40703", "street": "Northwest 1st Street", "side": "right", "length_m": 5.2, "width_m": 2.6000000000000005, "est_spaces": 0, "ambiguous_band_m": 1.3, "calibrated": false, "source": "ParkMobile zone anchors + OSM centreline; lane offset ASSUMED"}}, {"type": "Feature", "geometry": {"type": "Polygon", "coordinates": [[[-80.1924677936752, 25.77512208378616], [-80.1934508990309, 25.77510302296143], [-80.19345034464243, 25.77507950743775], [-80.19246723928671, 25.775098568262482], [-80.1924677936752, 25.77512208378616]]]}, "properties": {"box_id": "679910688:2:left", "zone": "40703", "street": "Northeast 1st Street", "side": "left", "length_m": 98.6, "width_m": 2.6000000000000005, "est_spaces": 14, "ambiguous_band_m": 1.3, "calibrated": false, "source": "ParkMobile zone anchors + OSM centreline; lane offset ASSUMED"}}, {"type": "Feature", "geometry": {"type": "Polygon", "coordinates": [[[-80.19246920096907, 25.775181777038572], [-80.19345230632479, 25.77516271621384], [-80.19345286071328, 25.77518623173752], [-80.19246975535756, 25.77520529256225], [-80.19246920096907, 25.775181777038572]]]}, "properties": {"box_id": "679910688:2:right", "zone": "40703", "street": "Northeast 1st Street", "side": "right", "length_m": 98.6, "width_m": 2.6000000000000005, "est_spaces": 14, "ambiguous_band_m": 1.3, "calibrated": false, "source": "ParkMobile zone anchors + OSM centreline; lane offset ASSUMED"}}, {"type": "Feature", "geometry": {"type": "Polygon", "coordinates": [[[-80.19097807230824, 25.775170175373255], [-80.19183034249434, 25.77514215692721], [-80.19182940287112, 25.775118651469818], [-80.19097713268502, 25.775146669915863], [-80.19097807230824, 25.775170175373255]]]}, "properties": {"box_id": "190525109:3:left", "zone": "40703", "street": "Northeast 1st Street", "side": "left", "length_m": 85.5, "width_m": 2.6000000000000005, "est_spaces": 12, "ambiguous_band_m": 1.3, "calibrated": false, "source": "ParkMobile zone anchors + OSM centreline; lane offset ASSUMED"}}, {"type": "Feature", "geometry": {"type": "Polygon", "coordinates": [[[-80.19098045750566, 25.77522984307279], [-80.19183272769176, 25.775201824626745], [-80.19183366731498, 25.775225330084137], [-80.19098139712888, 25.775253348530182], [-80.19098045750566, 25.77522984307279]]]}, "properties": {"box_id": "190525109:3:right", "zone": "40703", "street": "Northeast 1st Street", "side": "right", "length_m": 85.5, "width_m": 2.6000000000000005, "est_spaces": 12, "ambiguous_band_m": 1.3, "calibrated": false, "source": "ParkMobile zone anchors + OSM centreline; lane offset ASSUMED"}}, {"type": "Feature", "geometry": {"type": "Polygon", "coordinates": [[[-80.18952746407963, 25.775218159708913], [-80.18976583548096, 25.775210273094203], [-80.18976488985331, 25.775186767834825], [-80.18952651845198, 25.775194654449535], [-80.18952746407963, 25.775218159708913]]]}, "properties": {"box_id": "230852039:7:left", "zone": "40703", "street": "Northeast 1st Street", "side": "left", "length_m": 23.9, "width_m": 2.6000000000000005, "est_spaces": 3, "ambiguous_band_m": 1.3, "calibrated": false, "source": "ParkMobile zone anchors + OSM centreline; lane offset ASSUMED"}}, {"type": "Feature", "geometry": {"type": "Polygon", "coordinates": [[[-80.18952986451905, 25.775277826905793], [-80.18976823592037, 25.775269940291082], [-80.18976918154802, 25.775293445550464], [-80.18953081014669, 25.77530133216517], [-80.18952986451905, 25.775277826905793]]]}, "properties": {"box_id": "230852039:7:right", "zone": "40703", "street": "Northeast 1st Street", "side": "right", "length_m": 23.9, "width_m": 2.6000000000000005, "est_spaces": 3, "ambiguous_band_m": 1.3, "calibrated": false, "source": "ParkMobile zone anchors + OSM centreline; lane offset ASSUMED"}}, {"type": "Feature", "geometry": {"type": "Polygon", "coordinates": [[[-80.18801556189969, 25.77526815551623], [-80.18815973358024, 25.775263377421982], [-80.18815878634506, 25.775239872215824], [-80.18801461466451, 25.77524465031007], [-80.18801556189969, 25.77526815551623]]]}, "properties": {"box_id": "230852039:1:left", "zone": "40703", "street": "Northeast 1st Street", "side": "left", "length_m": 14.5, "width_m": 2.6000000000000005, "est_spaces": 2, "ambiguous_band_m": 1.3, "calibrated": false, "source": "ParkMobile zone anchors + OSM centreline; lane offset ASSUMED"}}, {"type": "Feature", "geometry": {"type": "Polygon", "coordinates": [[[-80.18801796641976, 25.775327822578017], [-80.18816213810031, 25.77532304448377], [-80.18816308533549, 25.775346549689928], [-80.18801891365494, 25.775351327784175], [-80.18801796641976, 25.775327822578017]]]}, "properties": {"box_id": "230852039:1:right", "zone": "40703", "street": "Northeast 1st Street", "side": "right", "length_m": 14.5, "width_m": 2.6000000000000005, "est_spaces": 2, "ambiguous_band_m": 1.3, "calibrated": false, "source": "ParkMobile zone anchors + OSM centreline; lane offset ASSUMED"}}, {"type": "Feature", "geometry": {"type": "Polygon", "coordinates": [[[-80.18867374007252, 25.77539835802793], [-80.18869756502062, 25.77607002233124], [-80.18872348823912, 25.776069266109097], [-80.18869966329102, 25.775397601805782], [-80.18867374007252, 25.77539835802793]]]}, "properties": {"box_id": "11120894:5:left", "zone": "40703", "street": "Northeast 3rd Avenue", "side": "left", "length_m": 74.3, "width_m": 2.6000000000000005, "est_spaces": 11, "ambiguous_band_m": 1.3, "calibrated": false, "source": "ParkMobile zone anchors + OSM centreline; lane offset ASSUMED"}}, {"type": "Feature", "geometry": {"type": "Polygon", "coordinates": [[[-80.18860793497939, 25.775400277668762], [-80.18863175992749, 25.776071941972077], [-80.18860583670897, 25.77607269819422], [-80.18858201176087, 25.775401033890905], [-80.18860793497939, 25.775400277668762]]]}, "properties": {"box_id": "11120894:5:right", "zone": "40703", "street": "Northeast 3rd Avenue", "side": "right", "length_m": 74.3, "width_m": 2.6000000000000005, "est_spaces": 11, "ambiguous_band_m": 1.3, "calibrated": false, "source": "ParkMobile zone anchors + OSM centreline; lane offset ASSUMED"}}, {"type": "Feature", "geometry": {"type": "Polygon", "coordinates": [[[-80.22083907091019, 25.74650130123846], [-80.22136633769392, 25.746316793346445], [-80.22135700471978, 25.746294848788988], [-80.22082973793604, 25.746479356681004], [-80.22083907091019, 25.74650130123846]]]}, "properties": {"box_id": "11167915:1:left", "zone": "40711", "street": "Southwest 1st Avenue", "side": "left", "length_m": 56.7, "width_m": 2.6000000000000005, "est_spaces": 8, "ambiguous_band_m": 1.3, "calibrated": false, "source": "ParkMobile zone anchors + OSM centreline; lane offset ASSUMED"}}, {"type": "Feature", "geometry": {"type": "Polygon", "coordinates": [[[-80.22086276230607, 25.746557006653553], [-80.2213900290898, 25.746372498761538], [-80.22139936206395, 25.746394443318994], [-80.22087209528021, 25.74657895121101], [-80.22086276230607, 25.746557006653553]]]}, "properties": {"box_id": "11167915:1:right", "zone": "40711", "street": "Southwest 1st Avenue", "side": "right", "length_m": 56.7, "width_m": 2.6000000000000005, "est_spaces": 8, "ambiguous_band_m": 1.3, "calibrated": false, "source": "ParkMobile zone anchors + OSM centreline; lane offset ASSUMED"}}, {"type": "Feature", "geometry": {"type": "Polygon", "coordinates": [[[-80.2321583160252, 25.75030268319784], [-80.23215727295936, 25.750257260164098], [-80.2321313474078, 25.750257749973343], [-80.23213239047365, 25.750303173007087], [-80.2321583160252, 25.75030268319784]]]}, "properties": {"box_id": "534974046:2:left", "zone": "40711", "street": "Southwest 23rd Avenue", "side": "left", "length_m": 5.0, "width_m": 2.6000000000000005, "est_spaces": 0, "ambiguous_band_m": 1.3, "calibrated": false, "source": "ParkMobile zone anchors + OSM centreline; lane offset ASSUMED"}}, {"type": "Feature", "geometry": {"type": "Polygon", "coordinates": [[[-80.23222412704065, 25.750301439835898], [-80.2322230839748, 25.750256016802158], [-80.23224900952636, 25.750255526992913], [-80.2322500525922, 25.750300950026652], [-80.23222412704065, 25.750301439835898]]]}, "properties": {"box_id": "534974046:2:right", "zone": "40711", "street": "Southwest 23rd Avenue", "side": "right", "length_m": 5.0, "width_m": 2.6000000000000005, "est_spaces": 0, "ambiguous_band_m": 1.3, "calibrated": false, "source": "ParkMobile zone anchors + OSM centreline; lane offset ASSUMED"}}, {"type": "Feature", "geometry": {"type": "Polygon", "coordinates": [[[-80.22601235650072, 25.750516091759717], [-80.22601023749891, 25.7504369580028], [-80.22598431392301, 25.750437529121374], [-80.22598643292481, 25.75051666287829], [-80.22601235650072, 25.750516091759717]]]}, "properties": {"box_id": "865490750:2:left", "zone": "40711", "street": "Southwest 19th Avenue", "side": "left", "length_m": 8.8, "width_m": 2.6000000000000005, "est_spaces": 1, "ambiguous_band_m": 1.3, "calibrated": false, "source": "ParkMobile zone anchors + OSM centreline; lane offset ASSUMED"}}, {"type": "Feature", "geometry": {"type": "Polygon", "coordinates": [[[-80.2260781625011, 25.7505146419972], [-80.22607604349929, 25.75043550824028], [-80.2261019670752, 25.750434937121707], [-80.226104086077, 25.750514070878626], [-80.2260781625011, 25.7505146419972]]]}, "properties": {"box_id": "865490750:2:right", "zone": "40711", "street": "Southwest 19th Avenue", "side": "right", "length_m": 8.8, "width_m": 2.6000000000000005, "est_spaces": 1, "ambiguous_band_m": 1.3, "calibrated": false, "source": "ParkMobile zone anchors + OSM centreline; lane offset ASSUMED"}}, {"type": "Feature", "geometry": {"type": "Polygon", "coordinates": [[[-80.23411068941579, 25.75044471206529], [-80.23263548036142, 25.750494952786752], [-80.23263645330395, 25.750518457122407], [-80.23411166235832, 25.75046821640094], [-80.23411068941579, 25.75044471206529]]]}, "properties": {"box_id": "534974044:0:left", "zone": "40711", "street": "Southwest 22nd Street", "side": "left", "length_m": 148.0, "width_m": 2.6000000000000005, "est_spaces": 22, "ambiguous_band_m": 1.3, "calibrated": false, "source": "ParkMobile zone anchors + OSM centreline; lane offset ASSUMED"}}, {"type": "Feature", "geometry": {"type": "Polygon", "coordinates": [[[-80.23410821963857, 25.750385047213246], [-80.23263301058421, 25.75043528793471], [-80.23263203764168, 25.75041178359906], [-80.23410724669604, 25.750361542877595], [-80.23410821963857, 25.750385047213246]]]}, "properties": {"box_id": "534974044:0:right", "zone": "40711", "street": "Southwest 22nd Street", "side": "right", "length_m": 148.0, "width_m": 2.6000000000000005, "est_spaces": 22, "ambiguous_band_m": 1.3, "calibrated": false, "source": "ParkMobile zone anchors + OSM centreline; lane offset ASSUMED"}}, {"type": "Feature", "geometry": {"type": "Polygon", "coordinates": [[[-80.21835989419175, 25.75044865970209], [-80.21834942265316, 25.750183578300696], [-80.2183235080769, 25.750184420544212], [-80.21833397961548, 25.750449501945607], [-80.21835989419175, 25.75044865970209]]]}, "properties": {"box_id": "534976375:0:left", "zone": "40711", "street": "Southwest 14th Avenue", "side": "left", "length_m": 29.3, "width_m": 2.6000000000000005, "est_spaces": 4, "ambiguous_band_m": 1.3, "calibrated": false, "source": "ParkMobile zone anchors + OSM centreline; lane offset ASSUMED"}}, {"type": "Feature", "geometry": {"type": "Polygon", "coordinates": [[[-80.21842567734684, 25.750446521699306], [-80.21841520580826, 25.75018144029791], [-80.21844112038451, 25.750180598054396], [-80.2184515919231, 25.75044567945579], [-80.21842567734684, 25.750446521699306]]]}, "properties": {"box_id": "534976375:0:right", "zone": "40711", "street": "Southwest 14th Avenue", "side": "right", "length_m": 29.3, "width_m": 2.6000000000000005, "est_spaces": 4, "ambiguous_band_m": 1.3, "calibrated": false, "source": "ParkMobile zone anchors + OSM centreline; lane offset ASSUMED"}}, {"type": "Feature", "geometry": {"type": "Polygon", "coordinates": [[[-80.23210934390863, 25.750512825935164], [-80.23115444206486, 25.75054424172251], [-80.23115538199382, 25.75056774716341], [-80.23211028383759, 25.750536331376065], [-80.23210934390863, 25.750512825935164]]]}, "properties": {"box_id": "534974425:0:left", "zone": "40711", "street": "Southwest 22nd Street", "side": "left", "length_m": 95.8, "width_m": 2.6000000000000005, "est_spaces": 14, "ambiguous_band_m": 1.3, "calibrated": false, "source": "ParkMobile zone anchors + OSM centreline; lane offset ASSUMED"}}, {"type": "Feature", "geometry": {"type": "Polygon", "coordinates": [[[-80.23210695793512, 25.750453158277494], [-80.23115205609136, 25.75048457406484], [-80.23115111616241, 25.750461068623938], [-80.23210601800618, 25.750429652836594], [-80.23210695793512, 25.750453158277494]]]}, "properties": {"box_id": "534974425:0:right", "zone": "40711", "street": "Southwest 22nd Street", "side": "right", "length_m": 95.8, "width_m": 2.6000000000000005, "est_spaces": 14, "ambiguous_band_m": 1.3, "calibrated": false, "source": "ParkMobile zone anchors + OSM centreline; lane offset ASSUMED"}}, {"type": "Feature", "geometry": {"type": "Polygon", "coordinates": [[[-80.23271099295474, 25.750548254412596], [-80.23410990463454, 25.750499981853988], [-80.23410891883637, 25.750476477959005], [-80.23271000715657, 25.750524750517613], [-80.23271099295474, 25.750548254412596]]]}, "properties": {"box_id": "534974045:3:left", "zone": "40711", "street": "Southwest 22nd Street", "side": "left", "length_m": 140.4, "width_m": 2.6000000000000005, "est_spaces": 20, "ambiguous_band_m": 1.3, "calibrated": false, "source": "ParkMobile zone anchors + OSM centreline; lane offset ASSUMED"}}, {"type": "Feature", "geometry": {"type": "Polygon", "coordinates": [[[-80.23271349536546, 25.750607918146017], [-80.23411240704526, 25.750559645587405], [-80.23411339284341, 25.75058314948239], [-80.23271448116361, 25.750631422041], [-80.23271349536546, 25.750607918146017]]]}, "properties": {"box_id": "534974045:3:right", "zone": "40711", "street": "Southwest 22nd Street", "side": "right", "length_m": 140.4, "width_m": 2.6000000000000005, "est_spaces": 20, "ambiguous_band_m": 1.3, "calibrated": false, "source": "ParkMobile zone anchors + OSM centreline; lane offset ASSUMED"}}, {"type": "Feature", "geometry": {"type": "Polygon", "coordinates": [[[-80.21624582464428, 25.750395073531696], [-80.21624329388135, 25.750555480824982], [-80.21626922239145, 25.750555817389742], [-80.21627175315437, 25.750395410096456], [-80.21624582464428, 25.750395073531696]]]}, "properties": {"box_id": "190532766:0:left", "zone": "40711", "street": "Southwest 13th Avenue", "side": "left", "length_m": 17.7, "width_m": 2.6000000000000005, "est_spaces": 2, "ambiguous_band_m": 1.3, "calibrated": false, "source": "ParkMobile zone anchors + OSM centreline; lane offset ASSUMED"}}, {"type": "Feature", "geometry": {"type": "Polygon", "coordinates": [[[-80.21618000611865, 25.750394219175014], [-80.21617747535572, 25.7505546264683], [-80.21615154684562, 25.75055428990354], [-80.21615407760855, 25.750393882610254], [-80.21618000611865, 25.750394219175014]]]}, "properties": {"box_id": "190532766:0:right", "zone": "40711", "street": "Southwest 13th Avenue", "side": "right", "length_m": 17.7, "width_m": 2.6000000000000005, "est_spaces": 2, "ambiguous_band_m": 1.3, "calibrated": false, "source": "ParkMobile zone anchors + OSM centreline; lane offset ASSUMED"}}, {"type": "Feature", "geometry": {"type": "Polygon", "coordinates": [[[-80.2290714937343, 25.75061223067279], [-80.22884349960518, 25.75061943997332], [-80.22884440304193, 25.750642946591487], [-80.22907239717105, 25.750635737290956], [-80.2290714937343, 25.75061223067279]]]}, "properties": {"box_id": "534974753:7:left", "zone": "40711", "street": "Southwest 22nd Street", "side": "left", "length_m": 22.9, "width_m": 2.6000000000000005, "est_spaces": 3, "ambiguous_band_m": 1.3, "calibrated": false, "source": "ParkMobile zone anchors + OSM centreline; lane offset ASSUMED"}}, {"type": "Feature", "geometry": {"type": "Polygon", "coordinates": [[[-80.22906920039482, 25.750552560026684], [-80.2288412062657, 25.75055976932721], [-80.22884030282894, 25.750536262709044], [-80.22906829695806, 25.750529053408513], [-80.22906920039482, 25.750552560026684]]]}, "properties": {"box_id": "534974753:7:right", "zone": "40711", "street": "Southwest 22nd Street", "side": "right", "length_m": 22.9, "width_m": 2.6000000000000005, "est_spaces": 3, "ambiguous_band_m": 1.3, "calibrated": false, "source": "ParkMobile zone anchors + OSM centreline; lane offset ASSUMED"}}, {"type": "Feature", "geometry": {"type": "Polygon", "coordinates": [[[-80.23031333525319, 25.750629334337475], [-80.2321000401205, 25.750569599286703], [-80.23209908496469, 25.75054609435077], [-80.23031238009737, 25.750605829401543], [-80.23031333525319, 25.750629334337475]]]}, "properties": {"box_id": "534974426:1:left", "zone": "40711", "street": "Southwest 22nd Street", "side": "left", "length_m": 179.3, "width_m": 2.6000000000000005, "est_spaces": 26, "ambiguous_band_m": 1.3, "calibrated": false, "source": "ParkMobile zone anchors + OSM centreline; lane offset ASSUMED"}}, {"type": "Feature", "geometry": {"type": "Polygon", "coordinates": [[[-80.23031575987949, 25.7506890007133], [-80.23210246474682, 25.75062926566253], [-80.23210341990263, 25.75065277059846], [-80.2303167150353, 25.75071250564923], [-80.23031575987949, 25.7506890007133]]]}, "properties": {"box_id": "534974426:1:right", "zone": "40711", "street": "Southwest 22nd Street", "side": "right", "length_m": 179.3, "width_m": 2.6000000000000005, "est_spaces": 26, "ambiguous_band_m": 1.3, "calibrated": false, "source": "ParkMobile zone anchors + OSM centreline; lane offset ASSUMED"}}, {"type": "Feature", "geometry": {"type": "Polygon", "coordinates": [[[-80.2270107553799, 25.7506792478915], [-80.22653865195616, 25.750694919060315], [-80.22653960030065, 25.75071842422315], [-80.2270117037244, 25.75070275305434], [-80.2270107553799, 25.7506792478915]]]}, "properties": {"box_id": "534974941:4:left", "zone": "40711", "street": "Southwest 22nd Street", "side": "left", "length_m": 47.4, "width_m": 2.6000000000000005, "est_spaces": 7, "ambiguous_band_m": 1.3, "calibrated": false, "source": "ParkMobile zone anchors + OSM centreline; lane offset ASSUMED"}}, {"type": "Feature", "geometry": {"type": "Polygon", "coordinates": [[[-80.22700834804384, 25.750619580939688], [-80.2265362446201, 25.7506352521085], [-80.2265352962756, 25.750611746945662], [-80.22700739969935, 25.750596075776848], [-80.22700834804384, 25.750619580939688]]]}, "properties": {"box_id": "534974941:4:right", "zone": "40711", "street": "Southwest 22nd Street", "side": "right", "length_m": 47.4, "width_m": 2.6000000000000005, "est_spaces": 7, "ambiguous_band_m": 1.3, "calibrated": false, "source": "ParkMobile zone anchors + OSM centreline; lane offset ASSUMED"}}, {"type": "Feature", "geometry": {"type": "Polygon", "coordinates": [[[-80.21998945084123, 25.750632498849], [-80.21998957444613, 25.750693992292668], [-80.22001550561993, 25.750693949409087], [-80.22001538201502, 25.750632455965416], [-80.21998945084123, 25.750632498849]]]}, "properties": {"box_id": "535234523:2:left", "zone": "40711", "street": "Southwest 16th Avenue", "side": "left", "length_m": 6.8, "width_m": 2.6000000000000005, "est_spaces": 1, "ambiguous_band_m": 1.3, "calibrated": false, "source": "ParkMobile zone anchors + OSM centreline; lane offset ASSUMED"}}, {"type": "Feature", "geometry": {"type": "Polygon", "coordinates": [[[-80.21992362555388, 25.75063260770733], [-80.21992374915878, 25.750694101150998], [-80.21989781798499, 25.750694144034583], [-80.21989769438008, 25.750632650590916], [-80.21992362555388, 25.75063260770733]]]}, "properties": {"box_id": "535234523:2:right", "zone": "40711", "street": "Southwest 16th Avenue", "side": "right", "length_m": 6.8, "width_m": 2.6000000000000005, "est_spaces": 1, "ambiguous_band_m": 1.3, "calibrated": false, "source": "ParkMobile zone anchors + OSM centreline; lane offset ASSUMED"}}, {"type": "Feature", "geometry": {"type": "Polygon", "coordinates": [[[-80.22831403579697, 25.750694125452647], [-80.22947782541195, 25.75065820219684], [-80.22947694346395, 25.750634694907244], [-80.22831315384896, 25.750670618163053], [-80.22831403579697, 25.750694125452647]]]}, "properties": {"box_id": "534974752:1:left", "zone": "40711", "street": "Southwest 22nd Street", "side": "left", "length_m": 116.8, "width_m": 2.6000000000000005, "est_spaces": 17, "ambiguous_band_m": 1.3, "calibrated": false, "source": "ParkMobile zone anchors + OSM centreline; lane offset ASSUMED"}}, {"type": "Feature", "geometry": {"type": "Polygon", "coordinates": [[[-80.22831627458804, 25.750753797803156], [-80.22948006420302, 25.750717874547348], [-80.22948094615103, 25.750741381836942], [-80.22831715653605, 25.75077730509275], [-80.22831627458804, 25.750753797803156]]]}, "properties": {"box_id": "534974752:1:right", "zone": "40711", "street": "Southwest 22nd Street", "side": "right", "length_m": 116.8, "width_m": 2.6000000000000005, "est_spaces": 17, "ambiguous_band_m": 1.3, "calibrated": false, "source": "ParkMobile zone anchors + OSM centreline; lane offset ASSUMED"}}, {"type": "Feature", "geometry": {"type": "Polygon", "coordinates": [[[-80.22497270695989, 25.750748145586076], [-80.22455909545238, 25.750762418147385], [-80.22456008125116, 25.750785922042386], [-80.22497369275867, 25.750771649481077], [-80.22497270695989, 25.750748145586076]]]}, "properties": {"box_id": "534753147:3:left", "zone": "40711", "street": "Southwest 22nd Street", "side": "left", "length_m": 41.5, "width_m": 2.6000000000000005, "est_spaces": 6, "ambiguous_band_m": 1.3, "calibrated": false, "source": "ParkMobile zone anchors + OSM centreline; lane offset ASSUMED"}}, {"type": "Feature", "geometry": {"type": "Polygon", "coordinates": [[[-80.22497020454763, 25.750688481852617], [-80.2245565930401, 25.750702754413926], [-80.22455560724133, 25.750679250518925], [-80.22496921874885, 25.750664977957616], [-80.22497020454763, 25.750688481852617]]]}, "properties": {"box_id": "534753147:3:right", "zone": "40711", "street": "Southwest 22nd Street", "side": "right", "length_m": 41.5, "width_m": 2.6000000000000005, "est_spaces": 6, "ambiguous_band_m": 1.3, "calibrated": false, "source": "ParkMobile zone anchors + OSM centreline; lane offset ASSUMED"}}, {"type": "Feature", "geometry": {"type": "Polygon", "coordinates": [[[-80.23416181283783, 25.75083616531566], [-80.23415719716517, 25.750708897758248], [-80.23413127989365, 25.750709671090394], [-80.2341358955663, 25.750836938647808], [-80.23416181283783, 25.75083616531566]]]}, "properties": {"box_id": "866514919:13:left", "zone": "40711", "street": "Southwest 24th Avenue", "side": "left", "length_m": 14.1, "width_m": 2.6000000000000005, "est_spaces": 2, "ambiguous_band_m": 1.3, "calibrated": false, "source": "ParkMobile zone anchors + OSM centreline; lane offset ASSUMED"}}, {"type": "Feature", "geometry": {"type": "Polygon", "coordinates": [[[-80.23422760283482, 25.750834202241755], [-80.23422298716217, 25.750706934684338], [-80.2342489044337, 25.750706161352195], [-80.23425352010635, 25.75083342890961], [-80.23422760283482, 25.750834202241755]]]}, "properties": {"box_id": "866514919:13:right", "zone": "40711", "street": "Southwest 24th Avenue", "side": "right", "length_m": 14.1, "width_m": 2.6000000000000005, "est_spaces": 2, "ambiguous_band_m": 1.3, "calibrated": false, "source": "ParkMobile zone anchors + OSM centreline; lane offset ASSUMED"}}, {"type": "Feature", "geometry": {"type": "Polygon", "coordinates": [[[-80.2236112543546, 25.750789035008967], [-80.22218613513682, 25.750839925667314], [-80.2221871552395, 25.75086342835797], [-80.22361227445727, 25.750812537699623], [-80.2236112543546, 25.750789035008967]]]}, "properties": {"box_id": "534975747:1:left", "zone": "40711", "street": "Southwest 22nd Street", "side": "left", "length_m": 143.0, "width_m": 2.6000000000000005, "est_spaces": 21, "ambiguous_band_m": 1.3, "calibrated": false, "source": "ParkMobile zone anchors + OSM centreline; lane offset ASSUMED"}}, {"type": "Feature", "geometry": {"type": "Polygon", "coordinates": [[[-80.22360866486318, 25.750729374332685], [-80.22218354564541, 25.750780264991036], [-80.22218252554273, 25.75075676230038], [-80.2236076447605, 25.75070587164203], [-80.22360866486318, 25.750729374332685]]]}, "properties": {"box_id": "534975747:1:right", "zone": "40711", "street": "Southwest 22nd Street", "side": "right", "length_m": 143.0, "width_m": 2.6000000000000005, "est_spaces": 21, "ambiguous_band_m": 1.3, "calibrated": false, "source": "ParkMobile zone anchors + OSM centreline; lane offset ASSUMED"}}, {"type": "Feature", "geometry": {"type": "Polygon", "coordinates": [[[-80.22658844456801, 25.75075145184683], [-80.2271749478386, 25.750731981209803], [-80.22717399939272, 25.750708476050292], [-80.22658749612212, 25.75072794668732], [-80.22658844456801, 25.75075145184683]]]}, "properties": {"box_id": "534974942:1:left", "zone": "40711", "street": "Southwest 22nd Street", "side": "left", "length_m": 58.8, "width_m": 2.6000000000000005, "est_spaces": 8, "ambiguous_band_m": 1.3, "calibrated": false, "source": "ParkMobile zone anchors + OSM centreline; lane offset ASSUMED"}}, {"type": "Feature", "geometry": {"type": "Polygon", "coordinates": [[[-80.2265908521614, 25.750811118790196], [-80.22717735543199, 25.750791648153168], [-80.22717830387788, 25.75081515331268], [-80.22659180060728, 25.750834623949707], [-80.2265908521614, 25.750811118790196]]]}, "properties": {"box_id": "534974942:1:right", "zone": "40711", "street": "Southwest 22nd Street", "side": "right", "length_m": 58.8, "width_m": 2.6000000000000005, "est_spaces": 8, "ambiguous_band_m": 1.3, "calibrated": false, "source": "ParkMobile zone anchors + OSM centreline; lane offset ASSUMED"}}, {"type": "Feature", "geometry": {"type": "Polygon", "coordinates": [[[-80.23214213614995, 25.750823815676036], [-80.23214009257335, 25.75077820902735], [-80.23211418267647, 25.750779164213533], [-80.23211622625307, 25.75082477086222], [-80.23214213614995, 25.750823815676036]]]}, "properties": {"box_id": "981459948:5:left", "zone": "40711", "street": "Southwest 23rd Avenue", "side": "left", "length_m": 5.0, "width_m": 2.6000000000000005, "est_spaces": 0, "ambiguous_band_m": 1.3, "calibrated": false, "source": "ParkMobile zone anchors + OSM centreline; lane offset ASSUMED"}}, {"type": "Feature", "geometry": {"type": "Polygon", "coordinates": [[[-80.23220790742666, 25.75082139097265], [-80.23220586385006, 25.75077578432396], [-80.23223177374693, 25.750774829137775], [-80.23223381732353, 25.750820435786462], [-80.23220790742666, 25.75082139097265]]]}, "properties": {"box_id": "981459948:5:right", "zone": "40711", "street": "Southwest 23rd Avenue", "side": "right", "length_m": 5.0, "width_m": 2.6000000000000005, "est_spaces": 0, "ambiguous_band_m": 1.3, "calibrated": false, "source": "ParkMobile zone anchors + OSM centreline; lane offset ASSUMED"}}, {"type": "Feature", "geometry": {"type": "Polygon", "coordinates": [[[-80.22453555604918, 25.75081497354793], [-80.22523495746712, 25.75079195881094], [-80.22523401733719, 25.750768453376555], [-80.22453461591925, 25.750791468113547], [-80.22453555604918, 25.75081497354793]]]}, "properties": {"box_id": "534975751:2:left", "zone": "40711", "street": "Southwest 22nd Street", "side": "left", "length_m": 70.2, "width_m": 2.6000000000000005, "est_spaces": 10, "ambiguous_band_m": 1.3, "calibrated": false, "source": "ParkMobile zone anchors + OSM centreline; lane offset ASSUMED"}}, {"type": "Feature", "geometry": {"type": "Polygon", "coordinates": [[[-80.22453794253288, 25.75087464118906], [-80.22523734395082, 25.75085162645207], [-80.22523828408075, 25.750875131886453], [-80.22453888266281, 25.750898146623445], [-80.22453794253288, 25.75087464118906]]]}, "properties": {"box_id": "534975751:2:right", "zone": "40711", "street": "Southwest 22nd Street", "side": "right", "length_m": 70.2, "width_m": 2.6000000000000005, "est_spaces": 10, "ambiguous_band_m": 1.3, "calibrated": false, "source": "ParkMobile zone anchors + OSM centreline; lane offset ASSUMED"}}, {"type": "Feature", "geometry": {"type": "Polygon", "coordinates": [[[-80.2208885518266, 25.75087316619458], [-80.22002429066632, 25.75089511730497], [-80.22002501649685, 25.750918628986614], [-80.22088927765715, 25.750896677876224], [-80.2208885518266, 25.75087316619458]]]}, "properties": {"box_id": "534649399:0:left", "zone": "40711", "street": "Southwest 22nd Street", "side": "left", "length_m": 86.7, "width_m": 2.6000000000000005, "est_spaces": 12, "ambiguous_band_m": 1.3, "calibrated": false, "source": "ParkMobile zone anchors + OSM centreline; lane offset ASSUMED"}}, {"type": "Feature", "geometry": {"type": "Polygon", "coordinates": [[[-80.22088670933368, 25.750813482695026], [-80.2200224481734, 25.750835433805413], [-80.22002172234285, 25.750811922123773], [-80.22088598350314, 25.750789971013383], [-80.22088670933368, 25.750813482695026]]]}, "properties": {"box_id": "534649399:0:right", "zone": "40711", "street": "Southwest 22nd Street", "side": "right", "length_m": 86.7, "width_m": 2.6000000000000005, "est_spaces": 12, "ambiguous_band_m": 1.3, "calibrated": false, "source": "ParkMobile zone anchors + OSM centreline; lane offset ASSUMED"}}, {"type": "Feature", "geometry": {"type": "Polygon", "coordinates": [[[-80.21954621840287, 25.750907994979535], [-80.21875384896104, 25.750929485240913], [-80.21875462398319, 25.750952995630783], [-80.21954699342501, 25.750931505369405], [-80.21954621840287, 25.750907994979535]]]}, "properties": {"box_id": "534652244:2:left", "zone": "40711", "street": "Southwest 22nd Street", "side": "left", "length_m": 79.5, "width_m": 2.6000000000000005, "est_spaces": 11, "ambiguous_band_m": 1.3, "calibrated": false, "source": "ParkMobile zone anchors + OSM centreline; lane offset ASSUMED"}}, {"type": "Feature", "geometry": {"type": "Polygon", "coordinates": [[[-80.21954425103895, 25.750848314759086], [-80.21875188159713, 25.750869805020464], [-80.21875110657498, 25.75084629463059], [-80.21954347601681, 25.750824804369213], [-80.21954425103895, 25.750848314759086]]]}, "properties": {"box_id": "534652244:2:right", "zone": "40711", "street": "Southwest 22nd Street", "side": "right", "length_m": 79.5, "width_m": 2.6000000000000005, "est_spaces": 11, "ambiguous_band_m": 1.3, "calibrated": false, "source": "ParkMobile zone anchors + OSM centreline; lane offset ASSUMED"}}, {"type": "Feature", "geometry": {"type": "Polygon", "coordinates": [[[-80.22235372671324, 25.750890017852157], [-80.22293913261424, 25.750870316310095], [-80.2229381711372, 25.75084681158613], [-80.2223527652362, 25.75086651312819], [-80.22235372671324, 25.750890017852157]]]}, "properties": {"box_id": "237322779:2:left", "zone": "40711", "street": "Southwest 22nd Street", "side": "left", "length_m": 58.7, "width_m": 2.6000000000000005, "est_spaces": 8, "ambiguous_band_m": 1.3, "calibrated": false, "source": "ParkMobile zone anchors + OSM centreline; lane offset ASSUMED"}}, {"type": "Feature", "geometry": {"type": "Polygon", "coordinates": [[[-80.22235616738575, 25.750949683689907], [-80.22294157328676, 25.750929982147845], [-80.2229425347638, 25.75095348687181], [-80.2223571288628, 25.75097318841387], [-80.22235616738575, 25.750949683689907]]]}, "properties": {"box_id": "237322779:2:right", "zone": "40711", "street": "Southwest 22nd Street", "side": "right", "length_m": 58.7, "width_m": 2.6000000000000005, "est_spaces": 8, "ambiguous_band_m": 1.3, "calibrated": false, "source": "ParkMobile zone anchors + OSM centreline; lane offset ASSUMED"}}, {"type": "Feature", "geometry": {"type": "Polygon", "coordinates": [[[-80.21726247260463, 25.75097109940228], [-80.21719309608578, 25.75097307799924], [-80.21719391102444, 25.750996587278625], [-80.21726328754328, 25.750994608681662], [-80.21726247260463, 25.75097109940228]]]}, "properties": {"box_id": "190532871:4:left", "zone": "40711", "street": "Southwest 22nd Street", "side": "left", "length_m": 7.0, "width_m": 2.6000000000000005, "est_spaces": 1, "ambiguous_band_m": 1.3, "calibrated": false, "source": "ParkMobile zone anchors + OSM centreline; lane offset ASSUMED"}}, {"type": "Feature", "geometry": {"type": "Polygon", "coordinates": [[[-80.21726040391422, 25.75091142200076], [-80.21719102739537, 25.750913400597724], [-80.21719021245671, 25.75088989131834], [-80.21725958897557, 25.750887912721378], [-80.21726040391422, 25.75091142200076]]]}, "properties": {"box_id": "190532871:4:right", "zone": "40711", "street": "Southwest 22nd Street", "side": "right", "length_m": 7.0, "width_m": 2.6000000000000005, "est_spaces": 1, "ambiguous_band_m": 1.3, "calibrated": false, "source": "ParkMobile zone anchors + OSM centreline; lane offset ASSUMED"}}, {"type": "Feature", "geometry": {"type": "Polygon", "coordinates": [[[-80.21563498615582, 25.751017416721073], [-80.21517249362917, 25.751031954352612], [-80.21517339172628, 25.751055461139217], [-80.21563588425295, 25.751040923507677], [-80.21563498615582, 25.751017416721073]]]}, "properties": {"box_id": "534978479:2:left", "zone": "40711", "street": "Southwest 22nd Street", "side": "left", "length_m": 46.4, "width_m": 2.6000000000000005, "est_spaces": 6, "ambiguous_band_m": 1.3, "calibrated": false, "source": "ParkMobile zone anchors + OSM centreline; lane offset ASSUMED"}}, {"type": "Feature", "geometry": {"type": "Polygon", "coordinates": [[[-80.21563270637083, 25.750957745647383], [-80.21517021384417, 25.750972283278927], [-80.21516931574705, 25.750948776492322], [-80.21563180827371, 25.75093423886078], [-80.21563270637083, 25.750957745647383]]]}, "properties": {"box_id": "534978479:2:right", "zone": "40711", "street": "Southwest 22nd Street", "side": "right", "length_m": 46.4, "width_m": 2.6000000000000005, "est_spaces": 6, "ambiguous_band_m": 1.3, "calibrated": false, "source": "ParkMobile zone anchors + OSM centreline; lane offset ASSUMED"}}, {"type": "Feature", "geometry": {"type": "Polygon", "coordinates": [[[-80.21875322596593, 25.750985490576316], [-80.21954868963486, 25.750964827000537], [-80.21954794729578, 25.750941315742935], [-80.21875248362686, 25.750961979318713], [-80.21875322596593, 25.750985490576316]]]}, "properties": {"box_id": "534652245:1:left", "zone": "40711", "street": "Southwest 22nd Street", "side": "left", "length_m": 79.8, "width_m": 2.6000000000000005, "est_spaces": 11, "ambiguous_band_m": 1.3, "calibrated": false, "source": "ParkMobile zone anchors + OSM centreline; lane offset ASSUMED"}}, {"type": "Feature", "geometry": {"type": "Polygon", "coordinates": [[[-80.21875511036514, 25.751045172999465], [-80.21955057403407, 25.75102450942369], [-80.21955131637314, 25.75104802068129], [-80.21875585270422, 25.751068684257067], [-80.21875511036514, 25.751045172999465]]]}, "properties": {"box_id": "534652245:1:right", "zone": "40711", "street": "Southwest 22nd Street", "side": "right", "length_m": 79.8, "width_m": 2.6000000000000005, "est_spaces": 11, "ambiguous_band_m": 1.3, "calibrated": false, "source": "ParkMobile zone anchors + OSM centreline; lane offset ASSUMED"}}, {"type": "Feature", "geometry": {"type": "Polygon", "coordinates": [[[-80.21726298390826, 25.751027217033855], [-80.2183260662643, 25.750995707924005], [-80.21832521936258, 25.750972199574065], [-80.21726213700654, 25.751003708683914], [-80.21726298390826, 25.751027217033855]]]}, "properties": {"box_id": "237322781:7:left", "zone": "40711", "street": "Southwest 22nd Street", "side": "left", "length_m": 106.6, "width_m": 2.6000000000000005, "est_spaces": 15, "ambiguous_band_m": 1.3, "calibrated": false, "source": "ParkMobile zone anchors + OSM centreline; lane offset ASSUMED"}}, {"type": "Feature", "geometry": {"type": "Polygon", "coordinates": [[[-80.21726513373571, 25.751086892076], [-80.21832821609175, 25.75105538296615], [-80.21832906299346, 25.75107889131609], [-80.21726598063742, 25.75111040042594], [-80.21726513373571, 25.751086892076]]]}, "properties": {"box_id": "237322781:7:right", "zone": "40711", "street": "Southwest 22nd Street", "side": "right", "length_m": 106.6, "width_m": 2.6000000000000005, "est_spaces": 15, "ambiguous_band_m": 1.3, "calibrated": false, "source": "ParkMobile zone anchors + OSM centreline; lane offset ASSUMED"}}, {"type": "Feature", "geometry": {"type": "Polygon", "coordinates": [[[-80.21511960073926, 25.751081735572757], [-80.2153424553642, 25.751076378490424], [-80.21534176837464, 25.75105286584865], [-80.21511891374969, 25.751058222930983], [-80.21511960073926, 25.751081735572757]]]}, "properties": {"box_id": "237322780:4:left", "zone": "40711", "street": "Southwest 22nd Street", "side": "left", "length_m": 22.4, "width_m": 2.6000000000000005, "est_spaces": 3, "ambiguous_band_m": 1.3, "calibrated": false, "source": "ParkMobile zone anchors + OSM centreline; lane offset ASSUMED"}}, {"type": "Feature", "geometry": {"type": "Polygon", "coordinates": [[[-80.21512134463582, 25.751141421509573], [-80.21534419926076, 25.751136064427243], [-80.21534488625032, 25.751159577069018], [-80.21512203162537, 25.751164934151348], [-80.21512134463582, 25.751141421509573]]]}, "properties": {"box_id": "237322780:4:right", "zone": "40711", "street": "Southwest 22nd Street", "side": "right", "length_m": 22.4, "width_m": 2.6000000000000005, "est_spaces": 3, "ambiguous_band_m": 1.3, "calibrated": false, "source": "ParkMobile zone anchors + OSM centreline; lane offset ASSUMED"}}, {"type": "Feature", "geometry": {"type": "Polygon", "coordinates": [[[-80.22809393896212, 25.75141731436433], [-80.22807118932509, 25.750909107940075], [-80.22804527925642, 25.7509100621812], [-80.22806802889343, 25.751418268605452], [-80.22809393896212, 25.75141731436433]]]}, "properties": {"box_id": "976501274:18:left", "zone": "40711", "street": "Southwest 21st Avenue", "side": "left", "length_m": 56.2, "width_m": 2.6000000000000005, "est_spaces": 8, "ambiguous_band_m": 1.3, "calibrated": false, "source": "ParkMobile zone anchors + OSM centreline; lane offset ASSUMED"}}, {"type": "Feature", "geometry": {"type": "Polygon", "coordinates": [[[-80.22815971067489, 25.751414892059927], [-80.22813696103788, 25.750906685635673], [-80.22816287110655, 25.75090573139455], [-80.22818562074356, 25.7514139378188], [-80.22815971067489, 25.751414892059927]]]}, "properties": {"box_id": "976501274:18:right", "zone": "40711", "street": "Southwest 21st Avenue", "side": "right", "length_m": 56.2, "width_m": 2.6000000000000005, "est_spaces": 8, "ambiguous_band_m": 1.3, "calibrated": false, "source": "ParkMobile zone anchors + OSM centreline; lane offset ASSUMED"}}, {"type": "Feature", "geometry": {"type": "Polygon", "coordinates": [[[-80.22401347961909, 25.751551272857437], [-80.22399886227454, 25.75125953785539], [-80.22397295756598, 25.751260605711956], [-80.22398757491051, 25.751552340714003], [-80.22401347961909, 25.751551272857437]]]}, "properties": {"box_id": "534975912:3:left", "zone": "40711", "street": "Southwest 18th Avenue", "side": "left", "length_m": 32.3, "width_m": 2.6000000000000005, "est_spaces": 4, "ambiguous_band_m": 1.3, "calibrated": false, "source": "ParkMobile zone anchors + OSM centreline; lane offset ASSUMED"}}, {"type": "Feature", "geometry": {"type": "Polygon", "coordinates": [[[-80.22407923772545, 25.75154856214461], [-80.22406462038091, 25.751256827142562], [-80.2240905250895, 25.751255759285996], [-80.22410514243403, 25.751547494288044], [-80.22407923772545, 25.75154856214461]]]}, "properties": {"box_id": "534975912:3:right", "zone": "40711", "street": "Southwest 18th Avenue", "side": "right", "length_m": 32.3, "width_m": 2.6000000000000005, "est_spaces": 4, "ambiguous_band_m": 1.3, "calibrated": false, "source": "ParkMobile zone anchors + OSM centreline; lane offset ASSUMED"}}, {"type": "Feature", "geometry": {"type": "Polygon", "coordinates": [[[-80.21838725761147, 25.751454875423693], [-80.21837695983079, 25.751197691610336], [-80.21835104548988, 25.751198545290404], [-80.21836134327056, 25.75145572910376], [-80.21838725761147, 25.751454875423693]]]}, "properties": {"box_id": "1391469793:2:left", "zone": "40711", "street": "Southwest 14th Avenue", "side": "left", "length_m": 28.4, "width_m": 2.6000000000000005, "est_spaces": 4, "ambiguous_band_m": 1.3, "calibrated": false, "source": "ParkMobile zone anchors + OSM centreline; lane offset ASSUMED"}}, {"type": "Feature", "geometry": {"type": "Polygon", "coordinates": [[[-80.2184530401692, 25.751452708389664], [-80.21844274238852, 25.751195524576303], [-80.21846865672944, 25.751194670896236], [-80.21847895451012, 25.751451854709597], [-80.2184530401692, 25.751452708389664]]]}, "properties": {"box_id": "1391469793:2:right", "zone": "40711", "street": "Southwest 14th Avenue", "side": "right", "length_m": 28.4, "width_m": 2.6000000000000005, "est_spaces": 4, "ambiguous_band_m": 1.3, "calibrated": false, "source": "ParkMobile zone anchors + OSM centreline; lane offset ASSUMED"}}, {"type": "Feature", "geometry": {"type": "Polygon", "coordinates": [[[-80.21618196175686, 25.751447632441668], [-80.21618645775182, 25.75174143890071], [-80.21621238664919, 25.75174111245983], [-80.21620789065423, 25.751447306000788], [-80.21618196175686, 25.751447632441668]]]}, "properties": {"box_id": "237322778:3:left", "zone": "40711", "street": "Southwest 13th Avenue", "side": "left", "length_m": 32.5, "width_m": 2.6000000000000005, "est_spaces": 4, "ambiguous_band_m": 1.3, "calibrated": false, "source": "ParkMobile zone anchors + OSM centreline; lane offset ASSUMED"}}, {"type": "Feature", "geometry": {"type": "Polygon", "coordinates": [[[-80.21611614224817, 25.75144846109929], [-80.21612063824313, 25.75174226755833], [-80.21609470934577, 25.75174259399921], [-80.21609021335081, 25.751448787540173], [-80.21611614224817, 25.75144846109929]]]}, "properties": {"box_id": "237322778:3:right", "zone": "40711", "street": "Southwest 13th Avenue", "side": "right", "length_m": 32.5, "width_m": 2.6000000000000005, "est_spaces": 4, "ambiguous_band_m": 1.3, "calibrated": false, "source": "ParkMobile zone anchors + OSM centreline; lane offset ASSUMED"}}, {"type": "Feature", "geometry": {"type": "Polygon", "coordinates": [[[-80.22245327292359, 25.751560340841092], [-80.22272102148507, 25.75154961045981], [-80.22271987685819, 25.75152611248744], [-80.2224521282967, 25.75153684286872], [-80.22245327292359, 25.751560340841092]]]}, "properties": {"box_id": "844638051:3:left", "zone": "40711", "street": "Southwest 21st Terrace", "side": "left", "length_m": 26.9, "width_m": 2.6000000000000005, "est_spaces": 4, "ambiguous_band_m": 1.3, "calibrated": false, "source": "ParkMobile zone anchors + OSM centreline; lane offset ASSUMED"}}, {"type": "Feature", "geometry": {"type": "Polygon", "coordinates": [[[-80.22245617851492, 25.75161998954019], [-80.22272392707642, 25.751609259158908], [-80.22272507170331, 25.751632757131276], [-80.22245732314181, 25.75164348751256], [-80.22245617851492, 25.75161998954019]]]}, "properties": {"box_id": "844638051:3:right", "zone": "40711", "street": "Southwest 21st Terrace", "side": "right", "length_m": 26.9, "width_m": 2.6000000000000005, "est_spaces": 4, "ambiguous_band_m": 1.3, "calibrated": false, "source": "ParkMobile zone anchors + OSM centreline; lane offset ASSUMED"}}, {"type": "Feature", "geometry": {"type": "Polygon", "coordinates": [[[-80.22420281766261, 25.75158419989625], [-80.22591882417673, 25.751526034856177], [-80.22591785581041, 25.75150253036471], [-80.22420184929629, 25.751560695404784], [-80.22420281766261, 25.75158419989625]]]}, "properties": {"box_id": "844638051:15:left", "zone": "40711", "street": "Southwest 21st Terrace", "side": "left", "length_m": 172.2, "width_m": 2.6000000000000005, "est_spaces": 25, "ambiguous_band_m": 1.3, "calibrated": false, "source": "ParkMobile zone anchors + OSM centreline; lane offset ASSUMED"}}, {"type": "Feature", "geometry": {"type": "Polygon", "coordinates": [[[-80.22420527582328, 25.751643865143823], [-80.2259212823374, 25.75158570010375], [-80.22592225070372, 25.751609204595216], [-80.2242062441896, 25.751667369635292], [-80.22420527582328, 25.751643865143823]]]}, "properties": {"box_id": "844638051:15:right", "zone": "40711", "street": "Southwest 21st Terrace", "side": "right", "length_m": 172.2, "width_m": 2.6000000000000005, "est_spaces": 25, "ambiguous_band_m": 1.3, "calibrated": false, "source": "ParkMobile zone anchors + OSM centreline; lane offset ASSUMED"}}, {"type": "Feature", "geometry": {"type": "Polygon", "coordinates": [[[-80.22812852727537, 25.75252037824497], [-80.22812496026414, 25.752363855663017], [-80.22809903414334, 25.752364341747978], [-80.22810260115456, 25.75252086432993], [-80.22812852727537, 25.75252037824497]]]}, "properties": {"box_id": "976501274:14:left", "zone": "40711", "street": "Southwest 21st Avenue", "side": "left", "length_m": 17.3, "width_m": 2.6000000000000005, "est_spaces": 2, "ambiguous_band_m": 1.3, "calibrated": false, "source": "ParkMobile zone anchors + OSM centreline; lane offset ASSUMED"}}, {"type": "Feature", "geometry": {"type": "Polygon", "coordinates": [[[-80.22819433973586, 25.75251914433699], [-80.22819077272463, 25.752362621755033], [-80.22821669884543, 25.752362135670072], [-80.22822026585666, 25.752518658252026], [-80.22819433973586, 25.75251914433699]]]}, "properties": {"box_id": "976501274:14:right", "zone": "40711", "street": "Southwest 21st Avenue", "side": "right", "length_m": 17.3, "width_m": 2.6000000000000005, "est_spaces": 2, "ambiguous_band_m": 1.3, "calibrated": false, "source": "ParkMobile zone anchors + OSM centreline; lane offset ASSUMED"}}, {"type": "Feature", "geometry": {"type": "Polygon", "coordinates": [[[-80.24628422997047, 25.747776401753555], [-80.24628105784407, 25.747727075187992], [-80.24625517122556, 25.74772844489224], [-80.24625834335197, 25.7477777714578], [-80.24628422997047, 25.747776401753555]]]}, "properties": {"box_id": "1420445662:1:left", "zone": "40712", "street": "Southwest 32nd Avenue", "side": "left", "length_m": 5.5, "width_m": 2.6000000000000005, "est_spaces": 0, "ambiguous_band_m": 1.3, "calibrated": false, "source": "ParkMobile zone anchors + OSM centreline; lane offset ASSUMED"}}, {"type": "Feature", "geometry": {"type": "Polygon", "coordinates": [[[-80.24634994215592, 25.747772924812004], [-80.2463467700295, 25.747723598246445], [-80.24637265664802, 25.747722228542198], [-80.24637582877442, 25.74777155510776], [-80.24634994215592, 25.747772924812004]]]}, "properties": {"box_id": "1420445662:1:right", "zone": "40712", "street": "Southwest 32nd Avenue", "side": "right", "length_m": 5.5, "width_m": 2.6000000000000005, "est_spaces": 0, "ambiguous_band_m": 1.3, "calibrated": false, "source": "ParkMobile zone anchors + OSM centreline; lane offset ASSUMED"}}, {"type": "Feature", "geometry": {"type": "Polygon", "coordinates": [[[-80.24719888094926, 25.74819990698194], [-80.24932445363322, 25.748142312746033], [-80.24932367937784, 25.748118802335842], [-80.24719810669386, 25.74817639657175], [-80.24719888094926, 25.74819990698194]]]}, "properties": {"box_id": "1420445663:3:left", "zone": "40712", "street": "Southwest 23rd Street", "side": "left", "length_m": 213.2, "width_m": 2.6000000000000005, "est_spaces": 31, "ambiguous_band_m": 1.3, "calibrated": false, "source": "ParkMobile zone anchors + OSM centreline; lane offset ASSUMED"}}, {"type": "Feature", "geometry": {"type": "Polygon", "coordinates": [[[-80.24720084636677, 25.74825958725397], [-80.24932641905075, 25.74820199301806], [-80.24932719330613, 25.748225503428248], [-80.24720162062215, 25.748283097664157], [-80.24720084636677, 25.74825958725397]]]}, "properties": {"box_id": "1420445663:3:right", "zone": "40712", "street": "Southwest 23rd Street", "side": "right", "length_m": 213.2, "width_m": 2.6000000000000005, "est_spaces": 31, "ambiguous_band_m": 1.3, "calibrated": false, "source": "ParkMobile zone anchors + OSM centreline; lane offset ASSUMED"}}, {"type": "Feature", "geometry": {"type": "Polygon", "coordinates": [[[-80.24337854853604, 25.748307544395054], [-80.24613032532453, 25.74823067700362], [-80.24612952714837, 25.748207167251586], [-80.2433777503599, 25.74828403464302], [-80.24337854853604, 25.748307544395054]]]}, "properties": {"box_id": "1206062247:7:left", "zone": "40712", "street": "Southwest 23rd Street", "side": "left", "length_m": 276.0, "width_m": 2.6000000000000005, "est_spaces": 41, "ambiguous_band_m": 1.3, "calibrated": false, "source": "ParkMobile zone anchors + OSM centreline; lane offset ASSUMED"}}, {"type": "Feature", "geometry": {"type": "Polygon", "coordinates": [[[-80.24338057467548, 25.748367222996382], [-80.24613235146397, 25.748290355604944], [-80.24613314964012, 25.748313865356977], [-80.24338137285164, 25.748390732748415], [-80.24338057467548, 25.748367222996382]]]}, "properties": {"box_id": "1206062247:7:right", "zone": "40712", "street": "Southwest 23rd Street", "side": "right", "length_m": 276.0, "width_m": 2.6000000000000005, "est_spaces": 41, "ambiguous_band_m": 1.3, "calibrated": false, "source": "ParkMobile zone anchors + OSM centreline; lane offset ASSUMED"}}, {"type": "Feature", "geometry": {"type": "Polygon", "coordinates": [[[-80.25291474999172, 25.748980946381177], [-80.25394572578463, 25.74895217496369], [-80.25394492836318, 25.748928665190455], [-80.25291395257027, 25.74895743660794], [-80.25291474999172, 25.748980946381177]]]}, "properties": {"box_id": "894797399:14:left", "zone": "40712", "street": "Southwest 22nd Terrace", "side": "left", "length_m": 103.4, "width_m": 2.6000000000000005, "est_spaces": 15, "ambiguous_band_m": 1.3, "calibrated": false, "source": "ParkMobile zone anchors + OSM centreline; lane offset ASSUMED"}}, {"type": "Feature", "geometry": {"type": "Polygon", "coordinates": [[[-80.25291677421538, 25.749040625036304], [-80.2539477500083, 25.74901185361882], [-80.25394854742974, 25.749035363392057], [-80.25291757163683, 25.74906413480954], [-80.25291677421538, 25.749040625036304]]]}, "properties": {"box_id": "894797399:14:right", "zone": "40712", "street": "Southwest 22nd Terrace", "side": "right", "length_m": 103.4, "width_m": 2.6000000000000005, "est_spaces": 15, "ambiguous_band_m": 1.3, "calibrated": false, "source": "ParkMobile zone anchors + OSM centreline; lane offset ASSUMED"}}, {"type": "Feature", "geometry": {"type": "Polygon", "coordinates": [[[-80.2497507256932, 25.749072399544893], [-80.25151970462639, 25.749021923082747], [-80.25151888929774, 25.74899841381485], [-80.24974991036456, 25.749048890276995], [-80.2497507256932, 25.749072399544893]]]}, "properties": {"box_id": "894797399:8:left", "zone": "40712", "street": "Southwest 22nd Terrace", "side": "left", "length_m": 177.5, "width_m": 2.6000000000000005, "est_spaces": 26, "ambiguous_band_m": 1.3, "calibrated": false, "source": "ParkMobile zone anchors + OSM centreline; lane offset ASSUMED"}}, {"type": "Feature", "geometry": {"type": "Polygon", "coordinates": [[[-80.24975279537361, 25.74913207691725], [-80.2515217743068, 25.749081600455103], [-80.25152258963544, 25.749105109723004], [-80.24975361070224, 25.74915558618515], [-80.24975279537361, 25.74913207691725]]]}, "properties": {"box_id": "894797399:8:right", "zone": "40712", "street": "Southwest 22nd Terrace", "side": "right", "length_m": 177.5, "width_m": 2.6000000000000005, "est_spaces": 26, "ambiguous_band_m": 1.3, "calibrated": false, "source": "ParkMobile zone anchors + OSM centreline; lane offset ASSUMED"}}, {"type": "Feature", "geometry": {"type": "Polygon", "coordinates": [[[-80.2474203476842, 25.74913814174993], [-80.2479517235954, 25.749123279720493], [-80.24795092440252, 25.74909976999672], [-80.24741954849131, 25.74911463202616], [-80.2474203476842, 25.74913814174993]]]}, "properties": {"box_id": "894797399:0:left", "zone": "40712", "street": "Southwest 22nd Terrace", "side": "left", "length_m": 53.3, "width_m": 2.6000000000000005, "est_spaces": 7, "ambiguous_band_m": 1.3, "calibrated": false, "source": "ParkMobile zone anchors + OSM centreline; lane offset ASSUMED"}}, {"type": "Feature", "geometry": {"type": "Polygon", "coordinates": [[[-80.2474223764046, 25.74919782027951], [-80.24795375231581, 25.749182958250067], [-80.2479545515087, 25.74920646797384], [-80.24742317559749, 25.74922133000328], [-80.2474223764046, 25.74919782027951]]]}, "properties": {"box_id": "894797399:0:right", "zone": "40712", "street": "Southwest 22nd Terrace", "side": "right", "length_m": 53.3, "width_m": 2.6000000000000005, "est_spaces": 7, "ambiguous_band_m": 1.3, "calibrated": false, "source": "ParkMobile zone anchors + OSM centreline; lane offset ASSUMED"}}, {"type": "Feature", "geometry": {"type": "Polygon", "coordinates": [[[-80.24500123031201, 25.749203608261688], [-80.24587020846612, 25.749178914125025], [-80.24586939646962, 25.74915540476221], [-80.24500041831553, 25.749180098898876], [-80.24500123031201, 25.749203608261688]]]}, "properties": {"box_id": "190693620:22:left", "zone": "40712", "street": "Southwest 22nd Terrace", "side": "left", "length_m": 87.2, "width_m": 2.6000000000000005, "est_spaces": 13, "ambiguous_band_m": 1.3, "calibrated": false, "source": "ParkMobile zone anchors + OSM centreline; lane offset ASSUMED"}}, {"type": "Feature", "geometry": {"type": "Polygon", "coordinates": [[[-80.24500329153389, 25.749263285874974], [-80.245872269688, 25.749238591738308], [-80.2458730816845, 25.749262101101124], [-80.24500410353039, 25.749286795237786], [-80.24500329153389, 25.749263285874974]]]}, "properties": {"box_id": "190693620:22:right", "zone": "40712", "street": "Southwest 22nd Terrace", "side": "right", "length_m": 87.2, "width_m": 2.6000000000000005, "est_spaces": 13, "ambiguous_band_m": 1.3, "calibrated": false, "source": "ParkMobile zone anchors + OSM centreline; lane offset ASSUMED"}}, {"type": "Feature", "geometry": {"type": "Polygon", "coordinates": [[[-80.24636351448973, 25.749821436460312], [-80.24635388788458, 25.749518886012968], [-80.24632796760778, 25.749519564563045], [-80.24633759421293, 25.74982211501039], [-80.24636351448973, 25.749821436460312]]]}, "properties": {"box_id": "534961753:4:left", "zone": "40712", "street": "Southwest 32nd Avenue", "side": "left", "length_m": 33.5, "width_m": 2.6000000000000005, "est_spaces": 4, "ambiguous_band_m": 1.3, "calibrated": false, "source": "ParkMobile zone anchors + OSM centreline; lane offset ASSUMED"}}, {"type": "Feature", "geometry": {"type": "Polygon", "coordinates": [[[-80.24642931211542, 25.74981971398703], [-80.24641968551028, 25.749517163539686], [-80.24644560578707, 25.74951648498961], [-80.24645523239221, 25.749819035436953], [-80.24642931211542, 25.74981971398703]]]}, "properties": {"box_id": "534961753:4:right", "zone": "40712", "street": "Southwest 32nd Avenue", "side": "right", "length_m": 33.5, "width_m": 2.6000000000000005, "est_spaces": 4, "ambiguous_band_m": 1.3, "calibrated": false, "source": "ParkMobile zone anchors + OSM centreline; lane offset ASSUMED"}}, {"type": "Feature", "geometry": {"type": "Polygon", "coordinates": [[[-80.24324372400869, 25.749965363486055], [-80.24324136888718, 25.749874032672142], [-80.24321544487647, 25.749874582673854], [-80.24321779999798, 25.749965913487767], [-80.24324372400869, 25.749965363486055]]]}, "properties": {"box_id": "534754509:2:left", "zone": "40712", "street": "Southwest 31st Avenue", "side": "left", "length_m": 10.1, "width_m": 2.6000000000000005, "est_spaces": 1, "ambiguous_band_m": 1.3, "calibrated": false, "source": "ParkMobile zone anchors + OSM centreline; lane offset ASSUMED"}}, {"type": "Feature", "geometry": {"type": "Polygon", "coordinates": [[[-80.24330953111281, 25.74996396732786], [-80.2433071759913, 25.74987263651395], [-80.24333310000202, 25.749872086512237], [-80.24333545512353, 25.74996341732615], [-80.24330953111281, 25.74996396732786]]]}, "properties": {"box_id": "534754509:2:right", "zone": "40712", "street": "Southwest 31st Avenue", "side": "right", "length_m": 10.1, "width_m": 2.6000000000000005, "est_spaces": 1, "ambiguous_band_m": 1.3, "calibrated": false, "source": "ParkMobile zone anchors + OSM centreline; lane offset ASSUMED"}}, {"type": "Feature", "geometry": {"type": "Polygon", "coordinates": [[[-80.24072505141697, 25.749949748857585], [-80.24072035797533, 25.74981828360148], [-80.24069444046322, 25.74981904487323], [-80.24069913390485, 25.749950510129334], [-80.24072505141697, 25.749949748857585]]]}, "properties": {"box_id": "11154790:3:left", "zone": "40712", "street": "Southwest 29th Avenue", "side": "left", "length_m": 14.5, "width_m": 2.6000000000000005, "est_spaces": 2, "ambiguous_band_m": 1.3, "calibrated": false, "source": "ParkMobile zone anchors + OSM centreline; lane offset ASSUMED"}}, {"type": "Feature", "geometry": {"type": "Polygon", "coordinates": [[[-80.24079084202467, 25.749947816398517], [-80.24078614858303, 25.749816351142417], [-80.24081206609515, 25.749815589870664], [-80.24081675953678, 25.749947055126768], [-80.24079084202467, 25.749947816398517]]]}, "properties": {"box_id": "11154790:3:right", "zone": "40712", "street": "Southwest 29th Avenue", "side": "right", "length_m": 14.5, "width_m": 2.6000000000000005, "est_spaces": 2, "ambiguous_band_m": 1.3, "calibrated": false, "source": "ParkMobile zone anchors + OSM centreline; lane offset ASSUMED"}}, {"type": "Feature", "geometry": {"type": "Polygon", "coordinates": [[[-80.24490866323399, 25.750121987382222], [-80.24474869978361, 25.750126095592822], [-80.24474943369964, 25.750149607067844], [-80.24490939715001, 25.75014549885724], [-80.24490866323399, 25.750121987382222]]]}, "properties": {"box_id": "287330579:1:left", "zone": "40712", "street": "Southwest 22nd Street", "side": "left", "length_m": 16.0, "width_m": 2.6000000000000005, "est_spaces": 2, "ambiguous_band_m": 1.3, "calibrated": false, "source": "ParkMobile zone anchors + OSM centreline; lane offset ASSUMED"}}, {"type": "Feature", "geometry": {"type": "Polygon", "coordinates": [[[-80.24490680021638, 25.750062304407177], [-80.24474683676601, 25.75006641261778], [-80.24474610284999, 25.750042901142763], [-80.24490606630036, 25.75003879293216], [-80.24490680021638, 25.750062304407177]]]}, "properties": {"box_id": "287330579:1:right", "zone": "40712", "street": "Southwest 22nd Street", "side": "right", "length_m": 16.0, "width_m": 2.6000000000000005, "est_spaces": 2, "ambiguous_band_m": 1.3, "calibrated": false, "source": "ParkMobile zone anchors + OSM centreline; lane offset ASSUMED"}}, {"type": "Feature", "geometry": {"type": "Polygon", "coordinates": [[[-80.24069135996825, 25.750241074229294], [-80.24043128427698, 25.750248403864912], [-80.24043208958571, 25.750271913417173], [-80.240692165277, 25.750264583781558], [-80.24069135996825, 25.750241074229294]]]}, "properties": {"box_id": "534970794:0:left", "zone": "40712", "street": "Southwest 22nd Street", "side": "left", "length_m": 26.1, "width_m": 2.6000000000000005, "est_spaces": 3, "ambiguous_band_m": 1.3, "calibrated": false, "source": "ParkMobile zone anchors + OSM centreline; lane offset ASSUMED"}}, {"type": "Feature", "geometry": {"type": "Polygon", "coordinates": [[[-80.24068931572302, 25.75018139613509], [-80.24042924003174, 25.750188725770705], [-80.240428434723, 25.750165216218445], [-80.24068851041429, 25.750157886582826], [-80.24068931572302, 25.75018139613509]]]}, "properties": {"box_id": "534970794:0:right", "zone": "40712", "street": "Southwest 22nd Street", "side": "right", "length_m": 26.1, "width_m": 2.6000000000000005, "est_spaces": 3, "ambiguous_band_m": 1.3, "calibrated": false, "source": "ParkMobile zone anchors + OSM centreline; lane offset ASSUMED"}}, {"type": "Feature", "geometry": {"type": "Polygon", "coordinates": [[[-80.24427033975097, 25.750198118229687], [-80.24517710266892, 25.75017489865577], [-80.24517637089494, 25.7501513871258], [-80.24426960797699, 25.750174606699716], [-80.24427033975097, 25.750198118229687]]]}, "properties": {"box_id": "973416493:0:left", "zone": "40712", "street": "Southwest 22nd Street", "side": "left", "length_m": 91.0, "width_m": 2.6000000000000005, "est_spaces": 13, "ambiguous_band_m": 1.3, "calibrated": false, "source": "ParkMobile zone anchors + OSM centreline; lane offset ASSUMED"}}, {"type": "Feature", "geometry": {"type": "Polygon", "coordinates": [[[-80.24427219733109, 25.750257801344226], [-80.24517896024904, 25.750234581770314], [-80.24517969202302, 25.750258093300285], [-80.24427292910507, 25.750281312874197], [-80.24427219733109, 25.750257801344226]]]}, "properties": {"box_id": "973416493:0:right", "zone": "40712", "street": "Southwest 22nd Street", "side": "right", "length_m": 91.0, "width_m": 2.6000000000000005, "est_spaces": 13, "ambiguous_band_m": 1.3, "calibrated": false, "source": "ParkMobile zone anchors + OSM centreline; lane offset ASSUMED"}}, {"type": "Feature", "geometry": {"type": "Polygon", "coordinates": [[[-80.2409839417924, 25.750292537379377], [-80.24128183101368, 25.750283389913296], [-80.24128095363426, 25.750259882483142], [-80.24098306441299, 25.75026902994922], [-80.2409839417924, 25.750292537379377]]]}, "properties": {"box_id": "534971378:2:left", "zone": "40712", "street": "Southwest 22nd Street", "side": "left", "length_m": 29.9, "width_m": 2.6000000000000005, "est_spaces": 4, "ambiguous_band_m": 1.3, "calibrated": false, "source": "ParkMobile zone anchors + OSM centreline; lane offset ASSUMED"}}, {"type": "Feature", "geometry": {"type": "Polygon", "coordinates": [[[-80.24098616898632, 25.750352210086703], [-80.2412840582076, 25.750343062620622], [-80.24128493558702, 25.75036657005078], [-80.24098704636575, 25.750375717516857], [-80.24098616898632, 25.750352210086703]]]}, "properties": {"box_id": "534971378:2:right", "zone": "40712", "street": "Southwest 22nd Street", "side": "right", "length_m": 29.9, "width_m": 2.6000000000000005, "est_spaces": 4, "ambiguous_band_m": 1.3, "calibrated": false, "source": "ParkMobile zone anchors + OSM centreline; lane offset ASSUMED"}}, {"type": "Feature", "geometry": {"type": "Polygon", "coordinates": [[[-80.23765453253664, 25.75032719335749], [-80.2370976163791, 25.750346768756025], [-80.23709862049743, 25.750370272012862], [-80.23765553665497, 25.750350696614326], [-80.23765453253664, 25.75032719335749]]]}, "properties": {"box_id": "190683303:2:left", "zone": "40712", "street": "Southwest 22nd Street", "side": "left", "length_m": 55.9, "width_m": 2.6000000000000005, "est_spaces": 8, "ambiguous_band_m": 1.3, "calibrated": false, "source": "ParkMobile zone anchors + OSM centreline; lane offset ASSUMED"}}, {"type": "Feature", "geometry": {"type": "Polygon", "coordinates": [[[-80.2376519836209, 25.750267531243974], [-80.23709506746336, 25.750287106642514], [-80.23709406334503, 25.750263603385676], [-80.23765097950258, 25.750244027987137], [-80.2376519836209, 25.750267531243974]]]}, "properties": {"box_id": "190683303:2:right", "zone": "40712", "street": "Southwest 22nd Street", "side": "right", "length_m": 55.9, "width_m": 2.6000000000000005, "est_spaces": 8, "ambiguous_band_m": 1.3, "calibrated": false, "source": "ParkMobile zone anchors + OSM centreline; lane offset ASSUMED"}}, {"type": "Feature", "geometry": {"type": "Polygon", "coordinates": [[[-80.23575597876592, 25.75038969184954], [-80.23481527133589, 25.750421473669867], [-80.23481623652752, 25.75044497826842], [-80.23575694395754, 25.750413196448093], [-80.23575597876592, 25.75038969184954]]]}, "properties": {"box_id": "534749734:3:left", "zone": "40712", "street": "Southwest 22nd Street", "side": "left", "length_m": 94.4, "width_m": 2.6000000000000005, "est_spaces": 14, "ambiguous_band_m": 1.3, "calibrated": false, "source": "ParkMobile zone anchors + OSM centreline; lane offset ASSUMED"}}, {"type": "Feature", "geometry": {"type": "Polygon", "coordinates": [[[-80.2357535286641, 25.750330026330133], [-80.23481282123409, 25.75036180815046], [-80.23481185604247, 25.750338303551903], [-80.23575256347249, 25.75030652173158], [-80.2357535286641, 25.750330026330133]]]}, "properties": {"box_id": "534749734:3:right", "zone": "40712", "street": "Southwest 22nd Street", "side": "right", "length_m": 94.4, "width_m": 2.6000000000000005, "est_spaces": 14, "ambiguous_band_m": 1.3, "calibrated": false, "source": "ParkMobile zone anchors + OSM centreline; lane offset ASSUMED"}}, {"type": "Feature", "geometry": {"type": "Polygon", "coordinates": [[[-80.23721772205306, 25.750398799589014], [-80.23741861402576, 25.750392528840717], [-80.23741772217802, 25.75036902185849], [-80.23721683020533, 25.750375292606783], [-80.23721772205306, 25.750398799589014]]]}, "properties": {"box_id": "534749733:2:left", "zone": "40712", "street": "Southwest 22nd Street", "side": "left", "length_m": 20.2, "width_m": 2.6000000000000005, "est_spaces": 3, "ambiguous_band_m": 1.3, "calibrated": false, "source": "ParkMobile zone anchors + OSM centreline; lane offset ASSUMED"}}, {"type": "Feature", "geometry": {"type": "Polygon", "coordinates": [[[-80.23721998597424, 25.750458471159284], [-80.23742087794693, 25.750452200410987], [-80.23742176979466, 25.750475707393214], [-80.23722087782197, 25.75048197814151], [-80.23721998597424, 25.750458471159284]]]}, "properties": {"box_id": "534749733:2:right", "zone": "40712", "street": "Southwest 22nd Street", "side": "right", "length_m": 20.2, "width_m": 2.6000000000000005, "est_spaces": 3, "ambiguous_band_m": 1.3, "calibrated": false, "source": "ParkMobile zone anchors + OSM centreline; lane offset ASSUMED"}}, {"type": "Feature", "geometry": {"type": "Polygon", "coordinates": [[[-80.23513390936334, 25.750464366509817], [-80.23562428886235, 25.75045015703999], [-80.23562346089066, 25.750426648135367], [-80.23513308139165, 25.750440857605195], [-80.23513390936334, 25.750464366509817]]]}, "properties": {"box_id": "534753134:2:left", "zone": "40712", "street": "Southwest 22nd Street", "side": "left", "length_m": 49.2, "width_m": 2.6000000000000005, "est_spaces": 7, "ambiguous_band_m": 1.3, "calibrated": false, "source": "ParkMobile zone anchors + OSM centreline; lane offset ASSUMED"}}, {"type": "Feature", "geometry": {"type": "Polygon", "coordinates": [[[-80.23513601113764, 25.75052404296001], [-80.23562639063665, 25.75050983349018], [-80.23562721860834, 25.750533342394803], [-80.23513683910934, 25.75054755186463], [-80.23513601113764, 25.75052404296001]]]}, "properties": {"box_id": "534753134:2:right", "zone": "40712", "street": "Southwest 22nd Street", "side": "right", "length_m": 49.2, "width_m": 2.6000000000000005, "est_spaces": 7, "ambiguous_band_m": 1.3, "calibrated": false, "source": "ParkMobile zone anchors + OSM centreline; lane offset ASSUMED"}}, {"type": "Feature", "geometry": {"type": "Polygon", "coordinates": [[[-80.24863218889445, 25.750540875649317], [-80.24862282197206, 25.750285106629775], [-80.2485969050407, 25.7502858875276], [-80.24860627196307, 25.750541656547146], [-80.24863218889445, 25.750540875649317]]]}, "properties": {"box_id": "11132451:3:left", "zone": "40712", "street": "Southwest 33rd Avenue", "side": "left", "length_m": 28.3, "width_m": 2.6000000000000005, "est_spaces": 4, "ambiguous_band_m": 1.3, "calibrated": false, "source": "ParkMobile zone anchors + OSM centreline; lane offset ASSUMED"}}, {"type": "Feature", "geometry": {"type": "Polygon", "coordinates": [[[-80.24869797802795, 25.750538893370223], [-80.24868861110556, 25.75028312435068], [-80.24871452803694, 25.750282343452852], [-80.24872389495931, 25.750538112472395], [-80.24869797802795, 25.750538893370223]]]}, "properties": {"box_id": "11132451:3:right", "zone": "40712", "street": "Southwest 33rd Avenue", "side": "right", "length_m": 28.3, "width_m": 2.6000000000000005, "est_spaces": 4, "ambiguous_band_m": 1.3, "calibrated": false, "source": "ParkMobile zone anchors + OSM centreline; lane offset ASSUMED"}}, {"type": "Feature", "geometry": {"type": "Polygon", "coordinates": [[[-80.24272071008919, 25.75082059313424], [-80.24271344351448, 25.750686334515606], [-80.24268754341894, 25.75068748783221], [-80.24269480999365, 25.750821746450846], [-80.24272071008919, 25.75082059313424]]]}, "properties": {"box_id": "11151844:5:left", "zone": "40712", "street": "Southwest 30th Court", "side": "left", "length_m": 14.9, "width_m": 2.6000000000000005, "est_spaces": 2, "ambiguous_band_m": 1.3, "calibrated": false, "source": "ParkMobile zone anchors + OSM centreline; lane offset ASSUMED"}}, {"type": "Feature", "geometry": {"type": "Polygon", "coordinates": [[[-80.24278645648552, 25.750817665484394], [-80.2427791899108, 25.75068340686576], [-80.24280509000634, 25.750682253549154], [-80.24281235658104, 25.75081651216779], [-80.24278645648552, 25.750817665484394]]]}, "properties": {"box_id": "11151844:5:right", "zone": "40712", "street": "Southwest 30th Court", "side": "right", "length_m": 14.9, "width_m": 2.6000000000000005, "est_spaces": 2, "ambiguous_band_m": 1.3, "calibrated": false, "source": "ParkMobile zone anchors + OSM centreline; lane offset ASSUMED"}}, {"type": "Feature", "geometry": {"type": "Polygon", "coordinates": [[[-80.23620292322856, 25.750771217965518], [-80.23619838368458, 25.75064015693784], [-80.2361724651958, 25.75064089553614], [-80.23617700473979, 25.750771956563813], [-80.23620292322856, 25.750771217965518]]]}, "properties": {"box_id": "11148480:9:left", "zone": "40712", "street": "Southwest 25th Avenue", "side": "left", "length_m": 14.5, "width_m": 2.6000000000000005, "est_spaces": 2, "ambiguous_band_m": 1.3, "calibrated": false, "source": "ParkMobile zone anchors + OSM centreline; lane offset ASSUMED"}}, {"type": "Feature", "geometry": {"type": "Polygon", "coordinates": [[[-80.23626871631542, 25.750769343062153], [-80.23626417677144, 25.750638282034476], [-80.23629009526022, 25.75063754343618], [-80.2362946348042, 25.750768604463858], [-80.23626871631542, 25.750769343062153]]]}, "properties": {"box_id": "11148480:9:right", "zone": "40712", "street": "Southwest 25th Avenue", "side": "right", "length_m": 14.5, "width_m": 2.6000000000000005, "est_spaces": 2, "ambiguous_band_m": 1.3, "calibrated": false, "source": "ParkMobile zone anchors + OSM centreline; lane offset ASSUMED"}}, {"type": "Feature", "geometry": {"type": "Polygon", "coordinates": [[[-80.24559386955248, 25.750922281701914], [-80.24623334046137, 25.750904738694683], [-80.24623255652743, 25.75088122854789], [-80.24559308561855, 25.75089877155512], [-80.24559386955248, 25.750922281701914]]]}, "properties": {"box_id": "11151873:8:left", "zone": "40712", "street": "Southwest 21st Terrace", "side": "left", "length_m": 64.1, "width_m": 2.6000000000000005, "est_spaces": 9, "ambiguous_band_m": 1.3, "calibrated": false, "source": "ParkMobile zone anchors + OSM centreline; lane offset ASSUMED"}}, {"type": "Feature", "geometry": {"type": "Polygon", "coordinates": [[[-80.24559585953862, 25.750981961305317], [-80.24623533044752, 25.750964418298086], [-80.24623611438146, 25.75098792844488], [-80.24559664347257, 25.75100547145211], [-80.24559585953862, 25.750981961305317]]]}, "properties": {"box_id": "11151873:8:right", "zone": "40712", "street": "Southwest 21st Terrace", "side": "right", "length_m": 64.1, "width_m": 2.6000000000000005, "est_spaces": 9, "ambiguous_band_m": 1.3, "calibrated": false, "source": "ParkMobile zone anchors + OSM centreline; lane offset ASSUMED"}}, {"type": "Feature", "geometry": {"type": "Polygon", "coordinates": [[[-80.24643653402622, 25.75140779312809], [-80.24642310979698, 25.75114345426123], [-80.24639720584855, 25.751144536566112], [-80.24641063007778, 25.751408875432976], [-80.24643653402622, 25.75140779312809]]]}, "properties": {"box_id": "534882740:1:left", "zone": "40712", "street": "Southwest 32nd Avenue", "side": "left", "length_m": 29.3, "width_m": 2.6000000000000005, "est_spaces": 4, "ambiguous_band_m": 1.3, "calibrated": false, "source": "ParkMobile zone anchors + OSM centreline; lane offset ASSUMED"}}, {"type": "Feature", "geometry": {"type": "Polygon", "coordinates": [[[-80.24650229020301, 25.75140504573877], [-80.24648886597379, 25.751140706871908], [-80.24651476992223, 25.751139624567024], [-80.24652819415145, 25.751403963433887], [-80.24650229020301, 25.75140504573877]]]}, "properties": {"box_id": "534882740:1:right", "zone": "40712", "street": "Southwest 32nd Avenue", "side": "right", "length_m": 29.3, "width_m": 2.6000000000000005, "est_spaces": 4, "ambiguous_band_m": 1.3, "calibrated": false, "source": "ParkMobile zone anchors + OSM centreline; lane offset ASSUMED"}}, {"type": "Feature", "geometry": {"type": "Polygon", "coordinates": [[[-80.24540784846879, 25.751460130862764], [-80.24538645236827, 25.75114787283717], [-80.24536057087982, 25.751149331870476], [-80.24538196698035, 25.751461589896074], [-80.24540784846879, 25.751460130862764]]]}, "properties": {"box_id": "1424694247:2:left", "zone": "40712", "street": "Southwest 31st Court", "side": "left", "length_m": 34.6, "width_m": 2.6000000000000005, "est_spaces": 5, "ambiguous_band_m": 1.3, "calibrated": false, "source": "ParkMobile zone anchors + OSM centreline; lane offset ASSUMED"}}, {"type": "Feature", "geometry": {"type": "Polygon", "coordinates": [[[-80.24547354763173, 25.751456427162832], [-80.24545215153121, 25.751144169137234], [-80.24547803301964, 25.751142710103924], [-80.24549942912016, 25.751454968129522], [-80.24547354763173, 25.751456427162832]]]}, "properties": {"box_id": "1424694247:2:right", "zone": "40712", "street": "Southwest 31st Court", "side": "right", "length_m": 34.6, "width_m": 2.6000000000000005, "est_spaces": 5, "ambiguous_band_m": 1.3, "calibrated": false, "source": "ParkMobile zone anchors + OSM centreline; lane offset ASSUMED"}}, {"type": "Feature", "geometry": {"type": "Polygon", "coordinates": [[[-80.24562170137277, 25.751611669058025], [-80.2462688104508, 25.751589466718006], [-80.24626783026008, 25.751565962629773], [-80.24562072118205, 25.751588164969792], [-80.24562170137277, 25.751611669058025]]]}, "properties": {"box_id": "534882741:1:left", "zone": "40712", "street": "Southwest 21st Street", "side": "left", "length_m": 64.9, "width_m": 2.6000000000000005, "est_spaces": 9, "ambiguous_band_m": 1.3, "calibrated": false, "source": "ParkMobile zone anchors + OSM centreline; lane offset ASSUMED"}}, {"type": "Feature", "geometry": {"type": "Polygon", "coordinates": [[[-80.2456241895492, 25.751671333281994], [-80.24627129862724, 25.751649130941974], [-80.24627227881795, 25.751672635030207], [-80.24562516973992, 25.751694837370227], [-80.2456241895492, 25.751671333281994]]]}, "properties": {"box_id": "534882741:1:right", "zone": "40712", "street": "Southwest 21st Street", "side": "right", "length_m": 64.9, "width_m": 2.6000000000000005, "est_spaces": 9, "ambiguous_band_m": 1.3, "calibrated": false, "source": "ParkMobile zone anchors + OSM centreline; lane offset ASSUMED"}}, {"type": "Feature", "geometry": {"type": "Polygon", "coordinates": [[[-80.25424842296758, 25.730927324659305], [-80.25442073784286, 25.73092200301399], [-80.2544198557379, 25.730898495733776], [-80.25424754086262, 25.730903817379087], [-80.25424842296758, 25.730927324659305]]]}, "properties": {"box_id": "11138839:4:left", "zone": "40713", "street": "Day Avenue", "side": "left", "length_m": 17.3, "width_m": 2.6000000000000005, "est_spaces": 2, "ambiguous_band_m": 1.3, "calibrated": false, "source": "ParkMobile zone anchors + OSM centreline; lane offset ASSUMED"}}, {"type": "Feature", "geometry": {"type": "Polygon", "coordinates": [[[-80.25425066215713, 25.730986996986015], [-80.25442297703242, 25.7309816753407], [-80.25442385913739, 25.731005182620915], [-80.2542515442621, 25.73101050426623], [-80.25425066215713, 25.730986996986015]]]}, "properties": {"box_id": "11138839:4:right", "zone": "40713", "street": "Day Avenue", "side": "right", "length_m": 17.3, "width_m": 2.6000000000000005, "est_spaces": 2, "ambiguous_band_m": 1.3, "calibrated": false, "source": "ParkMobile zone anchors + OSM centreline; lane offset ASSUMED"}}, {"type": "Feature", "geometry": {"type": "Polygon", "coordinates": [[[-80.25631258757674, 25.732191028486135], [-80.25682255550657, 25.73218008132876], [-80.25682194217575, 25.73215656701342], [-80.25631197424592, 25.732167514170794], [-80.25631258757674, 25.732191028486135]]]}, "properties": {"box_id": "11167792:0:left", "zone": "40713", "street": "Orange Street", "side": "left", "length_m": 51.2, "width_m": 2.6000000000000005, "est_spaces": 7, "ambiguous_band_m": 1.3, "calibrated": false, "source": "ParkMobile zone anchors + OSM centreline; lane offset ASSUMED"}}, {"type": "Feature", "geometry": {"type": "Polygon", "coordinates": [[[-80.25631414449344, 25.73225071867124], [-80.25682411242327, 25.732239771513864], [-80.25682472575409, 25.732263285829205], [-80.25631475782426, 25.73227423298658], [-80.25631414449344, 25.73225071867124]]]}, "properties": {"box_id": "11167792:0:right", "zone": "40713", "street": "Orange Street", "side": "right", "length_m": 51.2, "width_m": 2.6000000000000005, "est_spaces": 7, "ambiguous_band_m": 1.3, "calibrated": false, "source": "ParkMobile zone anchors + OSM centreline; lane offset ASSUMED"}}, {"type": "Feature", "geometry": {"type": "Polygon", "coordinates": [[[-80.25741964411768, 25.733088862466765], [-80.25781135338258, 25.73307696408151], [-80.25781048573117, 25.733053456358096], [-80.25741877646627, 25.733065354743353], [-80.25741964411768, 25.733088862466765]]]}, "properties": {"box_id": "11162559:7:left", "zone": "40713", "street": "Shipping Avenue", "side": "left", "length_m": 39.3, "width_m": 2.6000000000000005, "est_spaces": 5, "ambiguous_band_m": 1.3, "calibrated": false, "source": "ParkMobile zone anchors + OSM centreline; lane offset ASSUMED"}}, {"type": "Feature", "geometry": {"type": "Polygon", "coordinates": [[[-80.25742184661742, 25.73314853591849], [-80.25781355588232, 25.733136637533235], [-80.25781442353373, 25.733160145256647], [-80.25742271426883, 25.733172043641904], [-80.25742184661742, 25.73314853591849]]]}, "properties": {"box_id": "11162559:7:right", "zone": "40713", "street": "Shipping Avenue", "side": "right", "length_m": 39.3, "width_m": 2.6000000000000005, "est_spaces": 5, "ambiguous_band_m": 1.3, "calibrated": false, "source": "ParkMobile zone anchors + OSM centreline; lane offset ASSUMED"}}, {"type": "Feature", "geometry": {"type": "Polygon", "coordinates": [[[-80.25607849498732, 25.733129490467817], [-80.25676314330715, 25.733104351485135], [-80.25676209475648, 25.733080849830237], [-80.25607744643666, 25.73310598881292], [-80.25607849498732, 25.733129490467817]]]}, "properties": {"box_id": "11162559:2:left", "zone": "40713", "street": "Shipping Avenue", "side": "left", "length_m": 68.7, "width_m": 2.6000000000000005, "est_spaces": 10, "ambiguous_band_m": 1.3, "calibrated": false, "source": "ParkMobile zone anchors + OSM centreline; lane offset ASSUMED"}}, {"type": "Feature", "geometry": {"type": "Polygon", "coordinates": [[[-80.25608115669286, 25.733189148514867], [-80.25676580501268, 25.73316400953219], [-80.25676685356333, 25.733187511187086], [-80.25608220524352, 25.733212650169765], [-80.25608115669286, 25.733189148514867]]]}, "properties": {"box_id": "11162559:2:right", "zone": "40713", "street": "Shipping Avenue", "side": "right", "length_m": 68.7, "width_m": 2.6000000000000005, "est_spaces": 10, "ambiguous_band_m": 1.3, "calibrated": false, "source": "ParkMobile zone anchors + OSM centreline; lane offset ASSUMED"}}, {"type": "Feature", "geometry": {"type": "Polygon", "coordinates": [[[-80.25268872800977, 25.733466350640978], [-80.25267147332035, 25.733204512369213], [-80.25264559202616, 25.733205915979287], [-80.25266284671558, 25.733467754251052], [-80.25268872800977, 25.733466350640978]]]}, "properties": {"box_id": "11127307:3:left", "zone": "40713", "street": "Mundy Street", "side": "left", "length_m": 29.0, "width_m": 2.6000000000000005, "est_spaces": 4, "ambiguous_band_m": 1.3, "calibrated": false, "source": "ParkMobile zone anchors + OSM centreline; lane offset ASSUMED"}}, {"type": "Feature", "geometry": {"type": "Polygon", "coordinates": [[[-80.25275442667966, 25.73346278763079], [-80.25273717199022, 25.733200949359023], [-80.25276305328443, 25.73319954574895], [-80.25278030797385, 25.733461384020718], [-80.25275442667966, 25.73346278763079]]]}, "properties": {"box_id": "11127307:3:right", "zone": "40713", "street": "Mundy Street", "side": "right", "length_m": 29.0, "width_m": 2.6000000000000005, "est_spaces": 4, "ambiguous_band_m": 1.3, "calibrated": false, "source": "ParkMobile zone anchors + OSM centreline; lane offset ASSUMED"}}, {"type": "Feature", "geometry": {"type": "Polygon", "coordinates": [[[-80.25189751077784, 25.733903985076363], [-80.2518803613513, 25.733604007307243], [-80.25185446855369, 25.733605225518968], [-80.25187161798023, 25.73390520328809], [-80.25189751077784, 25.733903985076363]]]}, "properties": {"box_id": "1386060986:0:left", "zone": "40713", "street": "Plaza Street", "side": "left", "length_m": 33.2, "width_m": 2.6000000000000005, "est_spaces": 4, "ambiguous_band_m": 1.3, "calibrated": false, "source": "ParkMobile zone anchors + OSM centreline; lane offset ASSUMED"}}, {"type": "Feature", "geometry": {"type": "Polygon", "coordinates": [[[-80.25196323864871, 25.73390089269276], [-80.25194608922217, 25.733600914923638], [-80.25197198201977, 25.733599696711913], [-80.25198913144632, 25.733899674481034], [-80.25196323864871, 25.73390089269276]]]}, "properties": {"box_id": "1386060986:0:right", "zone": "40713", "street": "Plaza Street", "side": "right", "length_m": 33.2, "width_m": 2.6000000000000005, "est_spaces": 4, "ambiguous_band_m": 1.3, "calibrated": false, "source": "ParkMobile zone anchors + OSM centreline; lane offset ASSUMED"}}, {"type": "Feature", "geometry": {"type": "Polygon", "coordinates": [[[-80.25696129277705, 25.734143683749284], [-80.25694698955371, 25.733906984389606], [-80.25692110077492, 25.73390827183826], [-80.25693540399827, 25.73414497119794], [-80.25696129277705, 25.734143683749284]]]}, "properties": {"box_id": "11162316:3:left", "zone": "40713", "street": "Southwest 38th Court", "side": "left", "length_m": 26.2, "width_m": 2.6000000000000005, "est_spaces": 3, "ambiguous_band_m": 1.3, "calibrated": false, "source": "ParkMobile zone anchors + OSM centreline; lane offset ASSUMED"}}, {"type": "Feature", "geometry": {"type": "Polygon", "coordinates": [[[-80.2570270104463, 25.73414041561039], [-80.25701270722296, 25.733903716250715], [-80.25703859600175, 25.73390242880206], [-80.25705289922509, 25.734139128161736], [-80.2570270104463, 25.73414041561039]]]}, "properties": {"box_id": "11162316:3:right", "zone": "40713", "street": "Southwest 38th Court", "side": "right", "length_m": 26.2, "width_m": 2.6000000000000005, "est_spaces": 3, "ambiguous_band_m": 1.3, "calibrated": false, "source": "ParkMobile zone anchors + OSM centreline; lane offset ASSUMED"}}, {"type": "Feature", "geometry": {"type": "Polygon", "coordinates": [[[-80.2580151190115, 25.734782646632972], [-80.25795473900199, 25.73363399733955], [-80.25792884064367, 25.73363511769236], [-80.2579892206532, 25.734783766985785], [-80.2580151190115, 25.734782646632972]]]}, "properties": {"box_id": "683417045:1:left", "zone": "40713", "street": "Southwest 39th Avenue", "side": "left", "length_m": 127.1, "width_m": 2.6000000000000005, "est_spaces": 18, "ambiguous_band_m": 1.3, "calibrated": false, "source": "ParkMobile zone anchors + OSM centreline; lane offset ASSUMED"}}, {"type": "Feature", "geometry": {"type": "Polygon", "coordinates": [[[-80.258080860998, 25.734779802660455], [-80.25802048098849, 25.733631153367032], [-80.2580463793468, 25.73363003301422], [-80.25810675935632, 25.734778682307642], [-80.258080860998, 25.734779802660455]]]}, "properties": {"box_id": "683417045:1:right", "zone": "40713", "street": "Southwest 39th Avenue", "side": "right", "length_m": 127.1, "width_m": 2.6000000000000005, "est_spaces": 18, "ambiguous_band_m": 1.3, "calibrated": false, "source": "ParkMobile zone anchors + OSM centreline; lane offset ASSUMED"}}, {"type": "Feature", "geometry": {"type": "Polygon", "coordinates": [[[-80.25493127894953, 25.734121182748574], [-80.25418546749692, 25.734144289355484], [-80.25418635246068, 25.73416779654799], [-80.2549321639133, 25.734144689941083], [-80.25493127894953, 25.734121182748574]]]}, "properties": {"box_id": "785468455:0:left", "zone": "40713", "street": "Peacock Avenue", "side": "left", "length_m": 74.8, "width_m": 2.6000000000000005, "est_spaces": 11, "ambiguous_band_m": 1.3, "calibrated": false, "source": "ParkMobile zone anchors + OSM centreline; lane offset ASSUMED"}}, {"type": "Feature", "geometry": {"type": "Polygon", "coordinates": [[[-80.25492903250307, 25.73406151064452], [-80.25418322105045, 25.734084617251426], [-80.2541823360867, 25.73406111005892], [-80.2549281475393, 25.734038003452014], [-80.25492903250307, 25.73406151064452]]]}, "properties": {"box_id": "785468455:0:right", "zone": "40713", "street": "Peacock Avenue", "side": "right", "length_m": 74.8, "width_m": 2.6000000000000005, "est_spaces": 11, "ambiguous_band_m": 1.3, "calibrated": false, "source": "ParkMobile zone anchors + OSM centreline; lane offset ASSUMED"}}, {"type": "Feature", "geometry": {"type": "Polygon", "coordinates": [[[-80.25109253359832, 25.73451333153539], [-80.25104659745972, 25.733418238869334], [-80.25102068848257, 25.733419133271195], [-80.25106662462119, 25.73451422593725], [-80.25109253359832, 25.73451333153539]]]}, "properties": {"box_id": "11152905:3:left", "zone": "40713", "street": "Carter Street", "side": "left", "length_m": 121.1, "width_m": 2.6000000000000005, "est_spaces": 18, "ambiguous_band_m": 1.3, "calibrated": false, "source": "ParkMobile zone anchors + OSM centreline; lane offset ASSUMED"}}, {"type": "Feature", "geometry": {"type": "Polygon", "coordinates": [[[-80.25115830254029, 25.734511061130668], [-80.25111236640168, 25.733415968464612], [-80.25113827537882, 25.733415074062755], [-80.25118421151744, 25.734510166728807], [-80.25115830254029, 25.734511061130668]]]}, "properties": {"box_id": "11152905:3:right", "zone": "40713", "street": "Carter Street", "side": "right", "length_m": 121.1, "width_m": 2.6000000000000005, "est_spaces": 18, "ambiguous_band_m": 1.3, "calibrated": false, "source": "ParkMobile zone anchors + OSM centreline; lane offset ASSUMED"}}, {"type": "Feature", "geometry": {"type": "Polygon", "coordinates": [[[-80.25600272341505, 25.734255523430377], [-80.25601392470884, 25.73447855913667], [-80.2560398254849, 25.734477488632777], [-80.25602862419113, 25.734254452926486], [-80.25600272341505, 25.734255523430377]]]}, "properties": {"box_id": "83036440:1:left", "zone": "40713", "street": "Southwest 38th Avenue", "side": "left", "length_m": 24.7, "width_m": 2.6000000000000005, "est_spaces": 3, "ambiguous_band_m": 1.3, "calibrated": false, "source": "ParkMobile zone anchors + OSM centreline; lane offset ASSUMED"}}, {"type": "Feature", "geometry": {"type": "Polygon", "coordinates": [[[-80.25593697529116, 25.73425824086333], [-80.25594817658495, 25.734481276569618], [-80.25592227580889, 25.734482347073513], [-80.2559110745151, 25.73425931136722], [-80.25593697529116, 25.73425824086333]]]}, "properties": {"box_id": "83036440:1:right", "zone": "40713", "street": "Southwest 38th Avenue", "side": "right", "length_m": 24.7, "width_m": 2.6000000000000005, "est_spaces": 3, "ambiguous_band_m": 1.3, "calibrated": false, "source": "ParkMobile zone anchors + OSM centreline; lane offset ASSUMED"}}, {"type": "Feature", "geometry": {"type": "Polygon", "coordinates": [[[-80.25029575485544, 25.734862710193266], [-80.25028671932564, 25.734706927029585], [-80.25026082733638, 25.734708162905257], [-80.25026986286616, 25.734863946068938], [-80.25029575485544, 25.734862710193266]]]}, "properties": {"box_id": "11115141:0:left", "zone": "40713", "street": "Hibiscus Street", "side": "left", "length_m": 17.2, "width_m": 2.6000000000000005, "est_spaces": 2, "ambiguous_band_m": 1.3, "calibrated": false, "source": "ParkMobile zone anchors + OSM centreline; lane offset ASSUMED"}}, {"type": "Feature", "geometry": {"type": "Polygon", "coordinates": [[[-80.25036148067434, 25.734859572970414], [-80.25035244514456, 25.734703789806733], [-80.25037833713382, 25.73470255393106], [-80.25038737266361, 25.73485833709474], [-80.25036148067434, 25.734859572970414]]]}, "properties": {"box_id": "11115141:0:right", "zone": "40713", "street": "Hibiscus Street", "side": "right", "length_m": 17.2, "width_m": 2.6000000000000005, "est_spaces": 2, "ambiguous_band_m": 1.3, "calibrated": false, "source": "ParkMobile zone anchors + OSM centreline; lane offset ASSUMED"}}, {"type": "Feature", "geometry": {"type": "Polygon", "coordinates": [[[-80.24947299317542, 25.735011524784102], [-80.24940275357429, 25.733562798758815], [-80.2493768507787, 25.73356383227572], [-80.24944709037985, 25.73501255830101], [-80.24947299317542, 25.735011524784102]]]}, "properties": {"box_id": "11157793:2:left", "zone": "40713", "street": "New York Street", "side": "left", "length_m": 160.3, "width_m": 2.6000000000000005, "est_spaces": 23, "ambiguous_band_m": 1.3, "calibrated": false, "source": "ParkMobile zone anchors + OSM centreline; lane offset ASSUMED"}}, {"type": "Feature", "geometry": {"type": "Polygon", "coordinates": [[[-80.24953874642573, 25.73500890124119], [-80.24946850682458, 25.733560175215903], [-80.24949440962017, 25.733559141698993], [-80.2495646492213, 25.73500786772428], [-80.24953874642573, 25.73500890124119]]]}, "properties": {"box_id": "11157793:2:right", "zone": "40713", "street": "New York Street", "side": "right", "length_m": 160.3, "width_m": 2.6000000000000005, "est_spaces": 23, "ambiguous_band_m": 1.3, "calibrated": false, "source": "ParkMobile zone anchors + OSM centreline; lane offset ASSUMED"}}, {"type": "Feature", "geometry": {"type": "Polygon", "coordinates": [[[-80.25302203458624, 25.735447015050198], [-80.25301708062342, 25.735303554415395], [-80.25299116540299, 25.73530429087154], [-80.2529961193658, 25.735447751506342], [-80.25302203458624, 25.735447015050198]]]}, "properties": {"box_id": "11127425:3:left", "zone": "40713", "street": "Southwest 36th Court", "side": "left", "length_m": 15.9, "width_m": 2.6000000000000005, "est_spaces": 2, "ambiguous_band_m": 1.3, "calibrated": false, "source": "ParkMobile zone anchors + OSM centreline; lane offset ASSUMED"}}, {"type": "Feature", "geometry": {"type": "Polygon", "coordinates": [[[-80.25308781937656, 25.735445145584606], [-80.25308286541375, 25.735301684949803], [-80.25310878063418, 25.73530094849366], [-80.253113734597, 25.735444409128462], [-80.25308781937656, 25.735445145584606]]]}, "properties": {"box_id": "11127425:3:right", "zone": "40713", "street": "Southwest 36th Court", "side": "right", "length_m": 15.9, "width_m": 2.6000000000000005, "est_spaces": 2, "ambiguous_band_m": 1.3, "calibrated": false, "source": "ParkMobile zone anchors + OSM centreline; lane offset ASSUMED"}}, {"type": "Feature", "geometry": {"type": "Polygon", "coordinates": [[[-80.2520251015913, 25.735478220999884], [-80.25201894456741, 25.73535089566989], [-80.25199304153904, 25.735351926479197], [-80.25199919856293, 25.73547925180919], [-80.2520251015913, 25.735478220999884]]]}, "properties": {"box_id": "1425616230:0:left", "zone": "40713", "street": "Southwest 36th Avenue", "side": "left", "length_m": 14.1, "width_m": 2.6000000000000005, "est_spaces": 2, "ambiguous_band_m": 1.3, "calibrated": false, "source": "ParkMobile zone anchors + OSM centreline; lane offset ASSUMED"}}, {"type": "Feature", "geometry": {"type": "Polygon", "coordinates": [[[-80.25209085543258, 25.735475604330105], [-80.2520846984087, 25.73534827900011], [-80.25211060143707, 25.735347248190806], [-80.25211675846096, 25.7354745735208], [-80.25209085543258, 25.735475604330105]]]}, "properties": {"box_id": "1425616230:0:right", "zone": "40713", "street": "Southwest 36th Avenue", "side": "right", "length_m": 14.1, "width_m": 2.6000000000000005, "est_spaces": 2, "ambiguous_band_m": 1.3, "calibrated": false, "source": "ParkMobile zone anchors + OSM centreline; lane offset ASSUMED"}}, {"type": "Feature", "geometry": {"type": "Polygon", "coordinates": [[[-80.25295869243071, 25.74109223778182], [-80.2540250721397, 25.7410637811429], [-80.25402430969774, 25.741040270416278], [-80.25295792998874, 25.7410687270552], [-80.25295869243071, 25.74109223778182]]]}, "properties": {"box_id": "11134069:1:left", "zone": "40713", "street": "Southwest 27th Street", "side": "left", "length_m": 107.0, "width_m": 2.6000000000000005, "est_spaces": 15, "ambiguous_band_m": 1.3, "calibrated": false, "source": "ParkMobile zone anchors + OSM centreline; lane offset ASSUMED"}}, {"type": "Feature", "geometry": {"type": "Polygon", "coordinates": [[[-80.2529606278603, 25.7411519188571], [-80.25402700756929, 25.741123462218177], [-80.25402777001126, 25.7411469729448], [-80.25296139030226, 25.741175429583723], [-80.2529606278603, 25.7411519188571]]]}, "properties": {"box_id": "11134069:1:right", "zone": "40713", "street": "Southwest 27th Street", "side": "right", "length_m": 107.0, "width_m": 2.6000000000000005, "est_spaces": 15, "ambiguous_band_m": 1.3, "calibrated": false, "source": "ParkMobile zone anchors + OSM centreline; lane offset ASSUMED"}}, {"type": "Feature", "geometry": {"type": "Polygon", "coordinates": [[[-80.2519412776642, 25.742052115880316], [-80.25383987155054, 25.74199580911075], [-80.2538390242715, 25.7419723007739], [-80.25194043038516, 25.742028607543464], [-80.2519412776642, 25.742052115880316]]]}, "properties": {"box_id": "11134309:2:left", "zone": "40713", "street": "Southwest 26th Terrace", "side": "left", "length_m": 190.5, "width_m": 2.6000000000000005, "est_spaces": 28, "ambiguous_band_m": 1.3, "calibrated": false, "source": "ParkMobile zone anchors + OSM centreline; lane offset ASSUMED"}}, {"type": "Feature", "geometry": {"type": "Polygon", "coordinates": [[[-80.25194342844947, 25.74211179088925], [-80.2538420223358, 25.742055484119685], [-80.25384286961484, 25.742078992456534], [-80.2519442757285, 25.742135299226103], [-80.25194342844947, 25.74211179088925]]]}, "properties": {"box_id": "11134309:2:right", "zone": "40713", "street": "Southwest 26th Terrace", "side": "right", "length_m": 190.5, "width_m": 2.6000000000000005, "est_spaces": 28, "ambiguous_band_m": 1.3, "calibrated": false, "source": "ParkMobile zone anchors + OSM centreline; lane offset ASSUMED"}}, {"type": "Feature", "geometry": {"type": "Polygon", "coordinates": [[[-80.25340464198187, 25.742984356184035], [-80.25407085480137, 25.74296227673264], [-80.2540699080796, 25.742938771518], [-80.2534036952601, 25.742960850969393], [-80.25340464198187, 25.742984356184035]]]}, "properties": {"box_id": "11169503:13:left", "zone": "40713", "street": "Southwest 26th Street", "side": "left", "length_m": 66.8, "width_m": 2.6000000000000005, "est_spaces": 9, "ambiguous_band_m": 1.3, "calibrated": false, "source": "ParkMobile zone anchors + OSM centreline; lane offset ASSUMED"}}, {"type": "Feature", "geometry": {"type": "Polygon", "coordinates": [[[-80.25340704519863, 25.74304402326736], [-80.25407325801812, 25.74302194381596], [-80.25407420473988, 25.743045449030603], [-80.25340799192038, 25.743067528482], [-80.25340704519863, 25.74304402326736]]]}, "properties": {"box_id": "11169503:13:right", "zone": "40713", "street": "Southwest 26th Street", "side": "right", "length_m": 66.8, "width_m": 2.6000000000000005, "est_spaces": 9, "ambiguous_band_m": 1.3, "calibrated": false, "source": "ParkMobile zone anchors + OSM centreline; lane offset ASSUMED"}}, {"type": "Feature", "geometry": {"type": "Polygon", "coordinates": [[[-80.25204110558343, 25.74381806727653], [-80.25410239350418, 25.74375835625171], [-80.25410156587203, 25.743734847338594], [-80.25204027795128, 25.743794558363412], [-80.25204110558343, 25.74381806727653]]]}, "properties": {"box_id": "11164274:10:left", "zone": "40713", "street": "Southwest 25th Terrace", "side": "left", "length_m": 206.8, "width_m": 2.6000000000000005, "est_spaces": 30, "ambiguous_band_m": 1.3, "calibrated": false, "source": "ParkMobile zone anchors + OSM centreline; lane offset ASSUMED"}}, {"type": "Feature", "geometry": {"type": "Polygon", "coordinates": [[[-80.25204320649581, 25.74387774374829], [-80.25410449441655, 25.74381803272347], [-80.25410532204872, 25.743841541636584], [-80.25204403412796, 25.743901252661402], [-80.25204320649581, 25.74387774374829]]]}, "properties": {"box_id": "11164274:10:right", "zone": "40713", "street": "Southwest 25th Terrace", "side": "right", "length_m": 206.8, "width_m": 2.6000000000000005, "est_spaces": 30, "ambiguous_band_m": 1.3, "calibrated": false, "source": "ParkMobile zone anchors + OSM centreline; lane offset ASSUMED"}}, {"type": "Feature", "geometry": {"type": "Polygon", "coordinates": [[[-80.2520624510633, 25.7446145537326], [-80.25392103192057, 25.74456286741355], [-80.25392023733845, 25.74453935756203], [-80.25206165648117, 25.74459104388108], [-80.2520624510633, 25.7446145537326]]]}, "properties": {"box_id": "11152850:10:left", "zone": "40713", "street": "Southwest 25th Street", "side": "left", "length_m": 186.4, "width_m": 2.6000000000000005, "est_spaces": 27, "ambiguous_band_m": 1.3, "calibrated": false, "source": "ParkMobile zone anchors + OSM centreline; lane offset ASSUMED"}}, {"type": "Feature", "geometry": {"type": "Polygon", "coordinates": [[[-80.25206446807942, 25.74467423258645], [-80.2539230489367, 25.7446225462674], [-80.25392384351882, 25.74464605611892], [-80.25206526266155, 25.74469774243797], [-80.25206446807942, 25.74467423258645]]]}, "properties": {"box_id": "11152850:10:right", "zone": "40713", "street": "Southwest 25th Street", "side": "right", "length_m": 186.4, "width_m": 2.6000000000000005, "est_spaces": 27, "ambiguous_band_m": 1.3, "calibrated": false, "source": "ParkMobile zone anchors + OSM centreline; lane offset ASSUMED"}}, {"type": "Feature", "geometry": {"type": "Polygon", "coordinates": [[[-80.25208979952876, 25.745414453735258], [-80.25416478638373, 25.745353970175014], [-80.25416395356137, 25.74533046141239], [-80.25208896670641, 25.745390944972634], [-80.25208979952876, 25.745414453735258]]]}, "properties": {"box_id": "11142294:12:left", "zone": "40713", "street": "Southwest 24th Terrace", "side": "left", "length_m": 208.2, "width_m": 2.6000000000000005, "est_spaces": 31, "ambiguous_band_m": 1.3, "calibrated": false, "source": "ParkMobile zone anchors + OSM centreline; lane offset ASSUMED"}}, {"type": "Feature", "geometry": {"type": "Polygon", "coordinates": [[[-80.25209191361627, 25.745474129824988], [-80.25416690047123, 25.745413646264744], [-80.25416773329358, 25.745437155027368], [-80.25209274643863, 25.74549763858761], [-80.25209191361627, 25.745474129824988]]]}, "properties": {"box_id": "11142294:12:right", "zone": "40713", "street": "Southwest 24th Terrace", "side": "right", "length_m": 208.2, "width_m": 2.6000000000000005, "est_spaces": 31, "ambiguous_band_m": 1.3, "calibrated": false, "source": "ParkMobile zone anchors + OSM centreline; lane offset ASSUMED"}}, {"type": "Feature", "geometry": {"type": "Polygon", "coordinates": [[[-80.23714274549441, 25.745486283247693], [-80.23754948800065, 25.7454707626182], [-80.23754839816536, 25.74544726250476], [-80.23714165565912, 25.745462783134258], [-80.23714274549441, 25.745486283247693]]]}, "properties": {"box_id": "11152878:9:left", "zone": "40713", "street": "Southwest 25th Street", "side": "left", "length_m": 40.8, "width_m": 2.6000000000000005, "est_spaces": 6, "ambiguous_band_m": 1.3, "calibrated": false, "source": "ParkMobile zone anchors + OSM centreline; lane offset ASSUMED"}}, {"type": "Feature", "geometry": {"type": "Polygon", "coordinates": [[[-80.23714551199936, 25.745545937381802], [-80.2375522545056, 25.745530416752306], [-80.23755334434088, 25.745553916865745], [-80.23714660183465, 25.74556943749524], [-80.23714551199936, 25.745545937381802]]]}, "properties": {"box_id": "11152878:9:right", "zone": "40713", "street": "Southwest 25th Street", "side": "right", "length_m": 40.8, "width_m": 2.6000000000000005, "est_spaces": 6, "ambiguous_band_m": 1.3, "calibrated": false, "source": "ParkMobile zone anchors + OSM centreline; lane offset ASSUMED"}}, {"type": "Feature", "geometry": {"type": "Polygon", "coordinates": [[[-80.2385355709807, 25.746095190311582], [-80.24044484746615, 25.74604302985635], [-80.24044406685431, 25.74601951961948], [-80.23853479036886, 25.74607168007471], [-80.2385355709807, 25.746095190311582]]]}, "properties": {"box_id": "11142309:3:left", "zone": "40713", "street": "Southwest 24th Terrace", "side": "left", "length_m": 191.5, "width_m": 2.6000000000000005, "est_spaces": 28, "ambiguous_band_m": 1.3, "calibrated": false, "source": "ParkMobile zone anchors + OSM centreline; lane offset ASSUMED"}}, {"type": "Feature", "geometry": {"type": "Polygon", "coordinates": [[[-80.23853755253383, 25.746154870143645], [-80.24044682901929, 25.74610270968841], [-80.24044760963113, 25.746126219925284], [-80.23853833314567, 25.746178380380513], [-80.23853755253383, 25.746154870143645]]]}, "properties": {"box_id": "11142309:3:right", "zone": "40713", "street": "Southwest 24th Terrace", "side": "right", "length_m": 191.5, "width_m": 2.6000000000000005, "est_spaces": 28, "ambiguous_band_m": 1.3, "calibrated": false, "source": "ParkMobile zone anchors + OSM centreline; lane offset ASSUMED"}}, {"type": "Feature", "geometry": {"type": "Polygon", "coordinates": [[[-80.2521311860411, 25.746200026932982], [-80.25421297383211, 25.746138597740565], [-80.25421213075187, 25.74611508927863], [-80.25213034296085, 25.746176518471046], [-80.2521311860411, 25.746200026932982]]]}, "properties": {"box_id": "11136052:27:left", "zone": "40713", "street": "Southwest 24th Street", "side": "left", "length_m": 208.8, "width_m": 2.6000000000000005, "est_spaces": 31, "ambiguous_band_m": 1.3, "calibrated": false, "source": "ParkMobile zone anchors + OSM centreline; lane offset ASSUMED"}}, {"type": "Feature", "geometry": {"type": "Polygon", "coordinates": [[[-80.25213332616786, 25.746259702259437], [-80.25421511395888, 25.74619827306702], [-80.25421595703914, 25.746221781528956], [-80.25213416924812, 25.746283210721373], [-80.25213332616786, 25.746259702259437]]]}, "properties": {"box_id": "11136052:27:right", "zone": "40713", "street": "Southwest 24th Street", "side": "right", "length_m": 208.8, "width_m": 2.6000000000000005, "est_spaces": 31, "ambiguous_band_m": 1.3, "calibrated": false, "source": "ParkMobile zone anchors + OSM centreline; lane offset ASSUMED"}}, {"type": "Feature", "geometry": {"type": "Polygon", "coordinates": [[[-80.23835883651734, 25.746606423332302], [-80.24047551693246, 25.74654669864023], [-80.2404747107157, 25.746523189114257], [-80.23835803030057, 25.746582913806325], [-80.23835883651734, 25.746606423332302]]]}, "properties": {"box_id": "11136052:2:left", "zone": "40713", "street": "Southwest 24th Street", "side": "left", "length_m": 212.3, "width_m": 2.6000000000000005, "est_spaces": 31, "ambiguous_band_m": 1.3, "calibrated": false, "source": "ParkMobile zone anchors + OSM centreline; lane offset ASSUMED"}}, {"type": "Feature", "geometry": {"type": "Polygon", "coordinates": [[[-80.23836088306756, 25.746666101359768], [-80.24047756348268, 25.7466063766677], [-80.24047836969943, 25.746629886193677], [-80.2383616892843, 25.746689610885745], [-80.23836088306756, 25.746666101359768]]]}, "properties": {"box_id": "11136052:2:right", "zone": "40713", "street": "Southwest 24th Street", "side": "right", "length_m": 212.3, "width_m": 2.6000000000000005, "est_spaces": 31, "ambiguous_band_m": 1.3, "calibrated": false, "source": "ParkMobile zone anchors + OSM centreline; lane offset ASSUMED"}}, {"type": "Feature", "geometry": {"type": "Polygon", "coordinates": [[[-80.25217214151989, 25.747111940675136], [-80.25404253454818, 25.74705458651927], [-80.25404165845379, 25.7470310790504], [-80.2521712654255, 25.74708843320627], [-80.25217214151989, 25.747111940675136]]]}, "properties": {"box_id": "534961759:4:left", "zone": "40713", "street": "Southwest 23rd Terrace", "side": "left", "length_m": 187.6, "width_m": 2.6000000000000005, "est_spaces": 28, "ambiguous_band_m": 1.3, "calibrated": false, "source": "ParkMobile zone anchors + OSM centreline; lane offset ASSUMED"}}, {"type": "Feature", "geometry": {"type": "Polygon", "coordinates": [[[-80.25217436545182, 25.747171613480727], [-80.2540447584801, 25.74711425932486], [-80.2540456345745, 25.74713776679373], [-80.25217524154621, 25.747195120949595], [-80.25217436545182, 25.747171613480727]]]}, "properties": {"box_id": "534961759:4:right", "zone": "40713", "street": "Southwest 23rd Terrace", "side": "right", "length_m": 187.6, "width_m": 2.6000000000000005, "est_spaces": 28, "ambiguous_band_m": 1.3, "calibrated": false, "source": "ParkMobile zone anchors + OSM centreline; lane offset ASSUMED"}}, {"type": "Feature", "geometry": {"type": "Polygon", "coordinates": [[[-80.2383921574263, 25.747499262490223], [-80.24049763400589, 25.747440958420118], [-80.24049684275192, 25.747417448475712], [-80.23839136617234, 25.747475752545817], [-80.2383921574263, 25.747499262490223]]]}, "properties": {"box_id": "11130894:2:left", "zone": "40713", "street": "Southwest 23rd Terrace", "side": "left", "length_m": 211.2, "width_m": 2.6000000000000005, "est_spaces": 31, "ambiguous_band_m": 1.3, "calibrated": false, "source": "ParkMobile zone anchors + OSM centreline; lane offset ASSUMED"}}, {"type": "Feature", "geometry": {"type": "Polygon", "coordinates": [[[-80.23839416599411, 25.747558941579882], [-80.2404996425737, 25.747500637509777], [-80.24050043382766, 25.747524147454182], [-80.23839495724808, 25.747582451524288], [-80.23839416599411, 25.747558941579882]]]}, "properties": {"box_id": "11130894:2:right", "zone": "40713", "street": "Southwest 23rd Terrace", "side": "right", "length_m": 211.2, "width_m": 2.6000000000000005, "est_spaces": 31, "ambiguous_band_m": 1.3, "calibrated": false, "source": "ParkMobile zone anchors + OSM centreline; lane offset ASSUMED"}}, {"type": "Feature", "geometry": {"type": "Polygon", "coordinates": [[[-80.25273502785711, 25.748040813483396], [-80.25402412177021, 25.74800081452608], [-80.25402323525975, 25.747977307378296], [-80.25273414134666, 25.748017306335612], [-80.25273502785711, 25.748040813483396]]]}, "properties": {"box_id": "1420445663:14:left", "zone": "40713", "street": "Southwest 23rd Street", "side": "left", "length_m": 129.3, "width_m": 2.6000000000000005, "est_spaces": 19, "ambiguous_band_m": 1.3, "calibrated": false, "source": "ParkMobile zone anchors + OSM centreline; lane offset ASSUMED"}}, {"type": "Feature", "geometry": {"type": "Polygon", "coordinates": [[[-80.25273727822979, 25.748100485473923], [-80.25402637214289, 25.748060486516607], [-80.25402725865334, 25.74808399366439], [-80.25273816474024, 25.748123992621707], [-80.25273727822979, 25.748100485473923]]]}, "properties": {"box_id": "1420445663:14:right", "zone": "40713", "street": "Southwest 23rd Street", "side": "right", "length_m": 129.3, "width_m": 2.6000000000000005, "est_spaces": 19, "ambiguous_band_m": 1.3, "calibrated": false, "source": "ParkMobile zone anchors + OSM centreline; lane offset ASSUMED"}}, {"type": "Feature", "geometry": {"type": "Polygon", "coordinates": [[[-80.23878294955459, 25.748431034015073], [-80.23937950190287, 25.748417477819487], [-80.23937885247703, 25.74839396429977], [-80.23878230012876, 25.748407520495356], [-80.23878294955459, 25.748431034015073]]]}, "properties": {"box_id": "1456897853:3:left", "zone": "40713", "street": "Southwest 23rd Street", "side": "left", "length_m": 59.8, "width_m": 2.6000000000000005, "est_spaces": 8, "ambiguous_band_m": 1.3, "calibrated": false, "source": "ParkMobile zone anchors + OSM centreline; lane offset ASSUMED"}}, {"type": "Feature", "geometry": {"type": "Polygon", "coordinates": [[[-80.23878459809711, 25.74849072218051], [-80.2393811504454, 25.748477165984923], [-80.23938179987124, 25.748500679504644], [-80.23878524752296, 25.74851423570023], [-80.23878459809711, 25.74849072218051]]]}, "properties": {"box_id": "1456897853:3:right", "zone": "40713", "street": "Southwest 23rd Street", "side": "right", "length_m": 59.8, "width_m": 2.6000000000000005, "est_spaces": 8, "ambiguous_band_m": 1.3, "calibrated": false, "source": "ParkMobile zone anchors + OSM centreline; lane offset ASSUMED"}}, {"type": "Feature", "geometry": {"type": "Polygon", "coordinates": [[[-80.23638078188432, 25.74873843565132], [-80.23792089747823, 25.74868490124784], [-80.23791990449985, 25.748661397602056], [-80.23637978890595, 25.748714932005537], [-80.23638078188432, 25.74873843565132]]]}, "properties": {"box_id": "1394230328:0:left", "zone": "40713", "street": "Southwest 23rd Street", "side": "left", "length_m": 154.5, "width_m": 2.6000000000000005, "est_spaces": 23, "ambiguous_band_m": 1.3, "calibrated": false, "source": "ParkMobile zone anchors + OSM centreline; lane offset ASSUMED"}}, {"type": "Feature", "geometry": {"type": "Polygon", "coordinates": [[[-80.23638330252176, 25.748798098752157], [-80.23792341811567, 25.748744564348677], [-80.23792441109406, 25.74876806799446], [-80.23638429550014, 25.74882160239794], [-80.23638330252176, 25.748798098752157]]]}, "properties": {"box_id": "1394230328:0:right", "zone": "40713", "street": "Southwest 23rd Street", "side": "right", "length_m": 154.5, "width_m": 2.6000000000000005, "est_spaces": 23, "ambiguous_band_m": 1.3, "calibrated": false, "source": "ParkMobile zone anchors + OSM centreline; lane offset ASSUMED"}}, {"type": "Feature", "geometry": {"type": "Polygon", "coordinates": [[[-80.23634949772966, 25.7495210646511], [-80.23711450984796, 25.74949477127224], [-80.23711352798459, 25.74947126724204], [-80.23634851586631, 25.7494975606209], [-80.23634949772966, 25.7495210646511]]]}, "properties": {"box_id": "1394230298:6:left", "zone": "40713", "street": "Southwest 22nd Terrace", "side": "left", "length_m": 76.8, "width_m": 2.6000000000000005, "est_spaces": 11, "ambiguous_band_m": 1.3, "calibrated": false, "source": "ParkMobile zone anchors + OSM centreline; lane offset ASSUMED"}}, {"type": "Feature", "geometry": {"type": "Polygon", "coordinates": [[[-80.23635199015204, 25.74958072872776], [-80.23711700227032, 25.7495544353489], [-80.23711798413369, 25.7495779393791], [-80.23635297201541, 25.74960423275796], [-80.23635199015204, 25.74958072872776]]]}, "properties": {"box_id": "1394230298:6:right", "zone": "40713", "street": "Southwest 22nd Terrace", "side": "right", "length_m": 76.8, "width_m": 2.6000000000000005, "est_spaces": 11, "ambiguous_band_m": 1.3, "calibrated": false, "source": "ParkMobile zone anchors + OSM centreline; lane offset ASSUMED"}}]}