name,latitude,longitude,wkt,street,side,length_m,est_spaces,zone
Northeast Miami Place (left),25.7900040,-80.1931554,"POLYGON((-80.1931258 25.7894434, -80.1931591 25.7905652, -80.1931850 25.7905646, -80.1931517 25.7894428, -80.1931258 25.7894434))",Northeast Miami Place,left,124.9,16,
Northeast Miami Place (right),25.7900062,-80.1930637,"POLYGON((-80.1930341 25.7894456, -80.1930674 25.7905674, -80.1930933 25.7905668, -80.1930600 25.7894450, -80.1930341 25.7894456))",Northeast Miami Place,right,124.9,16,
Northeast Miami Place (left),25.7915431,-80.1931960,"POLYGON((-80.1931591 25.7905653, -80.1932069 25.7925213, -80.1932328 25.7925208, -80.1931850 25.7905648, -80.1931591 25.7905653))",Northeast Miami Place,left,217.8,30,
Northeast Miami Place (right),25.7915449,-80.1931042,"POLYGON((-80.1930674 25.7905672, -80.1931152 25.7925232, -80.1931411 25.7925227, -80.1930933 25.7905667, -80.1930674 25.7905672))",Northeast Miami Place,right,217.8,30,
way/11112487 (left),25.7686087,-80.1921915,"POLYGON((-80.1922133 25.7683616, -80.1921440 25.7688529, -80.1921697 25.7688558, -80.1922390 25.7683645, -80.1922133 25.7683616))",way/11112487,left,55.1,5,
way/11112487 (right),25.7685983,-80.1921005,"POLYGON((-80.1921223 25.7683512, -80.1920530 25.7688425, -80.1920787 25.7688454, -80.1921480 25.7683541, -80.1921223 25.7683512))",way/11112487,right,55.1,5,
Northeast 8th Street (left),25.7820369,-80.1889985,"POLYGON((-80.1892931 25.7820168, -80.1887030 25.7820336, -80.1887039 25.7820570, -80.1892940 25.7820402, -80.1892931 25.7820168))",Northeast 8th Street,left,59.2,6,
Northeast 8th Street (right),25.7819543,-80.1889956,"POLYGON((-80.1892902 25.7819342, -80.1887001 25.7819510, -80.1887010 25.7819744, -80.1892911 25.7819576, -80.1892902 25.7819342))",Northeast 8th Street,right,59.2,6,
Northeast 17th Street (left),25.7913487,-80.1901033,"POLYGON((-80.1907096 25.7913256, -80.1894964 25.7913484, -80.1894969 25.7913718, -80.1907101 25.7913490, -80.1907096 25.7913256))",Northeast 17th Street,left,121.6,15,
Northeast 17th Street (right),25.7912661,-80.1901013,"POLYGON((-80.1907077 25.7912430, -80.1894945 25.7912658, -80.1894950 25.7912892, -80.1907082 25.7912664, -80.1907077 25.7912430))",Northeast 17th Street,right,121.6,15,
Northwest South River Drive (left),25.7753378,-80.2035115,"POLYGON((-80.2028677 25.7749006, -80.2041392 25.7757934, -80.2041552 25.7757750, -80.2028837 25.7748822, -80.2028677 25.7749006))",Northwest South River Drive,left,161.6,21,
Northwest South River Drive (right),25.7754030,-80.2034550,"POLYGON((-80.2028113 25.7749658, -80.2040828 25.7758586, -80.2040988 25.7758402, -80.2028273 25.7749474, -80.2028113 25.7749658))",Northwest South River Drive,right,161.6,21,
Northwest South River Drive (left),25.7762724,-80.2044511,"POLYGON((-80.2041471 25.7758018, -80.2047323 25.7767543, -80.2047550 25.7767430, -80.2041698 25.7757905, -80.2041471 25.7758018))",Northwest South River Drive,left,121.2,15,
Northwest South River Drive (right),25.7763125,-80.2043707,"POLYGON((-80.2040668 25.7758419, -80.2046520 25.7767944, -80.2046747 25.7767831, -80.2040895 25.7758306, -80.2040668 25.7758419))",Northwest South River Drive,right,121.2,15,
Northwest South River Drive (left),25.7770523,-80.2054566,"POLYGON((-80.2047159 25.7767410, -80.2061860 25.7773847, -80.2061973 25.7773637, -80.2047273 25.7767200, -80.2047159 25.7767410))",Northwest South River Drive,left,163.9,22,
Northwest South River Drive (right),25.7771267,-80.2054165,"POLYGON((-80.2046758 25.7768153, -80.2061458 25.7774590, -80.2061572 25.7774380, -80.2046871 25.7767943, -80.2046758 25.7768153))",Northwest South River Drive,right,163.9,22,
Southwest 14th Terrace (left),25.7596031,-80.1944212,"POLYGON((-80.1937846 25.7596310, -80.1950585 25.7595987, -80.1950577 25.7595753, -80.1937838 25.7596076, -80.1937846 25.7596310))",Southwest 14th Terrace,left,127.8,16,
Southwest 14th Terrace (right),25.7596858,-80.1944237,"POLYGON((-80.1937872 25.7597136, -80.1950611 25.7596813, -80.1950603 25.7596579, -80.1937864 25.7596902, -80.1937872 25.7597136))",Southwest 14th Terrace,right,127.8,16,
Northwest 18th Terrace (left),25.7930748,-80.2078851,"POLYGON((-80.2069880 25.7931142, -80.2087832 25.7930587, -80.2087823 25.7930353, -80.2069871 25.7930908, -80.2069880 25.7931142))",Northwest 18th Terrace,left,180.0,24,
Northwest 18th Terrace (right),25.7931573,-80.2078883,"POLYGON((-80.2069911 25.7931968, -80.2087863 25.7931413, -80.2087854 25.7931179, -80.2069902 25.7931734, -80.2069911 25.7931968))",Northwest 18th Terrace,right,180.0,24,
Northeast 14th Street (left),25.7883064,-80.1945130,"POLYGON((-80.1946778 25.7882884, -80.1943472 25.7883010, -80.1943483 25.7883244, -80.1946789 25.7883118, -80.1946778 25.7882884))",Northeast 14th Street,left,33.2,2,
Northeast 14th Street (right),25.7882238,-80.1945092,"POLYGON((-80.1946739 25.7882058, -80.1943433 25.7882184, -80.1943444 25.7882418, -80.1946750 25.7882292, -80.1946739 25.7882058))",Northeast 14th Street,right,33.2,2,
Northwest 4th Avenue (left),25.7773025,-80.2012197,"POLYGON((-80.2011912 25.7768168, -80.2012222 25.7777888, -80.2012481 25.7777881, -80.2012171 25.7768162, -80.2011912 25.7768168))",Northwest 4th Avenue,left,108.2,13,
Northwest 4th Avenue (right),25.7773048,-80.2011279,"POLYGON((-80.2010995 25.7768192, -80.2011305 25.7777911, -80.2011564 25.7777905, -80.2011254 25.7768185, -80.2010995 25.7768192))",Northwest 4th Avenue,right,108.2,13,
Northwest 4th Avenue (left),25.7792286,-80.2012904,"POLYGON((-80.2012222 25.7777885, -80.2013327 25.7806694, -80.2013586 25.7806686, -80.2012481 25.7777877, -80.2012222 25.7777885))",Northwest 4th Avenue,left,320.9,45,
Northwest 4th Avenue (right),25.7792314,-80.2011987,"POLYGON((-80.2011305 25.7777914, -80.2012410 25.7806723, -80.2012669 25.7806715, -80.2011564 25.7777906, -80.2011305 25.7777914))",Northwest 4th Avenue,right,320.9,45,
Northwest 4th Avenue (left),25.7811196,-80.2013597,"POLYGON((-80.2013327 25.7806696, -80.2013607 25.7815703, -80.2013866 25.7815696, -80.2013586 25.7806689, -80.2013327 25.7806696))",Northwest 4th Avenue,left,100.3,12,
Northwest 4th Avenue (right),25.7811219,-80.2012679,"POLYGON((-80.2012410 25.7806719, -80.2012690 25.7815726, -80.2012949 25.7815719, -80.2012669 25.7806712, -80.2012410 25.7806719))",Northwest 4th Avenue,right,100.3,12,
Northwest 4th Avenue (left),25.7898332,-80.2024279,"POLYGON((-80.2016434 25.7895352, -80.2032019 25.7901526, -80.2032124 25.7901312, -80.2016538 25.7895139, -80.2016434 25.7895352))",Northwest 4th Avenue,left,170.7,23,
Northwest 4th Avenue (right),25.7899089,-80.2023909,"POLYGON((-80.2016064 25.7896109, -80.2031650 25.7902282, -80.2031754 25.7902069, -80.2016169 25.7895895, -80.2016064 25.7896109))",Northwest 4th Avenue,right,170.7,23,
Northwest 4th Avenue (left),25.7906518,-80.2016017,"POLYGON((-80.2016522 25.7916549, -80.2015770 25.7896480, -80.2015511 25.7896488, -80.2016263 25.7916557, -80.2016522 25.7916549))",Northwest 4th Avenue,left,223.5,31,
Northwest 4th Avenue (right),25.7906491,-80.2016934,"POLYGON((-80.2017440 25.7916521, -80.2016688 25.7896452, -80.2016429 25.7896460, -80.2017181 25.7916529, -80.2017440 25.7916521))",Northwest 4th Avenue,right,223.5,31,
Northwest 5th Court (left),25.7910307,-80.2038454,"POLYGON((-80.2035909 25.7904651, -80.2040756 25.7916047, -80.2040998 25.7915963, -80.2036151 25.7904568, -80.2035909 25.7904651))",Northwest 5th Court,left,135.8,18,
Northwest 5th Court (right),25.7910603,-80.2037596,"POLYGON((-80.2035052 25.7904947, -80.2039899 25.7916342, -80.2040141 25.7916259, -80.2035294 25.7904863, -80.2035052 25.7904947))",Northwest 5th Court,right,135.8,18,
Northeast 15th Terrace (left),25.7900348,-80.1898747,"POLYGON((-80.1906731 25.7900066, -80.1890758 25.7900395, -80.1890763 25.7900629, -80.1906736 25.7900300, -80.1906731 25.7900066))",Northeast 15th Terrace,left,160.1,21,
Northeast 15th Terrace (right),25.7899521,-80.1898726,"POLYGON((-80.1906710 25.7899240, -80.1890737 25.7899569, -80.1890742 25.7899803, -80.1906715 25.7899474, -80.1906710 25.7899240))",Northeast 15th Terrace,right,160.1,21,
Northwest 9th Avenue (left),25.7815635,-80.2093376,"POLYGON((-80.2093518 25.7807275, -80.2092974 25.7823987, -80.2093233 25.7823994, -80.2093778 25.7807282, -80.2093518 25.7807275))",Northwest 9th Avenue,left,186.1,25,
Northwest 9th Avenue (right),25.7815610,-80.2092458,"POLYGON((-80.2092601 25.7807251, -80.2092056 25.7823963, -80.2092316 25.7823970, -80.2092860 25.7807258, -80.2092601 25.7807251))",Northwest 9th Avenue,right,186.1,25,
Northwest 9th Avenue (left),25.7786995,-80.2095319,"POLYGON((-80.2095548 25.7788813, -80.2095349 25.7785165, -80.2095090 25.7785177, -80.2095289 25.7788824, -80.2095548 25.7788813))",Northwest 9th Avenue,left,40.6,3,
Northwest 9th Avenue (right),25.7786954,-80.2096236,"POLYGON((-80.2096465 25.7788772, -80.2096266 25.7785125, -80.2096007 25.7785136, -80.2096206 25.7788784, -80.2096465 25.7788772))",Northwest 9th Avenue,right,40.6,3,
Northwest 9th Avenue (left),25.7780328,-80.2095055,"POLYGON((-80.2095349 25.7785160, -80.2095021 25.7775489, -80.2094762 25.7775496, -80.2095090 25.7785167, -80.2095349 25.7785160))",Northwest 9th Avenue,left,107.7,13,
Northwest 9th Avenue (right),25.7780303,-80.2095973,"POLYGON((-80.2096266 25.7785135, -80.2095938 25.7775464, -80.2095679 25.7775471, -80.2096007 25.7785142, -80.2096266 25.7785135))",Northwest 9th Avenue,right,107.7,13,
Northwest 9th Avenue (left),25.7770720,-80.2094729,"POLYGON((-80.2095021 25.7775489, -80.2094697 25.7765943, -80.2094438 25.7765950, -80.2094762 25.7775496, -80.2095021 25.7775489))",Northwest 9th Avenue,left,106.3,13,
Northwest 9th Avenue (right),25.7770694,-80.2095647,"POLYGON((-80.2095938 25.7775464, -80.2095614 25.7765918, -80.2095355 25.7765925, -80.2095679 25.7775471, -80.2095938 25.7775464))",Northwest 9th Avenue,right,106.3,13,
Northwest 9th Avenue (left),25.7761113,-80.2094409,"POLYGON((-80.2094697 25.7765943, -80.2094381 25.7756276, -80.2094122 25.7756283, -80.2094438 25.7765950, -80.2094697 25.7765943))",Northwest 9th Avenue,left,107.7,13,
Northwest 9th Avenue (right),25.7761088,-80.2095327,"POLYGON((-80.2095614 25.7765918, -80.2095298 25.7756251, -80.2095039 25.7756258, -80.2095355 25.7765925, -80.2095614 25.7765918))",Northwest 9th Avenue,right,107.7,13,
Northwest 9th Avenue (left),25.7751474,-80.2094056,"POLYGON((-80.2094381 25.7756278, -80.2093991 25.7746661, -80.2093732 25.7746669, -80.2094122 25.7756286, -80.2094381 25.7756278))",Northwest 9th Avenue,left,107.1,13,
Northwest 9th Avenue (right),25.7751443,-80.2094974,"POLYGON((-80.2095298 25.7756248, -80.2094908 25.7746631, -80.2094649 25.7746639, -80.2095039 25.7756256, -80.2095298 25.7756248))",Northwest 9th Avenue,right,107.1,13,
Southwest 19th Road (left),25.7574135,-80.2006988,"POLYGON((-80.2003661 25.7570428, -80.2010110 25.7577984, -80.2010316 25.7577842, -80.2003867 25.7570286, -80.2003661 25.7570428))",Southwest 19th Road,left,106.1,13,
Southwest 19th Road (right),25.7574639,-80.2006261,"POLYGON((-80.2002933 25.7570932, -80.2009382 25.7578488, -80.2009588 25.7578346, -80.2003139 25.7570790, -80.2002933 25.7570932))",Southwest 19th Road,right,106.1,13,
Southwest 19th Road (left),25.7579762,-80.2011742,"POLYGON((-80.2010113 25.7577988, -80.2013164 25.7581675, -80.2013372 25.7581535, -80.2010321 25.7577848, -80.2010113 25.7577988))",Southwest 19th Road,left,51.2,5,
Southwest 19th Road (right),25.7580255,-80.2011007,"POLYGON((-80.2009377 25.7578482, -80.2012428 25.7582169, -80.2012636 25.7582029, -80.2009585 25.7578342, -80.2009377 25.7578482))",Southwest 19th Road,right,51.2,5,
Southwest 19th Road (left),25.7583649,-80.2014968,"POLYGON((-80.2013163 25.7581674, -80.2016565 25.7585764, -80.2016773 25.7585624, -80.2013371 25.7581534, -80.2013163 25.7581674))",Southwest 19th Road,left,56.9,6,
Southwest 19th Road (right),25.7584145,-80.2014234,"POLYGON((-80.2012429 25.7582170, -80.2015831 25.7586260, -80.2016039 25.7586120, -80.2012637 25.7582030, -80.2012429 25.7582170))",Southwest 19th Road,right,56.9,6,
Southwest 19th Road (left),25.7589590,-80.2019909,"POLYGON((-80.2016565 25.7585764, -80.2023045 25.7593555, -80.2023253 25.7593415, -80.2016773 25.7585624, -80.2016565 25.7585764))",Southwest 19th Road,left,108.4,13,
Southwest 19th Road (right),25.7590085,-80.2019175,"POLYGON((-80.2015831 25.7586260, -80.2022311 25.7594051, -80.2022519 25.7593911, -80.2016039 25.7586120, -80.2015831 25.7586260))",Southwest 19th Road,right,108.4,13,
Southwest 19th Road (left),25.7600644,-80.2029191,"POLYGON((-80.2024104 25.7594823, -80.2034072 25.7606607, -80.2034278 25.7606465, -80.2024310 25.7594682, -80.2024104 25.7594823))",Southwest 19th Road,left,164.9,22,
Southwest 19th Road (right),25.7601145,-80.2028461,"POLYGON((-80.2023374 25.7595324, -80.2033342 25.7607107, -80.2033548 25.7606966, -80.2023580 25.7595182, -80.2023374 25.7595324))",Southwest 19th Road,right,164.9,22,
Southwest 19th Road (left),25.7612654,-80.2039299,"POLYGON((-80.2034494 25.7607074, -80.2043897 25.7618374, -80.2044104 25.7618234, -80.2034702 25.7606934, -80.2034494 25.7607074))",Southwest 19th Road,left,157.2,21,
Southwest 19th Road (right),25.7613150,-80.2038565,"POLYGON((-80.2033760 25.7607570, -80.2043162 25.7618870, -80.2043370 25.7618730, -80.2033967 25.7607430, -80.2033760 25.7607570))",Southwest 19th Road,right,157.2,21,
Southwest 19th Road (left),25.7624763,-80.2048756,"POLYGON((-80.2043840 25.7618296, -80.2053456 25.7631358, -80.2053672 25.7631229, -80.2044056 25.7618167, -80.2043840 25.7618296))",Southwest 19th Road,left,174.5,23,
Southwest 19th Road (right),25.7625219,-80.2047991,"POLYGON((-80.2043075 25.7618753, -80.2052691 25.7631815, -80.2052907 25.7631686, -80.2043291 25.7618624, -80.2043075 25.7618753))",Southwest 19th Road,right,174.5,23,
Southwest 19th Road (left),25.7560066,-80.1995025,"POLYGON((-80.1989773 25.7553914, -80.2000070 25.7566357, -80.2000278 25.7566217, -80.1989981 25.7553774, -80.1989773 25.7553914))",Southwest 19th Road,left,172.8,23,
Southwest 19th Road (right),25.7560559,-80.1994290,"POLYGON((-80.1989037 25.7554408, -80.1999334 25.7566851, -80.1999542 25.7566711, -80.1989245 25.7554268, -80.1989037 25.7554408))",Southwest 19th Road,right,172.8,23,
Northeast 3rd Avenue (left),25.7747918,-80.1886565,"POLYGON((-80.1886176 25.7743087, -80.1886695 25.7752761, -80.1886954 25.7752749, -80.1886435 25.7743075, -80.1886176 25.7743087))",Northeast 3rd Avenue,left,107.8,13,
Northeast 3rd Avenue (right),25.7747958,-80.1885648,"POLYGON((-80.1885259 25.7743127, -80.1885778 25.7752801, -80.1886037 25.7752789, -80.1885518 25.7743115, -80.1885259 25.7743127))",Northeast 3rd Avenue,right,107.8,13,
Northeast 3rd Avenue (left),25.7757601,-80.1886996,"POLYGON((-80.1886695 25.7752766, -80.1887037 25.7762445, -80.1887296 25.7762437, -80.1886954 25.7752758, -80.1886695 25.7752766))",Northeast 3rd Avenue,left,107.8,13,
Northeast 3rd Avenue (right),25.7757628,-80.1886078,"POLYGON((-80.1885778 25.7752792, -80.1886120 25.7762471, -80.1886379 25.7762463, -80.1886037 25.7752784, -80.1885778 25.7752792))",Northeast 3rd Avenue,right,107.8,13,
Northwest 9th Street (left),25.7825228,-80.2022151,"POLYGON((-80.2013963 25.7825510, -80.2030346 25.7825180, -80.2030340 25.7824947, -80.2013957 25.7825276, -80.2013963 25.7825510))",Northwest 9th Street,left,164.3,22,
Northwest 9th Street (right),25.7826055,-80.2022172,"POLYGON((-80.2013983 25.7826336, -80.2030366 25.7826007, -80.2030360 25.7825773, -80.2013977 25.7826103, -80.2013983 25.7826336))",Northwest 9th Street,right,164.3,22,
Northwest 18th Street (left),25.7923611,-80.2095982,"POLYGON((-80.2089490 25.7923907, -80.2102482 25.7923549, -80.2102474 25.7923315, -80.2089482 25.7923673, -80.2089490 25.7923907))",Northwest 18th Street,left,130.3,17,
Northwest 18th Street (right),25.7924437,-80.2096010,"POLYGON((-80.2089518 25.7924733, -80.2102510 25.7924375, -80.2102502 25.7924141, -80.2089510 25.7924499, -80.2089518 25.7924733))",Northwest 18th Street,right,130.3,17,
Northwest 18th Street (left),25.7922719,-80.2079623,"POLYGON((-80.2069781 25.7923145, -80.2089475 25.7922527, -80.2089465 25.7922293, -80.2069771 25.7922911, -80.2069781 25.7923145))",Northwest 18th Street,left,197.5,27,
Northwest 18th Street (right),25.7923545,-80.2079655,"POLYGON((-80.2069813 25.7923971, -80.2089507 25.7923353, -80.2089497 25.7923119, -80.2069803 25.7923737, -80.2069813 25.7923971))",Northwest 18th Street,right,197.5,27,
Northwest 18th Street (left),25.7928492,-80.1961946,"POLYGON((-80.1957323 25.7928824, -80.1966583 25.7928394, -80.1966570 25.7928161, -80.1957310 25.7928591, -80.1957323 25.7928824))",Northwest 18th Street,left,92.9,11,
Northwest 18th Street (right),25.7929318,-80.1961994,"POLYGON((-80.1957370 25.7929649, -80.1966630 25.7929219, -80.1966617 25.7928986, -80.1957357 25.7929416, -80.1957370 25.7929649))",Northwest 18th Street,right,92.9,11,
Northwest 18th Street (left),25.7928126,-80.1971549,"POLYGON((-80.1966589 25.7928394, -80.1976519 25.7928091, -80.1976510 25.7927857, -80.1966580 25.7928160, -80.1966589 25.7928394))",Northwest 18th Street,left,99.6,12,
Northwest 18th Street (right),25.7928951,-80.1971581,"POLYGON((-80.1966620 25.7929220, -80.1976550 25.7928917, -80.1976541 25.7928683, -80.1966611 25.7928986, -80.1966620 25.7929220))",Northwest 18th Street,right,99.6,12,
Northwest 18th Street (left),25.7927858,-80.1980341,"POLYGON((-80.1976519 25.7928091, -80.1984172 25.7927858, -80.1984163 25.7927624, -80.1976510 25.7927857, -80.1976519 25.7928091))",Northwest 18th Street,left,76.7,9,
Northwest 18th Street (right),25.7928683,-80.1980372,"POLYGON((-80.1976550 25.7928917, -80.1984203 25.7928684, -80.1984194 25.7928450, -80.1976541 25.7928683, -80.1976550 25.7928917))",Northwest 18th Street,right,76.7,9,
Northwest 18th Street (left),25.7927681,-80.1986131,"POLYGON((-80.1984172 25.7927858, -80.1988100 25.7927738, -80.1988091 25.7927504, -80.1984163 25.7927624, -80.1984172 25.7927858))",Northwest 18th Street,left,39.4,3,
Northwest 18th Street (right),25.7928507,-80.1986163,"POLYGON((-80.1984203 25.7928684, -80.1988131 25.7928564, -80.1988122 25.7928330, -80.1984194 25.7928450, -80.1984203 25.7928684))",Northwest 18th Street,right,39.4,3,
Northeast 13th Street (left),25.7869654,-80.1936864,"POLYGON((-80.1933167 25.7869879, -80.1940569 25.7869664, -80.1940561 25.7869430, -80.1933159 25.7869645, -80.1933167 25.7869879))",Northeast 13th Street,left,74.2,8,
Northeast 13th Street (right),25.7870481,-80.1936894,"POLYGON((-80.1933197 25.7870705, -80.1940599 25.7870490, -80.1940591 25.7870256, -80.1933189 25.7870471, -80.1933197 25.7870705))",Northeast 13th Street,right,74.2,8,
Brickell Bay Drive (left),25.7638417,-80.1895800,"POLYGON((-80.1895856 25.7654885, -80.1896004 25.7621951, -80.1895745 25.7621950, -80.1895596 25.7654884, -80.1895856 25.7654885))",Brickell Bay Drive,left,366.6,52,
Brickell Bay Drive (right),25.7638421,-80.1896718,"POLYGON((-80.1896773 25.7654888, -80.1896922 25.7621954, -80.1896662 25.7621953, -80.1896514 25.7654887, -80.1896773 25.7654888))",Brickell Bay Drive,right,366.6,52,
Northwest 11th Terrace (left),25.7850823,-80.1942858,"POLYGON((-80.1940198 25.7851017, -80.1945525 25.7850863, -80.1945517 25.7850629, -80.1940190 25.7850783, -80.1940198 25.7851017))",Northwest 11th Terrace,left,53.4,5,
Northwest 11th Terrace (right),25.7851649,-80.1942887,"POLYGON((-80.1940228 25.7851843, -80.1945555 25.7851689, -80.1945547 25.7851455, -80.1940220 25.7851609, -80.1940228 25.7851843))",Northwest 11th Terrace,right,53.4,5,
Northwest 11th Terrace (left),25.7849823,-80.1967779,"POLYGON((-80.1964322 25.7850022, -80.1971242 25.7849859, -80.1971236 25.7849625, -80.1964316 25.7849788, -80.1964322 25.7850022))",Northwest 11th Terrace,left,69.4,8,
Northwest 11th Terrace (right),25.7850650,-80.1967803,"POLYGON((-80.1964346 25.7850848, -80.1971266 25.7850685, -80.1971260 25.7850451, -80.1964340 25.7850614, -80.1964346 25.7850848))",Northwest 11th Terrace,right,69.4,8,
Herald Plaza (left),25.7877874,-80.1865193,"POLYGON((-80.1864869 25.7872570, -80.1865258 25.7883185, -80.1865517 25.7883178, -80.1865128 25.7872563, -80.1864869 25.7872570))",Herald Plaza,left,118.2,15,
Herald Plaza (right),25.7877901,-80.1864276,"POLYGON((-80.1863952 25.7872597, -80.1864341 25.7883212, -80.1864600 25.7883205, -80.1864211 25.7872590, -80.1863952 25.7872597))",Herald Plaza,right,118.2,15,
Northeast 10th Street (left),25.7838933,-80.1915932,"POLYGON((-80.1922855 25.7838620, -80.1909000 25.7839012, -80.1909008 25.7839246, -80.1922863 25.7838854, -80.1922855 25.7838620))",Northeast 10th Street,left,138.9,18,
Northeast 10th Street (right),25.7838107,-80.1915903,"POLYGON((-80.1922827 25.7837794, -80.1908972 25.7838186, -80.1908980 25.7838420, -80.1922835 25.7838028, -80.1922827 25.7837794))",Northeast 10th Street,right,138.9,18,
Southeast 3rd Street (left),25.7717395,-80.1893003,"POLYGON((-80.1896796 25.7717165, -80.1889201 25.7717391, -80.1889209 25.7717625, -80.1896804 25.7717399, -80.1896796 25.7717165))",Southeast 3rd Street,left,76.2,9,
Southeast 3rd Street (right),25.7716569,-80.1892972,"POLYGON((-80.1896766 25.7716339, -80.1889171 25.7716565, -80.1889179 25.7716799, -80.1896774 25.7716573, -80.1896766 25.7716339))",Southeast 3rd Street,right,76.2,9,
Southeast 11th Street (left),25.7634796,-80.1929920,"POLYGON((-80.1927737 25.7634857, -80.1932096 25.7634970, -80.1932104 25.7634736, -80.1927744 25.7634623, -80.1927737 25.7634857))",Southeast 11th Street,left,43.7,4,
Southeast 11th Street (right),25.7635623,-80.1929894,"POLYGON((-80.1927710 25.7635683, -80.1932070 25.7635796, -80.1932077 25.7635562, -80.1927718 25.7635449, -80.1927710 25.7635683))",Southeast 11th Street,right,43.7,4,
Northwest 16th Terrace (left),25.7909282,-80.1994029,"POLYGON((-80.1987928 25.7909590, -80.2000140 25.7909207, -80.2000131 25.7908973, -80.1987919 25.7909356, -80.1987928 25.7909590))",Northwest 16th Terrace,left,122.5,16,
Northwest 16th Terrace (right),25.7910107,-80.1994061,"POLYGON((-80.1987959 25.7910416, -80.2000171 25.7910033, -80.2000162 25.7909799, -80.1987950 25.7910182, -80.1987959 25.7910416))",Northwest 16th Terrace,right,122.5,16,
Southwest 5th Avenue (left),25.7616748,-80.2046982,"POLYGON((-80.2049971 25.7614524, -80.2043834 25.7618787, -80.2043992 25.7618972, -80.2050129 25.7614709, -80.2049971 25.7614524))",Southwest 5th Avenue,left,77.7,9,
Southwest 5th Avenue (right),25.7616093,-80.2046421,"POLYGON((-80.2049411 25.7613869, -80.2043274 25.7618132, -80.2043432 25.7618317, -80.2049569 25.7614054, -80.2049411 25.7613869))",Southwest 5th Avenue,right,77.7,9,
Southwest 5th Avenue (left),25.7621707,-80.2039796,"POLYGON((-80.2043833 25.7618788, -80.2035602 25.7624440, -80.2035759 25.7624625, -80.2043990 25.7618973, -80.2043833 25.7618788))",Southwest 5th Avenue,left,103.8,13,
Southwest 5th Avenue (right),25.7621049,-80.2039239,"POLYGON((-80.2043276 25.7618131, -80.2035045 25.7623783, -80.2035202 25.7623968, -80.2043433 25.7618316, -80.2043276 25.7618131))",Southwest 5th Avenue,right,103.8,13,
Southwest 5th Avenue (left),25.7627324,-80.2031569,"POLYGON((-80.2035600 25.7624441, -80.2027382 25.7630022, -80.2027538 25.7630208, -80.2035756 25.7624627, -80.2035600 25.7624441))",Southwest 5th Avenue,left,103.2,13,
Southwest 5th Avenue (right),25.7626665,-80.2031017,"POLYGON((-80.2035048 25.7623781, -80.2026830 25.7629362, -80.2026986 25.7629548, -80.2035204 25.7623967, -80.2035048 25.7623781))",Southwest 5th Avenue,right,103.2,13,
Brickell Plaza (left),25.7649908,-80.1924277,"POLYGON((-80.1925493 25.7644950, -80.1922810 25.7654810, -80.1923061 25.7654866, -80.1925745 25.7645006, -80.1925493 25.7644950))",Brickell Plaza,left,113.0,14,
Brickell Plaza (right),25.7649711,-80.1923386,"POLYGON((-80.1924602 25.7644753, -80.1921918 25.7654613, -80.1922170 25.7654669, -80.1924853 25.7644809, -80.1924602 25.7644753))",Brickell Plaza,right,113.0,14,
Brickell Plaza (left),25.7659715,-80.1921882,"POLYGON((-80.1922816 25.7654782, -80.1920694 25.7664604, -80.1920949 25.7664649, -80.1923071 25.7654827, -80.1922816 25.7654782))",Brickell Plaza,left,111.4,14,
Brickell Plaza (right),25.7659558,-80.1920982,"POLYGON((-80.1921915 25.7654624, -80.1919793 25.7664446, -80.1920048 25.7664491, -80.1922170 25.7654669, -80.1921915 25.7654624))",Brickell Plaza,right,111.4,14,
Southeast 1st Avenue (left),25.7714782,-80.1919197,"POLYGON((-80.1919655 25.7713314, -80.1918495 25.7716170, -80.1918739 25.7716250, -80.1919898 25.7713394, -80.1919655 25.7713314))",Southeast 1st Avenue,left,33.8,2,
Southeast 1st Avenue (right),25.7714498,-80.1918335,"POLYGON((-80.1918793 25.7713030, -80.1917634 25.7715886, -80.1917877 25.7715966, -80.1919037 25.7713110, -80.1918793 25.7713030))",Southeast 1st Avenue,right,33.8,2,
Northeast 13th Terrace (left),25.7876424,-80.1923973,"POLYGON((-80.1933369 25.7876030, -80.1914568 25.7876584, -80.1914577 25.7876818, -80.1933378 25.7876264, -80.1933369 25.7876030))",Northeast 13th Terrace,left,188.5,25,
Northeast 13th Terrace (right),25.7875598,-80.1923943,"POLYGON((-80.1933339 25.7875204, -80.1914538 25.7875758, -80.1914547 25.7875992, -80.1933348 25.7875438, -80.1933339 25.7875204))",Northeast 13th Terrace,right,188.5,25,
Southeast 2nd Street (left),25.7725550,-80.1910189,"POLYGON((-80.1901768 25.7725905, -80.1918618 25.7725430, -80.1918610 25.7725196, -80.1901760 25.7725671, -80.1901768 25.7725905))",Southeast 2nd Street,left,169.0,22,
Southeast 2nd Street (right),25.7726377,-80.1910218,"POLYGON((-80.1901797 25.7726731, -80.1918647 25.7726256, -80.1918639 25.7726022, -80.1901789 25.7726497, -80.1901797 25.7726731))",Southeast 2nd Street,right,169.0,22,
Northwest 14th Street (left),25.7882090,-80.1948996,"POLYGON((-80.1946750 25.7882292, -80.1951253 25.7882122, -80.1951242 25.7881888, -80.1946739 25.7882058, -80.1946750 25.7882292))",Northwest 14th Street,left,45.2,4,
Northwest 14th Street (right),25.7882916,-80.1949035,"POLYGON((-80.1946789 25.7883118, -80.1951292 25.7882948, -80.1951281 25.7882714, -80.1946778 25.7882884, -80.1946789 25.7883118))",Northwest 14th Street,right,45.2,4,
Northwest 14th Street (left),25.7881786,-80.1958210,"POLYGON((-80.1951255 25.7882122, -80.1965174 25.7881684, -80.1965165 25.7881450, -80.1951246 25.7881888, -80.1951255 25.7882122))",Northwest 14th Street,left,139.6,18,
Northwest 14th Street (right),25.7882612,-80.1958242,"POLYGON((-80.1951287 25.7882948, -80.1965206 25.7882510, -80.1965197 25.7882276, -80.1951278 25.7882714, -80.1951287 25.7882948))",Northwest 14th Street,right,139.6,18,
Northwest 14th Street (left),25.7881437,-80.1970183,"POLYGON((-80.1965175 25.7881684, -80.1975198 25.7881424, -80.1975190 25.7881190, -80.1965168 25.7881450, -80.1965175 25.7881684))",Northwest 14th Street,left,100.5,12,
Northwest 14th Street (right),25.7882263,-80.1970209,"POLYGON((-80.1965202 25.7882510, -80.1975224 25.7882250, -80.1975217 25.7882016, -80.1965194 25.7882276, -80.1965202 25.7882510))",Northwest 14th Street,right,100.5,12,
Northwest 14th Street (left),25.7881225,-80.1977385,"POLYGON((-80.1975193 25.7881424, -80.1979588 25.7881260, -80.1979578 25.7881026, -80.1975183 25.7881190, -80.1975193 25.7881424))",Northwest 14th Street,left,44.1,4,
Northwest 14th Street (right),25.7882051,-80.1977424,"POLYGON((-80.1975231 25.7882250, -80.1979626 25.7882086, -80.1979616 25.7881852, -80.1975221 25.7882016, -80.1975231 25.7882250))",Northwest 14th Street,right,44.1,4,
Southwest 6th Court (left),25.7684834,-80.2049787,"POLYGON((-80.2050107 25.7689643, -80.2049727 25.7680017, -80.2049468 25.7680025, -80.2049848 25.7689651, -80.2050107 25.7689643))",Southwest 6th Court,left,107.2,13,
Southwest 6th Court (right),25.7684804,-80.2050705,"POLYGON((-80.2051024 25.7689613, -80.2050644 25.7679987, -80.2050385 25.7679995, -80.2050765 25.7689621, -80.2051024 25.7689613))",Southwest 6th Court,right,107.2,13,
Southwest 1st Court (left),25.7600190,-80.1955082,"POLYGON((-80.1955101 25.7604294, -80.1955322 25.7596091, -80.1955063 25.7596086, -80.1954842 25.7604289, -80.1955101 25.7604294))",Southwest 1st Court,left,91.3,11,
Southwest 1st Court (right),25.7600210,-80.1955999,"POLYGON((-80.1956018 25.7604314, -80.1956239 25.7596111, -80.1955980 25.7596106, -80.1955759 25.7604309, -80.1956018 25.7604314))",Southwest 1st Court,right,91.3,11,
Southwest 1st Court (left),25.7728358,-80.1962021,"POLYGON((-80.1962189 25.7732435, -80.1962112 25.7724280, -80.1961852 25.7724282, -80.1961929 25.7732437, -80.1962189 25.7732435))",Southwest 1st Court,left,90.8,11,
Southwest 1st Court (right),25.7728351,-80.1962938,"POLYGON((-80.1963107 25.7732427, -80.1963030 25.7724272, -80.1962770 25.7724274, -80.1962847 25.7732429, -80.1963107 25.7732427))",Southwest 1st Court,right,90.8,11,
Southwest 1st Court (left),25.7719563,-80.1961802,"POLYGON((-80.1962112 25.7724287, -80.1961751 25.7714831, -80.1961492 25.7714839, -80.1961853 25.7724295, -80.1962112 25.7724287))",Southwest 1st Court,left,105.3,13,
Southwest 1st Court (right),25.7719535,-80.1962719,"POLYGON((-80.1963029 25.7724259, -80.1962668 25.7714803, -80.1962409 25.7714811, -80.1962770 25.7724267, -80.1963029 25.7724259))",Southwest 1st Court,right,105.3,13,
Northwest 2nd Court (left),25.7926459,-80.1993573,"POLYGON((-80.1993196 25.7916759, -80.1993691 25.7936164, -80.1993950 25.7936159, -80.1993455 25.7916754, -80.1993196 25.7916759))",Northwest 2nd Court,left,216.1,29,
Northwest 2nd Court (right),25.7926478,-80.1992656,"POLYGON((-80.1992279 25.7916778, -80.1992774 25.7936183, -80.1993033 25.7936178, -80.1992538 25.7916773, -80.1992279 25.7916778))",Northwest 2nd Court,right,216.1,29,
Northwest 2nd Court (left),25.7945274,-80.1994100,"POLYGON((-80.1993691 25.7936163, -80.1994250 25.7954392, -80.1994509 25.7954385, -80.1993950 25.7936156, -80.1993691 25.7936163))",Northwest 2nd Court,left,203.0,28,
Northwest 2nd Court (right),25.7945297,-80.1993183,"POLYGON((-80.1992774 25.7936186, -80.1993333 25.7954415, -80.1993592 25.7954408, -80.1993033 25.7936179, -80.1992774 25.7936186))",Northwest 2nd Court,right,203.0,28,
Northwest 2nd Court (left),25.7872295,-80.1993333,"POLYGON((-80.1993052 25.7868366, -80.1993355 25.7876233, -80.1993614 25.7876225, -80.1993311 25.7868358, -80.1993052 25.7868366))",Northwest 2nd Court,left,87.6,10,
Northwest 2nd Court (right),25.7872324,-80.1992416,"POLYGON((-80.1992135 25.7868394, -80.1992438 25.7876261, -80.1992697 25.7876253, -80.1992394 25.7868386, -80.1992135 25.7868394))",Northwest 2nd Court,right,87.6,10,
Northwest 2nd Court (left),25.7831484,-80.1989250,"POLYGON((-80.1988939 25.7826660, -80.1989302 25.7836315, -80.1989561 25.7836307, -80.1989198 25.7826652, -80.1988939 25.7826660))",Northwest 2nd Court,left,107.5,13,
Northwest 2nd Court (right),25.7831511,-80.1988333,"POLYGON((-80.1988022 25.7826688, -80.1988385 25.7836343, -80.1988644 25.7836335, -80.1988281 25.7826680, -80.1988022 25.7826688))",Northwest 2nd Court,right,107.5,13,
Southwest 2nd Avenue (left),25.7736216,-80.1976507,"POLYGON((-80.1976799 25.7740345, -80.1976475 25.7732078, -80.1976216 25.7732086, -80.1976540 25.7740353, -80.1976799 25.7740345))",Southwest 2nd Avenue,left,92.1,11,
Southwest 2nd Avenue (right),25.7736186,-80.1977425,"POLYGON((-80.1977716 25.7740316, -80.1977392 25.7732049, -80.1977133 25.7732057, -80.1977457 25.7740324, -80.1977716 25.7740316))",Southwest 2nd Avenue,right,92.1,11,
Southwest 2nd Avenue (left),25.7580615,-80.2005522,"POLYGON((-80.2001551 25.7583487, -80.2009651 25.7577928, -80.2009494 25.7577742, -80.2001394 25.7583301, -80.2001551 25.7583487))",Southwest 2nd Avenue,left,102.1,12,
Southwest 2nd Avenue (right),25.7581272,-80.2006079,"POLYGON((-80.2002107 25.7584145, -80.2010207 25.7578586, -80.2010050 25.7578400, -80.2001950 25.7583959, -80.2002107 25.7584145))",Southwest 2nd Avenue,right,102.1,12,
Northwest 7th Court (left),25.7893226,-80.2079234,"POLYGON((-80.2079057 25.7891908, -80.2079152 25.7894551, -80.2079411 25.7894544, -80.2079316 25.7891901, -80.2079057 25.7891908))",Northwest 7th Court,left,29.4,2,
Northwest 7th Court (right),25.7893253,-80.2078317,"POLYGON((-80.2078140 25.7891935, -80.2078235 25.7894578, -80.2078494 25.7894571, -80.2078399 25.7891928, -80.2078140 25.7891935))",Northwest 7th Court,right,29.4,2,
Northwest 7th Court (left),25.7904783,-80.2079629,"POLYGON((-80.2079152 25.7894552, -80.2079846 25.7915022, -80.2080105 25.7915015, -80.2079411 25.7894545, -80.2079152 25.7894552))",Northwest 7th Court,left,228.0,31,
Northwest 7th Court (right),25.7904809,-80.2078711,"POLYGON((-80.2078235 25.7894577, -80.2078929 25.7915047, -80.2079188 25.7915040, -80.2078494 25.7894570, -80.2078235 25.7894577))",Northwest 7th Court,right,228.0,31,
Northwest 7th Court (left),25.7829044,-80.2076785,"POLYGON((-80.2076521 25.7824346, -80.2076789 25.7833749, -80.2077048 25.7833743, -80.2076780 25.7824340, -80.2076521 25.7824346))",Northwest 7th Court,left,104.7,13,
Northwest 7th Court (right),25.7829066,-80.2075867,"POLYGON((-80.2075604 25.7824367, -80.2075872 25.7833770, -80.2076131 25.7833764, -80.2075863 25.7824361, -80.2075604 25.7824367))",Northwest 7th Court,right,104.7,13,
Northwest 7th Court (left),25.7837769,-80.2076978,"POLYGON((-80.2076789 25.7833751, -80.2076907 25.7841790, -80.2077167 25.7841787, -80.2077049 25.7833748, -80.2076789 25.7833751))",Northwest 7th Court,left,89.5,11,
Northwest 7th Court (right),25.7837780,-80.2076060,"POLYGON((-80.2075871 25.7833762, -80.2075989 25.7841801, -80.2076249 25.7841798, -80.2076131 25.7833759, -80.2075871 25.7833762))",Northwest 7th Court,right,89.5,11,
Northwest 7th Court (left),25.7852308,-80.2078506,"POLYGON((-80.2079112 25.7847979, -80.2077643 25.7856602, -80.2077899 25.7856637, -80.2079368 25.7848014, -80.2079112 25.7847979))",Northwest 7th Court,left,97.1,12,
Northwest 7th Court (right),25.7852183,-80.2077598,"POLYGON((-80.2078205 25.7847854, -80.2076736 25.7856477, -80.2076992 25.7856512, -80.2078461 25.7847889, -80.2078205 25.7847854))",Northwest 7th Court,right,97.1,12,
Northwest 7th Court (left),25.7861162,-80.2078057,"POLYGON((-80.2077712 25.7856156, -80.2078143 25.7866178, -80.2078402 25.7866169, -80.2077971 25.7856147, -80.2077712 25.7856156))",Northwest 7th Court,left,111.7,14,
Northwest 7th Court (right),25.7861195,-80.2077140,"POLYGON((-80.2076795 25.7856188, -80.2077226 25.7866210, -80.2077485 25.7866201, -80.2077054 25.7856179, -80.2076795 25.7856188))",Northwest 7th Court,right,111.7,14,
Northwest 7th Court (left),25.7872217,-80.2078477,"POLYGON((-80.2078143 25.7866176, -80.2078551 25.7878265, -80.2078810 25.7878258, -80.2078402 25.7866169, -80.2078143 25.7866176))",Northwest 7th Court,left,134.6,17,
Northwest 7th Court (right),25.7872242,-80.2077559,"POLYGON((-80.2077226 25.7866201, -80.2077634 25.7878290, -80.2077893 25.7878283, -80.2077485 25.7866194, -80.2077226 25.7866201))",Northwest 7th Court,right,134.6,17,
Northwest 11th Street (left),25.7846676,-80.1949910,"POLYGON((-80.1940029 25.7847089, -80.1959800 25.7846496, -80.1959791 25.7846262, -80.1940020 25.7846855, -80.1940029 25.7847089))",Northwest 11th Street,left,198.3,27,
Northwest 11th Street (right),25.7847501,-80.1949941,"POLYGON((-80.1940060 25.7847915, -80.1959831 25.7847322, -80.1959822 25.7847088, -80.1940051 25.7847681, -80.1940060 25.7847915))",Northwest 11th Street,right,198.3,27,
Northwest 11th Street (left),25.7846329,-80.1962014,"POLYGON((-80.1959803 25.7846496, -80.1964231 25.7846397, -80.1964224 25.7846163, -80.1959796 25.7846262, -80.1959803 25.7846496))",Northwest 11th Street,left,44.4,4,
Northwest 11th Street (right),25.7847156,-80.1962036,"POLYGON((-80.1959826 25.7847322, -80.1964254 25.7847223, -80.1964247 25.7846989, -80.1959819 25.7847088, -80.1959826 25.7847322))",Northwest 11th Street,right,44.4,4,
Northwest 11th Street (left),25.7846176,-80.1968431,"POLYGON((-80.1964230 25.7846397, -80.1972640 25.7846189, -80.1972633 25.7845955, -80.1964223 25.7846163, -80.1964230 25.7846397))",Northwest 11th Street,left,84.3,10,
Northwest 11th Street (right),25.7847002,-80.1968457,"POLYGON((-80.1964255 25.7847223, -80.1972665 25.7847015, -80.1972658 25.7846781, -80.1964248 25.7846989, -80.1964255 25.7847223))",Northwest 11th Street,right,84.3,10,
Northwest 11th Street (left),25.7845965,-80.1976785,"POLYGON((-80.1972640 25.7846189, -80.1980938 25.7845976, -80.1980930 25.7845742, -80.1972632 25.7845955, -80.1972640 25.7846189))",Northwest 11th Street,left,83.2,10,
Northwest 11th Street (right),25.7846792,-80.1976811,"POLYGON((-80.1972666 25.7847015, -80.1980964 25.7846802, -80.1980956 25.7846568, -80.1972658 25.7846781, -80.1972666 25.7847015))",Northwest 11th Street,right,83.2,10,
Northwest 11th Street (left),25.7845567,-80.1989308,"POLYGON((-80.1980934 25.7845976, -80.1997693 25.7845391, -80.1997683 25.7845157, -80.1980924 25.7845742, -80.1980934 25.7845976))",Northwest 11th Street,left,168.1,22,
Northwest 11th Street (right),25.7846392,-80.1989344,"POLYGON((-80.1980969 25.7846802, -80.1997728 25.7846217, -80.1997718 25.7845983, -80.1980959 25.7846568, -80.1980969 25.7846802))",Northwest 11th Street,right,168.1,22,
Northwest 11th Street (left),25.7840439,-80.2098349,"POLYGON((-80.2095750 25.7840659, -80.2100959 25.7840452, -80.2100947 25.7840218, -80.2095739 25.7840426, -80.2095750 25.7840659))",Northwest 11th Street,left,52.3,5,
Northwest 11th Street (right),25.7841264,-80.2098389,"POLYGON((-80.2095791 25.7841485, -80.2100999 25.7841277, -80.2100988 25.7841044, -80.2095779 25.7841251, -80.2095791 25.7841485))",Northwest 11th Street,right,52.3,5,
Southwest 18th Terrace (left),25.7606274,-80.2020975,"POLYGON((-80.2015959 25.7600464, -80.2025783 25.7612225, -80.2025990 25.7612085, -80.2016166 25.7600323, -80.2015959 25.7600464))",Southwest 18th Terrace,left,163.8,22,
Southwest 18th Terrace (right),25.7606771,-80.2020241,"POLYGON((-80.2015226 25.7600960, -80.2025050 25.7612722, -80.2025257 25.7612581, -80.2015433 25.7600820, -80.2015226 25.7600960))",Southwest 18th Terrace,right,163.8,22,
Southwest 18th Terrace (left),25.7618300,-80.2031035,"POLYGON((-80.2026198 25.7612714, -80.2035665 25.7624026, -80.2035872 25.7623885, -80.2026405 25.7612574, -80.2026198 25.7612714))",Southwest 18th Terrace,left,157.7,21,
Southwest 18th Terrace (right),25.7618797,-80.2030302,"POLYGON((-80.2025465 25.7613212, -80.2034932 25.7624523, -80.2035139 25.7624383, -80.2025672 25.7613071, -80.2025465 25.7613212))",Southwest 18th Terrace,right,157.7,21,
Southwest 18th Terrace (left),25.7627827,-80.2038180,"POLYGON((-80.2035603 25.7623920, -80.2040532 25.7631848, -80.2040758 25.7631734, -80.2035829 25.7623806, -80.2035603 25.7623920))",Southwest 18th Terrace,left,101.1,12,
Southwest 18th Terrace (right),25.7628231,-80.2037380,"POLYGON((-80.2034802 25.7624324, -80.2039731 25.7632252, -80.2039957 25.7632138, -80.2035028 25.7624210, -80.2034802 25.7624324))",Southwest 18th Terrace,right,101.1,12,
Southwest 18th Terrace (left),25.7566008,-80.1986189,"POLYGON((-80.1980952 25.7559948, -80.1991219 25.7572208, -80.1991426 25.7572067, -80.1981159 25.7559808, -80.1980952 25.7559948))",Southwest 18th Terrace,left,170.9,23,
Southwest 18th Terrace (right),25.7566505,-80.1985456,"POLYGON((-80.1980219 25.7560446, -80.1990486 25.7572705, -80.1990693 25.7572565, -80.1980426 25.7560305, -80.1980219 25.7560446))",Southwest 18th Terrace,right,170.9,23,
Northeast 8th Street (left),25.7819231,-80.1930575,"POLYGON((-80.1938973 25.7818875, -80.1922169 25.7819353, -80.1922177 25.7819587, -80.1938981 25.7819109, -80.1938973 25.7818875))",Northeast 8th Street,left,168.5,22,
Northeast 8th Street (right),25.7818405,-80.1930546,"POLYGON((-80.1938944 25.7818049, -80.1922140 25.7818527, -80.1922148 25.7818761, -80.1938952 25.7818283, -80.1938944 25.7818049))",Northeast 8th Street,right,168.5,22,
Southwest 4th Street (left),25.7698862,-80.1997578,"POLYGON((-80.1993047 25.7697688, -80.2002029 25.7700259, -80.2002108 25.7700036, -80.1993126 25.7697465, -80.1993047 25.7697688))",Southwest 4th Street,left,94.5,11,
Southwest 4th Street (right),25.7699650,-80.1997299,"POLYGON((-80.1992769 25.7698476, -80.2001751 25.7701047, -80.2001830 25.7700824, -80.1992848 25.7698253, -80.1992769 25.7698476))",Southwest 4th Street,right,94.5,11,
Southwest 12th Street (left),25.7624213,-80.1964315,"POLYGON((-80.1955848 25.7624528, -80.1972789 25.7624132, -80.1972782 25.7623898, -80.1955842 25.7624294, -80.1955848 25.7624528))",Southwest 12th Street,left,169.9,23,
Southwest 12th Street (right),25.7625039,-80.1964339,"POLYGON((-80.1955872 25.7625354, -80.1972812 25.7624958, -80.1972806 25.7624724, -80.1955865 25.7625120, -80.1955872 25.7625354))",Southwest 12th Street,right,169.9,23,
Southwest 12th Street (left),25.7625688,-80.1930672,"POLYGON((-80.1929823 25.7626196, -80.1931635 25.7625389, -80.1931520 25.7625180, -80.1929708 25.7625987, -80.1929823 25.7626196))",Southwest 12th Street,left,20.3,0,
Southwest 12th Street (right),25.7626429,-80.1931078,"POLYGON((-80.1930230 25.7626937, -80.1932042 25.7626130, -80.1931927 25.7625921, -80.1930115 25.7626728, -80.1930230 25.7626937))",Southwest 12th Street,right,20.3,0,
Northwest 8th Avenue (left),25.7860021,-80.2087223,"POLYGON((-80.2086925 25.7855902, -80.2087261 25.7864148, -80.2087520 25.7864140, -80.2087184 25.7855894, -80.2086925 25.7855902))",Northwest 8th Avenue,left,91.9,11,
Northwest 8th Avenue (right),25.7860051,-80.2086305,"POLYGON((-80.2086008 25.7855932, -80.2086344 25.7864178, -80.2086603 25.7864170, -80.2086267 25.7855924, -80.2086008 25.7855932))",Northwest 8th Avenue,right,91.9,11,
Northwest 8th Avenue (left),25.7867129,-80.2087458,"POLYGON((-80.2087294 25.7865916, -80.2087362 25.7868348, -80.2087621 25.7868342, -80.2087553 25.7865910, -80.2087294 25.7865916))",Northwest 8th Avenue,left,27.1,1,
Northwest 8th Avenue (right),25.7867149,-80.2086540,"POLYGON((-80.2086377 25.7865936, -80.2086445 25.7868368, -80.2086704 25.7868362, -80.2086636 25.7865930, -80.2086377 25.7865936))",Northwest 8th Avenue,right,27.1,1,
Northwest 8th Avenue (left),25.7873208,-80.2087599,"POLYGON((-80.2087362 25.7868349, -80.2087576 25.7878072, -80.2087836 25.7878068, -80.2087621 25.7868344, -80.2087362 25.7868349))",Northwest 8th Avenue,left,108.3,13,
Northwest 8th Avenue (right),25.7873225,-80.2086681,"POLYGON((-80.2086444 25.7868365, -80.2086659 25.7878089, -80.2086918 25.7878084, -80.2086704 25.7868361, -80.2086444 25.7868365))",Northwest 8th Avenue,right,108.3,13,
Northwest 8th Avenue (left),25.7890728,-80.2088309,"POLYGON((-80.2088126 25.7888720, -80.2088233 25.7892741, -80.2088492 25.7892735, -80.2088385 25.7888714, -80.2088126 25.7888720))",Northwest 8th Avenue,left,44.8,4,
Northwest 8th Avenue (right),25.7890747,-80.2087392,"POLYGON((-80.2087209 25.7888740, -80.2087316 25.7892761, -80.2087575 25.7892755, -80.2087468 25.7888734, -80.2087209 25.7888740))",Northwest 8th Avenue,right,44.8,4,
Northwest 8th Avenue (left),25.7905066,-80.2088937,"POLYGON((-80.2088316 25.7895348, -80.2089298 25.7914794, -80.2089558 25.7914783, -80.2088576 25.7895338, -80.2088316 25.7895348))",Northwest 8th Avenue,left,216.7,30,
Northwest 8th Avenue (right),25.7905103,-80.2088020,"POLYGON((-80.2087399 25.7895386, -80.2088381 25.7914831, -80.2088641 25.7914821, -80.2087659 25.7895375, -80.2087399 25.7895386))",Northwest 8th Avenue,right,216.7,30,
Northwest 8th Avenue (left),25.7918776,-80.2089685,"POLYGON((-80.2089295 25.7914737, -80.2089816 25.7922828, -80.2090075 25.7922815, -80.2089554 25.7914724, -80.2089295 25.7914737))",Northwest 8th Avenue,left,90.2,11,
Northwest 8th Avenue (right),25.7918824,-80.2088769,"POLYGON((-80.2088379 25.7914785, -80.2088900 25.7922876, -80.2089159 25.7922863, -80.2088638 25.7914772, -80.2088379 25.7914785))",Northwest 8th Avenue,right,90.2,11,
Northwest 8th Avenue (left),25.7851654,-80.2086536,"POLYGON((-80.2086476 25.7847319, -80.2086337 25.7855987, -80.2086597 25.7855990, -80.2086735 25.7847322, -80.2086476 25.7847319))",Northwest 8th Avenue,left,96.5,12,
Northwest 8th Avenue (right),25.7851643,-80.2085619,"POLYGON((-80.2085558 25.7847307, -80.2085420 25.7855975, -80.2085679 25.7855978, -80.2085818 25.7847310, -80.2085558 25.7847307))",Northwest 8th Avenue,right,96.5,12,
Southwest 15th Road (left),25.7624380,-80.2005039,"POLYGON((-80.2003057 25.7623351, -80.2006879 25.7625604, -80.2007021 25.7625409, -80.2003199 25.7623156, -80.2003057 25.7623351))",Southwest 15th Road,left,45.8,4,
Southwest 15th Road (right),25.7625071,-80.2004537,"POLYGON((-80.2002555 25.7624042, -80.2006377 25.7626295, -80.2006519 25.7626100, -80.2002697 25.7623847, -80.2002555 25.7624042))",Southwest 15th Road,right,45.8,4,
Southwest 15th Road (left),25.7628846,-80.2012641,"POLYGON((-80.2006879 25.7625604, -80.2018261 25.7632285, -80.2018402 25.7632089, -80.2007020 25.7625408, -80.2006879 25.7625604))",Southwest 15th Road,left,136.2,18,
Southwest 15th Road (right),25.7629539,-80.2012139,"POLYGON((-80.2006378 25.7626296, -80.2017760 25.7632977, -80.2017901 25.7632781, -80.2006519 25.7626100, -80.2006378 25.7626296))",Southwest 15th Road,right,136.2,18,
Northwest 5th Street (left),25.7784750,-80.2121790,"POLYGON((-80.2147882 25.7783819, -80.2095688 25.7785447, -80.2095697 25.7785681, -80.2147891 25.7784053, -80.2147882 25.7783819))",Northwest 5th Street,left,523.5,75,
Northwest 5th Street (right),25.7783924,-80.2121758,"POLYGON((-80.2147851 25.7782993, -80.2095657 25.7784621, -80.2095666 25.7784855, -80.2147860 25.7783227, -80.2147851 25.7782993))",Northwest 5th Street,right,523.5,75,
Northwest 5th Street (left),25.7785602,-80.2093331,"POLYGON((-80.2095684 25.7785447, -80.2090973 25.7785523, -80.2090978 25.7785757, -80.2095689 25.7785681, -80.2095684 25.7785447))",Northwest 5th Street,left,47.2,4,
Northwest 5th Street (right),25.7784776,-80.2093315,"POLYGON((-80.2095668 25.7784621, -80.2090957 25.7784697, -80.2090962 25.7784931, -80.2095673 25.7784855, -80.2095668 25.7784621))",Northwest 5th Street,right,47.2,4,
Northwest 11th Road (left),25.7848954,-80.2090764,"POLYGON((-80.2085834 25.7846899, -80.2095579 25.7851218, -80.2095694 25.7851008, -80.2085948 25.7846690, -80.2085834 25.7846899))",Northwest 11th Road,left,108.9,13,
Northwest 11th Road (right),25.7849695,-80.2090358,"POLYGON((-80.2085428 25.7847641, -80.2095174 25.7851959, -80.2095288 25.7851750, -80.2085543 25.7847431, -80.2085428 25.7847641))",Northwest 11th Road,right,108.9,13,
Northwest 11th Road (left),25.7853135,-80.2097587,"POLYGON((-80.2095214 25.7851076, -80.2099773 25.7855357, -80.2099960 25.7855195, -80.2095401 25.7850914, -80.2095214 25.7851076))",Northwest 11th Road,left,66.0,7,
Northwest 11th Road (right),25.7853708,-80.2096924,"POLYGON((-80.2094551 25.7851648, -80.2099110 25.7855929, -80.2099297 25.7855767, -80.2094738 25.7851486, -80.2094551 25.7851648))",Northwest 11th Road,right,66.0,7,
Northwest 11th Road (left),25.7859822,-80.2104937,"POLYGON((-80.2099767 25.7855352, -80.2109925 25.7864457, -80.2110108 25.7864292, -80.2099950 25.7855186, -80.2099767 25.7855352))",Northwest 11th Road,left,143.7,19,
Northwest 11th Road (right),25.7860407,-80.2104290,"POLYGON((-80.2099119 25.7855937, -80.2109277 25.7865043, -80.2109460 25.7864877, -80.2099302 25.7855772, -80.2099119 25.7855937))",Northwest 11th Road,right,143.7,19,
Northeast 4th Avenue (left),25.7932185,-80.1880437,"POLYGON((-80.1882120 25.7928843, -80.1878522 25.7935424, -80.1878755 25.7935527, -80.1882352 25.7928946, -80.1882120 25.7928843))",Northeast 4th Avenue,left,81.7,9,
Northeast 4th Avenue (right),25.7931820,-80.1879614,"POLYGON((-80.1881296 25.7928478, -80.1877699 25.7935059, -80.1877931 25.7935162, -80.1881529 25.7928581, -80.1881296 25.7928478))",Northeast 4th Avenue,right,81.7,9,
Northeast 4th Avenue (left),25.7946826,-80.1880058,"POLYGON((-80.1882321 25.7944884, -80.1877623 25.7948592, -80.1877794 25.7948768, -80.1882492 25.7945060, -80.1882321 25.7944884))",Northeast 4th Avenue,left,62.6,7,
Northeast 4th Avenue (right),25.7946204,-80.1879452,"POLYGON((-80.1881716 25.7944262, -80.1877018 25.7947970, -80.1877189 25.7948146, -80.1881887 25.7944438, -80.1881716 25.7944262))",Northeast 4th Avenue,right,62.6,7,
Southwest 23rd Road (left),25.7553564,-80.2041046,"POLYGON((-80.2036182 25.7548000, -80.2045704 25.7559268, -80.2045910 25.7559127, -80.2036388 25.7547859, -80.2036182 25.7548000))",Southwest 23rd Road,left,157.6,21,
Southwest 23rd Road (right),25.7554064,-80.2040316,"POLYGON((-80.2035452 25.7548501, -80.2044974 25.7559769, -80.2045180 25.7559628, -80.2035658 25.7548360, -80.2035452 25.7548501))",Southwest 23rd Road,right,157.6,21,
Southwest 23rd Road (left),25.7565115,-80.2050781,"POLYGON((-80.2045704 25.7559269, -80.2055651 25.7571103, -80.2055858 25.7570962, -80.2045911 25.7559128, -80.2045704 25.7559269))",Southwest 23rd Road,left,165.2,22,
Southwest 23rd Road (right),25.7565614,-80.2050049,"POLYGON((-80.2044972 25.7559767, -80.2054919 25.7571601, -80.2055126 25.7571460, -80.2045179 25.7559626, -80.2044972 25.7559767))",Southwest 23rd Road,right,165.2,22,
Southwest 23rd Road (left),25.7578143,-80.2061753,"POLYGON((-80.2056759 25.7572330, -80.2066539 25.7584095, -80.2066746 25.7583955, -80.2056967 25.7572190, -80.2056759 25.7572330))",Southwest 23rd Road,left,163.6,22,
Southwest 23rd Road (right),25.7578638,-80.2061018,"POLYGON((-80.2056025 25.7572826, -80.2065804 25.7584591, -80.2066012 25.7584451, -80.2056232 25.7572686, -80.2056025 25.7572826))",Southwest 23rd Road,right,163.6,22,
Southwest 23rd Road (left),25.7590081,-80.2071983,"POLYGON((-80.2066977 25.7584609, -80.2076787 25.7595699, -80.2076990 25.7595553, -80.2067180 25.7584463, -80.2066977 25.7584609))",Southwest 23rd Road,left,157.8,21,
Southwest 23rd Road (right),25.7590596,-80.2071266,"POLYGON((-80.2066259 25.7585124, -80.2076069 25.7596214, -80.2076272 25.7596068, -80.2066462 25.7584978, -80.2066259 25.7585124))",Southwest 23rd Road,right,157.8,21,
Northwest 1st Court (left),25.7854901,-80.1971876,"POLYGON((-80.1971580 25.7850146, -80.1971912 25.7859664, -80.1972171 25.7859656, -80.1971839 25.7850138, -80.1971580 25.7850146))",Northwest 1st Court,left,106.0,13,
Northwest 1st Court (right),25.7854927,-80.1970958,"POLYGON((-80.1970663 25.7850172, -80.1970995 25.7859690, -80.1971254 25.7859682, -80.1970922 25.7850164, -80.1970663 25.7850172))",Northwest 1st Court,right,106.0,13,
Northwest 1st Court (left),25.7862819,-80.1972177,"POLYGON((-80.1971912 25.7859662, -80.1972183 25.7865985, -80.1972442 25.7865976, -80.1972171 25.7859653, -80.1971912 25.7859662))",Northwest 1st Court,left,70.4,8,
Northwest 1st Court (right),25.7862850,-80.1971260,"POLYGON((-80.1970995 25.7859693, -80.1971266 25.7866016, -80.1971525 25.7866007, -80.1971254 25.7859684, -80.1970995 25.7859693))",Northwest 1st Court,right,70.4,8,
Northwest 1st Court (left),25.7887328,-80.1975811,"POLYGON((-80.1975536 25.7881713, -80.1975827 25.7892949, -80.1976086 25.7892944, -80.1975795 25.7881708, -80.1975536 25.7881713))",Northwest 1st Court,left,125.1,16,
Northwest 1st Court (right),25.7887348,-80.1974894,"POLYGON((-80.1974619 25.7881732, -80.1974910 25.7892968, -80.1975169 25.7892963, -80.1974878 25.7881727, -80.1974619 25.7881732))",Northwest 1st Court,right,125.1,16,
Northwest 1st Court (left),25.7898603,-80.1976082,"POLYGON((-80.1975827 25.7892950, -80.1976077 25.7904260, -80.1976337 25.7904255, -80.1976087 25.7892945, -80.1975827 25.7892950))",Northwest 1st Court,left,125.9,16,
Northwest 1st Court (right),25.7898619,-80.1975164,"POLYGON((-80.1974909 25.7892967, -80.1975159 25.7904277, -80.1975419 25.7904272, -80.1975169 25.7892962, -80.1974909 25.7892967))",Northwest 1st Court,right,125.9,16,
Northwest 1st Court (left),25.7909876,-80.1976384,"POLYGON((-80.1976077 25.7904258, -80.1976431 25.7915501, -80.1976690 25.7915494, -80.1976336 25.7904251, -80.1976077 25.7904258))",Northwest 1st Court,left,125.2,16,
Northwest 1st Court (right),25.7909899,-80.1975466,"POLYGON((-80.1975160 25.7904281, -80.1975514 25.7915524, -80.1975773 25.7915517, -80.1975419 25.7904274, -80.1975160 25.7904281))",Northwest 1st Court,right,125.2,16,
Northwest 1st Court (left),25.7921936,-80.1976775,"POLYGON((-80.1976431 25.7915500, -80.1976859 25.7928378, -80.1977118 25.7928371, -80.1976690 25.7915493, -80.1976431 25.7915500))",Northwest 1st Court,left,143.4,19,
Northwest 1st Court (right),25.7921960,-80.1975857,"POLYGON((-80.1975514 25.7915525, -80.1975942 25.7928403, -80.1976201 25.7928396, -80.1975773 25.7915518, -80.1975514 25.7915525))",Northwest 1st Court,right,143.4,19,
Northwest 1st Court (left),25.7934891,-80.1977114,"POLYGON((-80.1976859 25.7928382, -80.1977109 25.7941405, -80.1977369 25.7941401, -80.1977119 25.7928378, -80.1976859 25.7928382))",Northwest 1st Court,left,145.0,19,
Northwest 1st Court (right),25.7934906,-80.1976196,"POLYGON((-80.1975941 25.7928396, -80.1976191 25.7941419, -80.1976451 25.7941415, -80.1976201 25.7928392, -80.1975941 25.7928396))",Northwest 1st Court,right,145.0,19,
Northwest 1st Court (left),25.7947926,-80.1977388,"POLYGON((-80.1977109 25.7941404, -80.1977407 25.7954452, -80.1977667 25.7954447, -80.1977369 25.7941399, -80.1977109 25.7941404))",Northwest 1st Court,left,145.3,19,
Northwest 1st Court (right),25.7947942,-80.1976470,"POLYGON((-80.1976191 25.7941421, -80.1976489 25.7954469, -80.1976749 25.7954464, -80.1976451 25.7941416, -80.1976191 25.7941421))",Northwest 1st Court,right,145.3,19,
Northwest 1st Court (left),25.7774527,-80.1963784,"POLYGON((-80.1964013 25.7779965, -80.1963814 25.7769085, -80.1963555 25.7769088, -80.1963754 25.7779969, -80.1964013 25.7779965))",Northwest 1st Court,left,121.1,15,
Northwest 1st Court (right),25.7774513,-80.1964702,"POLYGON((-80.1964931 25.7779952, -80.1964732 25.7769071, -80.1964473 25.7769075, -80.1964672 25.7779955, -80.1964931 25.7779952))",Northwest 1st Court,right,121.1,15,
Northwest 1st Court (left),25.7841689,-80.1972001,"POLYGON((-80.1972320 25.7846496, -80.1971941 25.7836874, -80.1971682 25.7836882, -80.1972061 25.7846504, -80.1972320 25.7846496))",Northwest 1st Court,left,107.2,13,
Northwest 1st Court (right),25.7841659,-80.1972918,"POLYGON((-80.1973237 25.7846466, -80.1972858 25.7836844, -80.1972599 25.7836852, -80.1972978 25.7846474, -80.1973237 25.7846466))",Northwest 1st Court,right,107.2,13,
Northeast 17th Terrace (left),25.7925505,-80.1935723,"POLYGON((-80.1939685 25.7925261, -80.1931752 25.7925516, -80.1931761 25.7925750, -80.1939694 25.7925495, -80.1939685 25.7925261))",Northeast 17th Terrace,left,79.6,9,
Northeast 17th Terrace (right),25.7924680,-80.1935690,"POLYGON((-80.1939652 25.7924435, -80.1931719 25.7924690, -80.1931728 25.7924924, -80.1939661 25.7924669, -80.1939652 25.7924435))",Northeast 17th Terrace,right,79.6,9,
Northeast 17th Terrace (left),25.7923375,-80.1902994,"POLYGON((-80.1907328 25.7923121, -80.1898652 25.7923396, -80.1898661 25.7923630, -80.1907337 25.7923355, -80.1907328 25.7923121))",Northeast 17th Terrace,left,87.0,10,
Northeast 17th Terrace (right),25.7922550,-80.1902962,"POLYGON((-80.1907295 25.7922295, -80.1898619 25.7922570, -80.1898628 25.7922804, -80.1907304 25.7922529, -80.1907295 25.7922295))",Northeast 17th Terrace,right,87.0,10,
Northeast 17th Terrace (left),25.7923625,-80.1894231,"POLYGON((-80.1898649 25.7923396, -80.1889806 25.7923619, -80.1889813 25.7923853, -80.1898657 25.7923630, -80.1898649 25.7923396))",Northeast 17th Terrace,left,88.7,10,
Northeast 17th Terrace (right),25.7922798,-80.1894206,"POLYGON((-80.1898624 25.7922570, -80.1889780 25.7922793, -80.1889788 25.7923027, -80.1898631 25.7922804, -80.1898624 25.7922570))",Northeast 17th Terrace,right,88.7,10,
Northeast 17th Terrace (left),25.7926725,-80.1880151,"POLYGON((-80.1881574 25.7927374, -80.1878863 25.7925877, -80.1878728 25.7926076, -80.1881439 25.7927573, -80.1881574 25.7927374))",Northeast 17th Terrace,left,31.9,2,
Northeast 17th Terrace (right),25.7926021,-80.1880631,"POLYGON((-80.1882054 25.7926670, -80.1879343 25.7925173, -80.1879208 25.7925372, -80.1881919 25.7926869, -80.1882054 25.7926670))",Northeast 17th Terrace,right,31.9,2,
Northeast 3rd Street (left),25.7771593,-80.1880668,"POLYGON((-80.1878268 25.7771735, -80.1883071 25.7771685, -80.1883068 25.7771451, -80.1878265 25.7771501, -80.1878268 25.7771735))",Northeast 3rd Street,left,48.2,4,
Northeast 3rd Street (right),25.7772419,-80.1880679,"POLYGON((-80.1878279 25.7772561, -80.1883082 25.7772511, -80.1883079 25.7772277, -80.1878276 25.7772327, -80.1878279 25.7772561))",Northeast 3rd Street,right,48.2,4,
Northeast 4th Street (left),25.7781315,-80.1882837,"POLYGON((-80.1880460 25.7781558, -80.1885229 25.7781306, -80.1885214 25.7781073, -80.1880445 25.7781325, -80.1880460 25.7781558))",Northeast 4th Street,left,47.9,4,
Northeast 4th Street (right),25.7782141,-80.1882890,"POLYGON((-80.1880513 25.7782383, -80.1885282 25.7782131, -80.1885267 25.7781898, -80.1880498 25.7782150, -80.1880513 25.7782383))",Northeast 4th Street,right,47.9,4,
Northeast 18th Street (left),25.7935937,-80.1885930,"POLYGON((-80.1889947 25.7935716, -80.1881905 25.7935924, -80.1881913 25.7936158, -80.1889955 25.7935950, -80.1889947 25.7935716))",Northeast 18th Street,left,80.6,9,
Northeast 18th Street (right),25.7935111,-80.1885904,"POLYGON((-80.1889921 25.7934890, -80.1881879 25.7935098, -80.1881887 25.7935332, -80.1889929 25.7935124, -80.1889921 25.7934890))",Northeast 18th Street,right,80.6,9,
Northeast 18th Street (left),25.7936088,-80.1880098,"POLYGON((-80.1881905 25.7935924, -80.1878283 25.7936018, -80.1878291 25.7936252, -80.1881913 25.7936158, -80.1881905 25.7935924))",Northeast 18th Street,left,36.3,3,
Northeast 18th Street (right),25.7935262,-80.1880072,"POLYGON((-80.1881879 25.7935098, -80.1878257 25.7935192, -80.1878265 25.7935426, -80.1881887 25.7935332, -80.1881879 25.7935098))",Northeast 18th Street,right,36.3,3,
Northeast 18th Street (left),25.7936202,-80.1875689,"POLYGON((-80.1878283 25.7936018, -80.1873086 25.7936152, -80.1873094 25.7936386, -80.1878291 25.7936252, -80.1878283 25.7936018))",Northeast 18th Street,left,52.1,5,
Northeast 18th Street (right),25.7935376,-80.1875662,"POLYGON((-80.1878257 25.7935192, -80.1873060 25.7935326, -80.1873068 25.7935560, -80.1878265 25.7935426, -80.1878257 25.7935192))",Northeast 18th Street,right,52.1,5,
Northeast 18th Street (left),25.7936384,-80.1868642,"POLYGON((-80.1873086 25.7936152, -80.1864190 25.7936382, -80.1864198 25.7936616, -80.1873094 25.7936386, -80.1873086 25.7936152))",Northeast 18th Street,left,89.2,11,
Northeast 18th Street (right),25.7935558,-80.1868616,"POLYGON((-80.1873060 25.7935326, -80.1864164 25.7935556, -80.1864172 25.7935790, -80.1873068 25.7935560, -80.1873060 25.7935326))",Northeast 18th Street,right,89.2,11,
Claughton Island Drive (left),25.7662990,-80.1851073,"POLYGON((-80.1857812 25.7648859, -80.1844096 25.7677027, -80.1844333 25.7677121, -80.1858050 25.7648952, -80.1857812 25.7648859))",Claughton Island Drive,left,342.4,48,
Claughton Island Drive (right),25.7662658,-80.1850232,"POLYGON((-80.1856972 25.7648527, -80.1843255 25.7676696, -80.1843493 25.7676789, -80.1857209 25.7648621, -80.1856972 25.7648527))",Claughton Island Drive,right,342.4,48,
Southwest 27th Road (left),25.7535895,-80.2080246,"POLYGON((-80.2070445 25.7524368, -80.2089841 25.7547562, -80.2090048 25.7547421, -80.2070652 25.7524228, -80.2070445 25.7524368))",Southwest 27th Road,left,323.2,45,
Southwest 27th Road (right),25.7536392,-80.2079514,"POLYGON((-80.2069712 25.7524866, -80.2089108 25.7548059, -80.2089315 25.7547919, -80.2069919 25.7524725, -80.2069712 25.7524866))",Southwest 27th Road,right,323.2,45,
Southwest 27th Road (left),25.7554556,-80.2095721,"POLYGON((-80.2090875 25.7548852, -80.2100360 25.7560398, -80.2100568 25.7560259, -80.2091083 25.7548713, -80.2090875 25.7548852))",Southwest 27th Road,left,159.9,21,
Southwest 27th Road (right),25.7555047,-80.2094984,"POLYGON((-80.2090137 25.7549344, -80.2099622 25.7560890, -80.2099830 25.7560751, -80.2090345 25.7549205, -80.2090137 25.7549344))",Southwest 27th Road,right,159.9,21,
Northeast 15th Street (left),25.7894460,-80.1942768,"POLYGON((-80.1946652 25.7894235, -80.1938876 25.7894450, -80.1938884 25.7894684, -80.1946660 25.7894469, -80.1946652 25.7894235))",Northeast 15th Street,left,78.0,9,
Northeast 15th Street (right),25.7893633,-80.1942740,"POLYGON((-80.1946624 25.7893409, -80.1938848 25.7893624, -80.1938856 25.7893858, -80.1946632 25.7893643, -80.1946624 25.7893409))",Northeast 15th Street,right,78.0,9,
Northeast 15th Street (left),25.7894711,-80.1934916,"POLYGON((-80.1938879 25.7894450, -80.1930942 25.7894738, -80.1930953 25.7894972, -80.1938890 25.7894684, -80.1938879 25.7894450))",Northeast 15th Street,left,79.6,9,
Northeast 15th Street (right),25.7893885,-80.1934879,"POLYGON((-80.1938842 25.7893624, -80.1930905 25.7893912, -80.1930916 25.7894146, -80.1938853 25.7893858, -80.1938842 25.7893624))",Northeast 15th Street,right,79.6,9,
Northeast 15th Street (left),25.7894994,-80.1927012,"POLYGON((-80.1930942 25.7894738, -80.1923073 25.7895016, -80.1923083 25.7895250, -80.1930952 25.7894972, -80.1930942 25.7894738))",Northeast 15th Street,left,78.9,9,
Northeast 15th Street (right),25.7894168,-80.1926977,"POLYGON((-80.1930906 25.7893912, -80.1923037 25.7894190, -80.1923047 25.7894424, -80.1930916 25.7894146, -80.1930906 25.7893912))",Northeast 15th Street,right,78.9,9,
Southwest 24th Road (left),25.7547667,-80.2049213,"POLYGON((-80.2044541 25.7542251, -80.2053677 25.7553222, -80.2053885 25.7553082, -80.2044749 25.7542111, -80.2044541 25.7542251))",Southwest 24th Road,left,152.7,20,
Southwest 24th Road (right),25.7548162,-80.2048479,"POLYGON((-80.2043807 25.7542747, -80.2052943 25.7553718, -80.2053151 25.7553578, -80.2044015 25.7542607, -80.2043807 25.7542747))",Southwest 24th Road,right,152.7,20,
Southwest 24th Road (left),25.7559546,-80.2059166,"POLYGON((-80.2054180 25.7553809, -80.2063945 25.7565424, -80.2064152 25.7565283, -80.2054387 25.7553668, -80.2054180 25.7553809))",Southwest 24th Road,left,162.2,21,
Southwest 24th Road (right),25.7560045,-80.2058435,"POLYGON((-80.2053449 25.7554308, -80.2063214 25.7565923, -80.2063421 25.7565782, -80.2053656 25.7554167, -80.2053449 25.7554308))",Southwest 24th Road,right,162.2,21,
Southwest 24th Road (left),25.7572478,-80.2069984,"POLYGON((-80.2065017 25.7566718, -80.2074743 25.7578378, -80.2074951 25.7578238, -80.2065224 25.7566578, -80.2065017 25.7566718))",Southwest 24th Road,left,162.4,21,
Southwest 24th Road (right),25.7572974,-80.2069250,"POLYGON((-80.2064283 25.7567214, -80.2074010 25.7578874, -80.2074217 25.7578734, -80.2064491 25.7567074, -80.2064283 25.7567214))",Southwest 24th Road,right,162.4,21,
Southwest 24th Road (left),25.7584459,-80.2080279,"POLYGON((-80.2075329 25.7579082, -80.2085028 25.7589981, -80.2085230 25.7589835, -80.2075531 25.7578936, -80.2075329 25.7579082))",Southwest 24th Road,left,155.5,20,
Southwest 24th Road (right),25.7584975,-80.2079564,"POLYGON((-80.2074613 25.7579599, -80.2084312 25.7590498, -80.2084514 25.7590352, -80.2074815 25.7579453, -80.2074613 25.7579599))",Southwest 24th Road,right,155.5,20,
Northwest 6th Avenue (left),25.7753034,-80.2043882,"POLYGON((-80.2044208 25.7757861, -80.2043815 25.7748199, -80.2043556 25.7748207, -80.2043949 25.7757869, -80.2044208 25.7757861))",Northwest 6th Avenue,left,107.6,13,
Northwest 6th Avenue (right),25.7753004,-80.2044799,"POLYGON((-80.2045125 25.7757831, -80.2044732 25.7748169, -80.2044473 25.7748177, -80.2044866 25.7757839, -80.2045125 25.7757831))",Northwest 6th Avenue,right,107.6,13,
Northwest 6th Avenue (left),25.7792012,-80.2046430,"POLYGON((-80.2045847 25.7778356, -80.2046753 25.7805674, -80.2047012 25.7805667, -80.2046106 25.7778349, -80.2045847 25.7778356))",Northwest 6th Avenue,left,304.2,43,
Northwest 6th Avenue (right),25.7792036,-80.2045512,"POLYGON((-80.2044930 25.7778381, -80.2045836 25.7805699, -80.2046095 25.7805692, -80.2045189 25.7778374, -80.2044930 25.7778381))",Northwest 6th Avenue,right,304.2,43,
Northwest 6th Avenue (left),25.7810457,-80.2047051,"POLYGON((-80.2046753 25.7805671, -80.2047090 25.7815251, -80.2047349 25.7815243, -80.2047012 25.7805663, -80.2046753 25.7805671))",Northwest 6th Avenue,left,106.7,13,
Northwest 6th Avenue (right),25.7810483,-80.2046134,"POLYGON((-80.2045836 25.7805697, -80.2046173 25.7815277, -80.2046432 25.7815269, -80.2046095 25.7805689, -80.2045836 25.7805697))",Northwest 6th Avenue,right,106.7,13,
Southwest 9th Street (left),25.7651674,-80.2015604,"POLYGON((-80.2007240 25.7652028, -80.2023976 25.7651555, -80.2023968 25.7651321, -80.2007232 25.7651794, -80.2007240 25.7652028))",Southwest 9th Street,left,167.9,22,
Southwest 9th Street (right),25.7652501,-80.2015632,"POLYGON((-80.2007268 25.7652854, -80.2024004 25.7652381, -80.2023996 25.7652147, -80.2007260 25.7652620, -80.2007268 25.7652854))",Southwest 9th Street,right,167.9,22,
Southwest 9th Street (left),25.7651194,-80.2032311,"POLYGON((-80.2023975 25.7651555, -80.2040654 25.7651067, -80.2040646 25.7650833, -80.2023967 25.7651321, -80.2023975 25.7651555))",Southwest 9th Street,left,167.3,22,
Southwest 9th Street (right),25.7652020,-80.2032340,"POLYGON((-80.2024005 25.7652381, -80.2040684 25.7651893, -80.2040676 25.7651659, -80.2023997 25.7652147, -80.2024005 25.7652381))",Southwest 9th Street,right,167.3,22,
Southwest 9th Street (left),25.7650705,-80.2049008,"POLYGON((-80.2040654 25.7651067, -80.2057369 25.7650578, -80.2057361 25.7650344, -80.2040646 25.7650833, -80.2040654 25.7651067))",Southwest 9th Street,left,167.7,22,
Southwest 9th Street (right),25.7651532,-80.2049037,"POLYGON((-80.2040684 25.7651893, -80.2057399 25.7651404, -80.2057391 25.7651170, -80.2040676 25.7651659, -80.2040684 25.7651893))",Southwest 9th Street,right,167.7,22,
Southwest 9th Street (left),25.7650216,-80.2065598,"POLYGON((-80.2057369 25.7650578, -80.2073836 25.7650089, -80.2073828 25.7649855, -80.2057361 25.7650344, -80.2057369 25.7650578))",Southwest 9th Street,left,165.2,22,
Southwest 9th Street (right),25.7651043,-80.2065629,"POLYGON((-80.2057399 25.7651404, -80.2073866 25.7650915, -80.2073858 25.7650681, -80.2057391 25.7651170, -80.2057399 25.7651404))",Southwest 9th Street,right,165.2,22,
Southwest 9th Street (left),25.7649867,-80.2077375,"POLYGON((-80.2073836 25.7650089, -80.2080923 25.7649879, -80.2080915 25.7649645, -80.2073828 25.7649855, -80.2073836 25.7650089))",Southwest 9th Street,left,71.1,8,
Southwest 9th Street (right),25.7650693,-80.2077406,"POLYGON((-80.2073866 25.7650915, -80.2080953 25.7650705, -80.2080945 25.7650471, -80.2073858 25.7650681, -80.2073866 25.7650915))",Southwest 9th Street,right,71.1,8,
Southwest 9th Street (left),25.7649661,-80.2084539,"POLYGON((-80.2080924 25.7649879, -80.2088162 25.7649678, -80.2088154 25.7649444, -80.2080916 25.7649645, -80.2080924 25.7649879))",Southwest 9th Street,left,72.6,8,
Southwest 9th Street (right),25.7650488,-80.2084567,"POLYGON((-80.2080952 25.7650705, -80.2088190 25.7650504, -80.2088182 25.7650270, -80.2080944 25.7650471, -80.2080952 25.7650705))",Southwest 9th Street,right,72.6,8,
Southwest 9th Street (left),25.7648958,-80.2116100,"POLYGON((-80.2088164 25.7649678, -80.2144042 25.7648473, -80.2144035 25.7648239, -80.2088157 25.7649444, -80.2088164 25.7649678))",Southwest 9th Street,left,560.3,81,
Southwest 9th Street (right),25.7649785,-80.2116121,"POLYGON((-80.2088186 25.7650504, -80.2144064 25.7649299, -80.2144057 25.7649065, -80.2088179 25.7650270, -80.2088186 25.7650504))",Southwest 9th Street,right,560.3,81,
Southwest 9th Street (left),25.7653787,-80.1942738,"POLYGON((-80.1932735 25.7654255, -80.1952750 25.7653552, -80.1952740 25.7653318, -80.1932725 25.7654022, -80.1932735 25.7654255))",Southwest 9th Street,left,200.8,27,
Southwest 9th Street (right),25.7654612,-80.1942773,"POLYGON((-80.1932771 25.7655081, -80.1952786 25.7654377, -80.1952776 25.7654144, -80.1932761 25.7654847, -80.1932771 25.7655081))",Southwest 9th Street,right,200.8,27,
Southwest 9th Street (left),25.7653121,-80.1965309,"POLYGON((-80.1956790 25.7653474, -80.1973837 25.7653002, -80.1973829 25.7652768, -80.1956782 25.7653240, -80.1956790 25.7653474))",Southwest 9th Street,left,171.0,23,
Southwest 9th Street (right),25.7653947,-80.1965338,"POLYGON((-80.1956818 25.7654300, -80.1973865 25.7653828, -80.1973857 25.7653594, -80.1956810 25.7654066, -80.1956818 25.7654300))",Southwest 9th Street,right,171.0,23,
Northwest 5th Place (left),25.7935888,-80.2042790,"POLYGON((-80.2041763 25.7934935, -80.2043616 25.7936989, -80.2043818 25.7936841, -80.2041964 25.7934788, -80.2041763 25.7934935))",Northwest 5th Place,left,29.5,2,
Northwest 5th Place (right),25.7936410,-80.2042078,"POLYGON((-80.2041050 25.7935457, -80.2042904 25.7937510, -80.2043105 25.7937363, -80.2041252 25.7935309, -80.2041050 25.7935457))",Northwest 5th Place,right,29.5,2,
Northwest 5th Place (left),25.7945393,-80.2043943,"POLYGON((-80.2043654 25.7937130, -80.2043973 25.7953660, -80.2044233 25.7953656, -80.2043914 25.7937126, -80.2043654 25.7937130))",Northwest 5th Place,left,184.0,25,
Northwest 5th Place (right),25.7945407,-80.2043026,"POLYGON((-80.2042736 25.7937144, -80.2043055 25.7953674, -80.2043315 25.7953670, -80.2042996 25.7937140, -80.2042736 25.7937144))",Northwest 5th Place,right,184.0,25,
Southwest 6th Street (left),25.7680046,-80.1981225,"POLYGON((-80.1976915 25.7678437, -80.1985430 25.7681868, -80.1985536 25.7681655, -80.1977021 25.7678224, -80.1976915 25.7678437))",Southwest 6th Street,left,93.5,11,
Southwest 6th Street (right),25.7680801,-80.1980851,"POLYGON((-80.1976540 25.7679192, -80.1985055 25.7682623, -80.1985161 25.7682410, -80.1976646 25.7678979, -80.1976540 25.7679192))",Southwest 6th Street,right,93.5,11,
Southwest 6th Street (left),25.7681355,-80.1988126,"POLYGON((-80.1984632 25.7681580, -80.1991630 25.7681363, -80.1991621 25.7681129, -80.1984623 25.7681346, -80.1984632 25.7681580))",Southwest 6th Street,left,70.2,8,
Southwest 6th Street (right),25.7682180,-80.1988158,"POLYGON((-80.1984663 25.7682406, -80.1991661 25.7682189, -80.1991652 25.7681955, -80.1984654 25.7682172, -80.1984663 25.7682406))",Southwest 6th Street,right,70.2,8,
Southwest 6th Street (left),25.7682683,-80.1941088,"POLYGON((-80.1938331 25.7682866, -80.1943851 25.7682734, -80.1943845 25.7682500, -80.1938324 25.7682632, -80.1938331 25.7682866))",Southwest 6th Street,left,55.4,5,
Southwest 6th Street (right),25.7683509,-80.1941112,"POLYGON((-80.1938355 25.7683692, -80.1943876 25.7683560, -80.1943869 25.7683326, -80.1938349 25.7683458, -80.1938355 25.7683692))",Southwest 6th Street,right,55.4,5,
Northwest 2nd Street (left),25.7757596,-80.2042813,"POLYGON((-80.2041116 25.7757872, -80.2044537 25.7757552, -80.2044510 25.7757320, -80.2041089 25.7757640, -80.2041116 25.7757872))",Northwest 2nd Street,left,34.5,2,
Northwest 2nd Street (right),25.7758418,-80.2042908,"POLYGON((-80.2041211 25.7758694, -80.2044632 25.7758374, -80.2044605 25.7758142, -80.2041184 25.7758462, -80.2041211 25.7758694))",Northwest 2nd Street,right,34.5,2,
Northwest 2nd Street (left),25.7757155,-80.2052894,"POLYGON((-80.2044525 25.7757554, -80.2061274 25.7756990, -80.2061264 25.7756756, -80.2044515 25.7757320, -80.2044525 25.7757554))",Northwest 2nd Street,left,168.0,22,
Northwest 2nd Street (right),25.7757981,-80.2052929,"POLYGON((-80.2044559 25.7758380, -80.2061308 25.7757816, -80.2061298 25.7757582, -80.2044549 25.7758146, -80.2044559 25.7758380))",Northwest 2nd Street,right,168.0,22,
Northwest 2nd Street (left),25.7760150,-80.1946600,"POLYGON((-80.1944268 25.7760291, -80.1948934 25.7760243, -80.1948931 25.7760009, -80.1944265 25.7760057, -80.1944268 25.7760291))",Northwest 2nd Street,left,46.8,4,
Northwest 2nd Street (right),25.7760976,-80.1946610,"POLYGON((-80.1944279 25.7761117, -80.1948945 25.7761069, -80.1948942 25.7760835, -80.1944276 25.7760883, -80.1944279 25.7761117))",Northwest 2nd Street,right,46.8,4,
Northwest 19th Street (left),25.7941771,-80.1952600,"POLYGON((-80.1947826 25.7942122, -80.1957387 25.7941653, -80.1957373 25.7941420, -80.1947812 25.7941889, -80.1947826 25.7942122))",Northwest 19th Street,left,96.0,12,
Northwest 19th Street (right),25.7942596,-80.1952649,"POLYGON((-80.1947876 25.7942947, -80.1957437 25.7942478, -80.1957423 25.7942245, -80.1947862 25.7942714, -80.1947876 25.7942947))",Northwest 19th Street,right,96.0,12,
Northwest 19th Street (left),25.7938609,-80.2079817,"POLYGON((-80.2069949 25.7939107, -80.2089696 25.7938344, -80.2089685 25.7938110, -80.2069938 25.7938874, -80.2069949 25.7939107))",Northwest 19th Street,left,198.1,27,
Northwest 19th Street (right),25.7939434,-80.2079856,"POLYGON((-80.2069988 25.7939933, -80.2089735 25.7939169, -80.2089724 25.7938936, -80.2069977 25.7939699, -80.2069988 25.7939933))",Northwest 19th Street,right,198.1,27,
Northwest 5th Place (left),25.7936720,-80.2046502,"POLYGON((-80.2043325 25.7936840, -80.2049680 25.7936834, -80.2049679 25.7936600, -80.2043324 25.7936606, -80.2043325 25.7936840))",Northwest 5th Place,left,63.7,7,
Northwest 5th Place (right),25.7937546,-80.2046503,"POLYGON((-80.2043326 25.7937666, -80.2049681 25.7937660, -80.2049680 25.7937426, -80.2043325 25.7937432, -80.2043326 25.7937666))",Northwest 5th Place,right,63.7,7,
Southwest 7th Avenue (left),25.7732849,-80.2060842,"POLYGON((-80.2060536 25.7728023, -80.2060889 25.7737682, -80.2061148 25.7737675, -80.2060795 25.7728016, -80.2060536 25.7728023))",Southwest 7th Avenue,left,107.6,13,
Southwest 7th Avenue (right),25.7732876,-80.2059925,"POLYGON((-80.2059619 25.7728050, -80.2059972 25.7737709, -80.2060231 25.7737702, -80.2059878 25.7728043, -80.2059619 25.7728050))",Southwest 7th Avenue,right,107.6,13,
Southwest 17th Road (left),25.7617611,-80.2004636,"POLYGON((-80.1999625 25.7611651, -80.2009438 25.7623709, -80.2009647 25.7623571, -80.1999835 25.7611513, -80.1999625 25.7611651))",Southwest 17th Road,left,166.4,22,
Southwest 17th Road (right),25.7618099,-80.2003896,"POLYGON((-80.1998885 25.7612139, -80.2008697 25.7624197, -80.2008907 25.7624059, -80.1999094 25.7612001, -80.1998885 25.7612139))",Southwest 17th Road,right,166.4,22,
Southwest 17th Road (left),25.7592384,-80.1980614,"POLYGON((-80.1977265 25.7588648, -80.1983757 25.7596263, -80.1983963 25.7596120, -80.1977471 25.7588506, -80.1977265 25.7588648))",Southwest 17th Road,left,106.9,13,
Southwest 17th Road (right),25.7592888,-80.1979886,"POLYGON((-80.1976537 25.7589152, -80.1983029 25.7596766, -80.1983235 25.7596624, -80.1976743 25.7589009, -80.1976537 25.7589152))",Southwest 17th Road,right,106.9,13,
Southwest 17th Road (left),25.7600022,-80.1987074,"POLYGON((-80.1983758 25.7596264, -80.1990182 25.7603922, -80.1990389 25.7603781, -80.1983965 25.7596123, -80.1983758 25.7596264))",Southwest 17th Road,left,106.8,13,
Southwest 17th Road (right),25.7600521,-80.1986341,"POLYGON((-80.1983026 25.7596762, -80.1989450 25.7604420, -80.1989657 25.7604279, -80.1983233 25.7596621, -80.1983026 25.7596762))",Southwest 17th Road,right,106.8,13,
Southwest 17th Road (left),25.7577903,-80.1968777,"POLYGON((-80.1963610 25.7571909, -80.1973737 25.7584037, -80.1973944 25.7583896, -80.1963817 25.7571768, -80.1963610 25.7571909))",Southwest 17th Road,left,168.9,22,
Southwest 17th Road (right),25.7578399,-80.1968044,"POLYGON((-80.1962877 25.7572406, -80.1973004 25.7584534, -80.1973211 25.7584393, -80.1963084 25.7572265, -80.1962877 25.7572406))",Southwest 17th Road,right,168.9,22,
Northwest North River Drive (left),25.7800923,-80.2084247,"POLYGON((-80.2078498 25.7798200, -80.2089871 25.7803851, -80.2089996 25.7803646, -80.2078624 25.7797996, -80.2078498 25.7798200))",Northwest North River Drive,left,130.2,17,
Northwest North River Drive (right),25.7801647,-80.2083804,"POLYGON((-80.2078055 25.7798924, -80.2089427 25.7804574, -80.2089553 25.7804370, -80.2078180 25.7798719, -80.2078055 25.7798924))",Northwest North River Drive,right,130.2,17,
Northwest North River Drive (left),25.7805442,-80.2091762,"POLYGON((-80.2089911 25.7803885, -80.2093425 25.7807162, -80.2093612 25.7806999, -80.2090098 25.7803722, -80.2089911 25.7803885))",Northwest North River Drive,left,50.7,5,
Northwest North River Drive (right),25.7806016,-80.2091101,"POLYGON((-80.2089251 25.7804459, -80.2092765 25.7807736, -80.2092952 25.7807573, -80.2089438 25.7804296, -80.2089251 25.7804459))",Northwest North River Drive,right,50.7,5,
Northwest North River Drive (left),25.7819151,-80.2119130,"POLYGON((-80.2092772 25.7806835, -80.2145368 25.7831673, -80.2145489 25.7831467, -80.2092892 25.7806628, -80.2092772 25.7806835))",Northwest North River Drive,left,595.3,86,
Northwest North River Drive (right),25.7819882,-80.2118704,"POLYGON((-80.2092345 25.7807566, -80.2144942 25.7832405, -80.2145062 25.7832198, -80.2092466 25.7807360, -80.2092345 25.7807566))",Northwest North River Drive,right,595.3,86,
Northwest North River Drive (left),25.7740661,-80.2006161,"POLYGON((-80.2006940 25.7741721, -80.2005610 25.7739490, -80.2005381 25.7739601, -80.2006711 25.7741832, -80.2006940 25.7741721))",Northwest North River Drive,left,28.2,1,
Northwest North River Drive (right),25.7740270,-80.2006969,"POLYGON((-80.2007749 25.7741330, -80.2006419 25.7739099, -80.2006190 25.7739210, -80.2007520 25.7741441, -80.2007749 25.7741330))",Northwest North River Drive,right,28.2,1,
Northwest 16th Street (left),25.7904264,-80.1962420,"POLYGON((-80.1958786 25.7904517, -80.1966064 25.7904244, -80.1966054 25.7904010, -80.1958775 25.7904283, -80.1958786 25.7904517))",Northwest 16th Street,left,73.0,8,
Northwest 16th Street (right),25.7905089,-80.1962458,"POLYGON((-80.1958824 25.7905343, -80.1966103 25.7905070, -80.1966092 25.7904836, -80.1958814 25.7905109, -80.1958824 25.7905343))",Northwest 16th Street,right,73.0,8,
Northwest 16th Street (left),25.7903990,-80.1970899,"POLYGON((-80.1966068 25.7904244, -80.1975738 25.7903970, -80.1975729 25.7903736, -80.1966059 25.7904010, -80.1966068 25.7904244))",Northwest 16th Street,left,97.0,12,
Northwest 16th Street (right),25.7904816,-80.1970927,"POLYGON((-80.1966097 25.7905070, -80.1975767 25.7904796, -80.1975758 25.7904562, -80.1966088 25.7904836, -80.1966097 25.7905070))",Northwest 16th Street,right,97.0,12,
Northwest 16th Street (left),25.7903715,-80.1979616,"POLYGON((-80.1975735 25.7903970, -80.1983507 25.7903694, -80.1983497 25.7903460, -80.1975725 25.7903736, -80.1975735 25.7903970))",Northwest 16th Street,left,78.0,9,
Northwest 16th Street (right),25.7904541,-80.1979652,"POLYGON((-80.1975771 25.7904796, -80.1983543 25.7904520, -80.1983533 25.7904286, -80.1975761 25.7904562, -80.1975771 25.7904796))",Northwest 16th Street,right,78.0,9,
Northwest 16th Street (left),25.7903517,-80.1985635,"POLYGON((-80.1983510 25.7903694, -80.1987768 25.7903575, -80.1987760 25.7903341, -80.1983502 25.7903460, -80.1983510 25.7903694))",Northwest 16th Street,left,42.7,4,
Northwest 16th Street (right),25.7904344,-80.1985663,"POLYGON((-80.1983538 25.7904520, -80.1987796 25.7904401, -80.1987788 25.7904167, -80.1983530 25.7904286, -80.1983538 25.7904520))",Northwest 16th Street,right,42.7,4,
Northwest 16th Street (left),25.7902178,-80.1993848,"POLYGON((-80.1987729 25.7902431, -80.1999973 25.7902160, -80.1999967 25.7901926, -80.1987723 25.7902197, -80.1987729 25.7902431))",Northwest 16th Street,left,122.8,16,
Northwest 16th Street (right),25.7903005,-80.1993870,"POLYGON((-80.1987751 25.7903257, -80.1999995 25.7902986, -80.1999989 25.7902752, -80.1987745 25.7903023, -80.1987751 25.7903257))",Northwest 16th Street,right,122.8,16,
Northeast 11th Street (left),25.7848524,-80.1893012,"POLYGON((-80.1891765 25.7848746, -80.1894283 25.7848534, -80.1894259 25.7848301, -80.1891741 25.7848513, -80.1891765 25.7848746))",Northeast 11th Street,left,25.3,1,
Northeast 11th Street (right),25.7849346,-80.1893098,"POLYGON((-80.1891851 25.7849569, -80.1894369 25.7849357, -80.1894345 25.7849124, -80.1891827 25.7849336, -80.1891851 25.7849569))",Northeast 11th Street,right,25.3,1,
Southwest 20th Road (left),25.7570330,-80.2016707,"POLYGON((-80.2011870 25.7564758, -80.2021337 25.7576043, -80.2021544 25.7575902, -80.2012077 25.7564617, -80.2011870 25.7564758))",Southwest 20th Road,left,157.4,21,
Southwest 20th Road (right),25.7570829,-80.2015974,"POLYGON((-80.2011137 25.7565257, -80.2020604 25.7576542, -80.2020811 25.7576401, -80.2011344 25.7565116, -80.2011137 25.7565257))",Southwest 20th Road,right,157.4,21,
Southwest 20th Road (left),25.7581888,-80.2026386,"POLYGON((-80.2021337 25.7576044, -80.2031229 25.7587874, -80.2031436 25.7587733, -80.2021544 25.7575903, -80.2021337 25.7576044))",Southwest 20th Road,left,164.9,22,
Southwest 20th Road (right),25.7582386,-80.2025654,"POLYGON((-80.2020604 25.7576541, -80.2030496 25.7588371, -80.2030703 25.7588230, -80.2020811 25.7576400, -80.2020604 25.7576541))",Southwest 20th Road,right,164.9,22,
Southwest 20th Road (left),25.7594997,-80.2037407,"POLYGON((-80.2032335 25.7589151, -80.2042272 25.7600984, -80.2042478 25.7600843, -80.2032542 25.7589010, -80.2032335 25.7589151))",Southwest 20th Road,left,165.2,22,
Southwest 20th Road (right),25.7595496,-80.2036675,"POLYGON((-80.2031604 25.7589650, -80.2041540 25.7601483, -80.2041747 25.7601342, -80.2031810 25.7589509, -80.2031604 25.7589650))",Southwest 20th Road,right,165.2,22,
Southwest 20th Road (left),25.7605956,-80.2046603,"POLYGON((-80.2042608 25.7601405, -80.2050390 25.7610648, -80.2050597 25.7610507, -80.2042815 25.7601264, -80.2042608 25.7601405))",Southwest 20th Road,left,129.1,17,
Southwest 20th Road (right),25.7606455,-80.2045871,"POLYGON((-80.2041877 25.7601904, -80.2049659 25.7611147, -80.2049866 25.7611006, -80.2042084 25.7601763, -80.2041877 25.7601904))",Southwest 20th Road,right,129.1,17,
Southeast 12th Terrace (left),25.7615786,-80.1906323,"POLYGON((-80.1914283 25.7617329, -80.1898421 25.7614016, -80.1898362 25.7614243, -80.1914225 25.7617557, -80.1914283 25.7617329))",Southeast 12th Terrace,left,163.3,22,
Southeast 12th Terrace (right),25.7614981,-80.1906530,"POLYGON((-80.1914491 25.7616524, -80.1898628 25.7613210, -80.1898570 25.7613438, -80.1914432 25.7616751, -80.1914491 25.7616524))",Southeast 12th Terrace,right,163.3,22,
Northwest 5th Avenue (left),25.7830333,-80.2030077,"POLYGON((-80.2030403 25.7835169, -80.2030011 25.7825488, -80.2029752 25.7825496, -80.2030144 25.7835177, -80.2030403 25.7835169))",Northwest 5th Avenue,left,107.8,13,
Northwest 5th Avenue (right),25.7830302,-80.2030995,"POLYGON((-80.2031320 25.7835139, -80.2030928 25.7825458, -80.2030669 25.7825466, -80.2031061 25.7835147, -80.2031320 25.7835139))",Northwest 5th Avenue,right,107.8,13,
Northwest 5th Avenue (left),25.7820658,-80.2029736,"POLYGON((-80.2030011 25.7825485, -80.2029720 25.7815825, -80.2029461 25.7815831, -80.2029752 25.7825491, -80.2030011 25.7825485))",Northwest 5th Avenue,left,107.6,13,
Northwest 5th Avenue (right),25.7820636,-80.2030653,"POLYGON((-80.2030928 25.7825463, -80.2030637 25.7815803, -80.2030378 25.7815809, -80.2030669 25.7825469, -80.2030928 25.7825463))",Northwest 5th Avenue,right,107.6,13,
Northwest 5th Avenue (left),25.7922211,-80.2032628,"POLYGON((-80.2032459 25.7916358, -80.2032538 25.7928065, -80.2032798 25.7928064, -80.2032719 25.7916357, -80.2032459 25.7916358))",Northwest 5th Avenue,left,130.3,17,
Northwest 5th Avenue (right),25.7922216,-80.2031711,"POLYGON((-80.2031541 25.7916363, -80.2031620 25.7928070, -80.2031880 25.7928069, -80.2031801 25.7916362, -80.2031541 25.7916363))",Northwest 5th Avenue,right,130.3,17,
Northwest 5th Avenue (left),25.7931426,-80.2032693,"POLYGON((-80.2032538 25.7928065, -80.2032589 25.7934789, -80.2032849 25.7934787, -80.2032798 25.7928063, -80.2032538 25.7928065))",Northwest 5th Avenue,left,74.9,8,
Northwest 5th Avenue (right),25.7931432,-80.2031776,"POLYGON((-80.2031620 25.7928071, -80.2031671 25.7934795, -80.2031931 25.7934793, -80.2031880 25.7928069, -80.2031620 25.7928071))",Northwest 5th Avenue,right,74.9,8,
Southeast 12th Street (left),25.7620897,-80.1906841,"POLYGON((-80.1916444 25.7622816, -80.1897298 25.7618750, -80.1897238 25.7618978, -80.1916385 25.7623043, -80.1916444 25.7622816))",Southeast 12th Street,left,197.2,27,
Southeast 12th Street (right),25.7620092,-80.1907052,"POLYGON((-80.1916655 25.7622011, -80.1897508 25.7617946, -80.1897449 25.7618173, -80.1916595 25.7622239, -80.1916655 25.7622011))",Southeast 12th Street,right,197.2,27,
Southeast 12th Street (left),25.7618009,-80.1893086,"POLYGON((-80.1897301 25.7618751, -80.1888928 25.7617039, -80.1888870 25.7617267, -80.1897244 25.7618979, -80.1897301 25.7618751))",Southeast 12th Street,left,86.1,10,
Southeast 12th Street (right),25.7617203,-80.1893289,"POLYGON((-80.1897505 25.7617945, -80.1889131 25.7616233, -80.1889074 25.7616461, -80.1897447 25.7618173, -80.1897505 25.7617945))",Southeast 12th Street,right,86.1,10,
Southwest 2nd Court (left),25.7590128,-80.2009451,"POLYGON((-80.2002956 25.7594736, -80.2016102 25.7585706, -80.2015945 25.7585521, -80.2002799 25.7594551, -80.2002956 25.7594736))",Southwest 2nd Court,left,165.8,22,
Southwest 2nd Court (right),25.7590786,-80.2010007,"POLYGON((-80.2003513 25.7595393, -80.2016659 25.7586363, -80.2016502 25.7586178, -80.2003356 25.7595208, -80.2003513 25.7595393))",Southwest 2nd Court,right,165.8,22,
Northwest 1st Street (left),25.7750702,-80.1941668,"POLYGON((-80.1936329 25.7750958, -80.1947014 25.7750680, -80.1947007 25.7750446, -80.1936322 25.7750724, -80.1936329 25.7750958))",Northwest 1st Street,left,107.2,13,
Northwest 1st Street (right),25.7751528,-80.1941695,"POLYGON((-80.1936356 25.7751784, -80.1947041 25.7751506, -80.1947034 25.7751272, -80.1936349 25.7751550, -80.1936356 25.7751784))",Northwest 1st Street,right,107.2,13,
Northwest 15th Street (left),25.7892700,-80.1970647,"POLYGON((-80.1965816 25.7892973, -80.1975486 25.7892660, -80.1975477 25.7892426, -80.1965807 25.7892739, -80.1965816 25.7892973))",Northwest 15th Street,left,97.0,12,
Northwest 15th Street (right),25.7893525,-80.1970679,"POLYGON((-80.1965849 25.7893799, -80.1975519 25.7893486, -80.1975510 25.7893252, -80.1965840 25.7893565, -80.1965849 25.7893799))",Northwest 15th Street,right,97.0,12,
Northwest 15th Street (left),25.7892419,-80.1979337,"POLYGON((-80.1975486 25.7892660, -80.1983197 25.7892411, -80.1983188 25.7892177, -80.1975477 25.7892426, -80.1975486 25.7892660))",Northwest 15th Street,left,77.3,9,
Northwest 15th Street (right),25.7893244,-80.1979370,"POLYGON((-80.1975519 25.7893486, -80.1983230 25.7893237, -80.1983221 25.7893003, -80.1975510 25.7893252, -80.1975519 25.7893486))",Northwest 15th Street,right,77.3,9,
Northwest 15th Street (left),25.7892225,-80.1985333,"POLYGON((-80.1983197 25.7892411, -80.1987477 25.7892273, -80.1987468 25.7892039, -80.1983188 25.7892177, -80.1983197 25.7892411))",Northwest 15th Street,left,42.9,4,
Northwest 15th Street (right),25.7893051,-80.1985365,"POLYGON((-80.1983230 25.7893237, -80.1987510 25.7893099, -80.1987501 25.7892865, -80.1983221 25.7893003, -80.1983230 25.7893237))",Northwest 15th Street,right,42.9,4,
Northwest 15th Street (left),25.7894248,-80.2074103,"POLYGON((-80.2069396 25.7894465, -80.2078815 25.7894265, -80.2078809 25.7894031, -80.2069390 25.7894231, -80.2069396 25.7894465))",Northwest 15th Street,left,94.4,11,
Northwest 15th Street (right),25.7895074,-80.2074124,"POLYGON((-80.2069418 25.7895291, -80.2078837 25.7895091, -80.2078831 25.7894857, -80.2069412 25.7895057, -80.2069418 25.7895291))",Northwest 15th Street,right,94.4,11,
Northwest 15th Street (left),25.7894037,-80.2083372,"POLYGON((-80.2078814 25.7894265, -80.2087937 25.7894043, -80.2087930 25.7893809, -80.2078807 25.7894031, -80.2078814 25.7894265))",Northwest 15th Street,left,91.5,11,
Northwest 15th Street (right),25.7894863,-80.2083397,"POLYGON((-80.2078839 25.7895091, -80.2087962 25.7894869, -80.2087955 25.7894635, -80.2078832 25.7894857, -80.2078839 25.7895091))",Northwest 15th Street,right,91.5,11,
Northwest 15th Street (left),25.7894948,-80.1993722,"POLYGON((-80.1987553 25.7895257, -80.1999900 25.7894872, -80.1999891 25.7894638, -80.1987544 25.7895023, -80.1987553 25.7895257))",Northwest 15th Street,left,123.8,16,
Northwest 15th Street (right),25.7895773,-80.1993753,"POLYGON((-80.1987584 25.7896083, -80.1999931 25.7895698, -80.1999922 25.7895464, -80.1987575 25.7895849, -80.1987584 25.7896083))",Northwest 15th Street,right,123.8,16,
Southwest 7th Court (left),25.7684355,-80.2066441,"POLYGON((-80.2066741 25.7689179, -80.2066401 25.7679523, -80.2066142 25.7679531, -80.2066482 25.7689187, -80.2066741 25.7689179))",Southwest 7th Court,left,107.5,13,
Southwest 7th Court (right),25.7684329,-80.2067359,"POLYGON((-80.2067658 25.7689153, -80.2067318 25.7679497, -80.2067059 25.7679505, -80.2067399 25.7689161, -80.2067658 25.7689153))",Southwest 7th Court,right,107.5,13,
Southwest 7th Court (left),25.7674710,-80.2066093,"POLYGON((-80.2066401 25.7679524, -80.2066045 25.7669889, -80.2065786 25.7669897, -80.2066142 25.7679532, -80.2066401 25.7679524))",Southwest 7th Court,left,107.3,13,
Southwest 7th Court (right),25.7674683,-80.2067011,"POLYGON((-80.2067318 25.7679496, -80.2066962 25.7669861, -80.2066703 25.7669869, -80.2067059 25.7679504, -80.2067318 25.7679496))",Southwest 7th Court,right,107.3,13,
Northwest 8th Court (left),25.7853511,-80.2095338,"POLYGON((-80.2095305 25.7851282, -80.2095110 25.7855730, -80.2095370 25.7855740, -80.2095565 25.7851291, -80.2095305 25.7851282))",Northwest 8th Court,left,49.6,5,
Northwest 8th Court (right),25.7853478,-80.2094420,"POLYGON((-80.2094388 25.7851249, -80.2094193 25.7855698, -80.2094453 25.7855707, -80.2094648 25.7851259, -80.2094388 25.7851249))",Northwest 8th Court,right,49.6,5,
Northwest 8th Court (left),25.7859920,-80.2091661,"POLYGON((-80.2091415 25.7855788, -80.2091648 25.7864058, -80.2091907 25.7864052, -80.2091674 25.7855783, -80.2091415 25.7855788))",Northwest 8th Court,left,92.1,11,
Northwest 8th Court (right),25.7859941,-80.2090744,"POLYGON((-80.2090498 25.7855809, -80.2090731 25.7864078, -80.2090990 25.7864073, -80.2090757 25.7855803, -80.2090498 25.7855809))",Northwest 8th Court,right,92.1,11,
Northwest 8th Court (left),25.7867035,-80.2091867,"POLYGON((-80.2091696 25.7865804, -80.2091778 25.7868273, -80.2092037 25.7868266, -80.2091955 25.7865797, -80.2091696 25.7865804))",Northwest 8th Court,left,27.5,1,
Northwest 8th Court (right),25.7867060,-80.2090949,"POLYGON((-80.2090779 25.7865829, -80.2090861 25.7868298, -80.2091120 25.7868291, -80.2091038 25.7865822, -80.2090779 25.7865829))",Northwest 8th Court,right,27.5,1,
Northwest 8th Court (left),25.7873076,-80.2092081,"POLYGON((-80.2091778 25.7868272, -80.2092125 25.7877887, -80.2092384 25.7877880, -80.2092037 25.7868265, -80.2091778 25.7868272))",Northwest 8th Court,left,107.1,13,
Northwest 8th Court (right),25.7873103,-80.2091164,"POLYGON((-80.2090861 25.7868299, -80.2091208 25.7877914, -80.2091467 25.7877907, -80.2091120 25.7868292, -80.2090861 25.7868299))",Northwest 8th Court,right,107.1,13,
Northwest 12th Street (left),25.7855888,-80.2072880,"POLYGON((-80.2068395 25.7856134, -80.2077373 25.7855876, -80.2077364 25.7855642, -80.2068387 25.7855900, -80.2068395 25.7856134))",Northwest 12th Street,left,90.0,11,
Northwest 12th Street (right),25.7856714,-80.2072909,"POLYGON((-80.2068425 25.7856960, -80.2077402 25.7856702, -80.2077394 25.7856468, -80.2068416 25.7856726, -80.2068425 25.7856960))",Northwest 12th Street,right,90.0,11,
Northwest 12th Street (left),25.7855637,-80.2081682,"POLYGON((-80.2077373 25.7855876, -80.2085999 25.7855633, -80.2085991 25.7855399, -80.2077365 25.7855642, -80.2077373 25.7855876))",Northwest 12th Street,left,86.5,10,
Northwest 12th Street (right),25.7856464,-80.2081710,"POLYGON((-80.2077401 25.7856702, -80.2086027 25.7856459, -80.2086019 25.7856225, -80.2077393 25.7856468, -80.2077401 25.7856702))",Northwest 12th Street,right,86.5,10,
Northwest 12th Street (left),25.7855441,-80.2088828,"POLYGON((-80.2086586 25.7855617, -80.2091076 25.7855500, -80.2091069 25.7855266, -80.2086579 25.7855383, -80.2086586 25.7855617))",Northwest 12th Street,left,45.0,4,
Northwest 12th Street (right),25.7856268,-80.2088854,"POLYGON((-80.2086613 25.7856443, -80.2091103 25.7856326, -80.2091096 25.7856092, -80.2086606 25.7856209, -80.2086613 25.7856443))",Northwest 12th Street,right,45.0,4,
Northwest 12th Street (left),25.7855339,-80.2092922,"POLYGON((-80.2091077 25.7855500, -80.2094773 25.7855412, -80.2094766 25.7855178, -80.2091070 25.7855266, -80.2091077 25.7855500))",Northwest 12th Street,left,37.1,3,
Northwest 12th Street (right),25.7856165,-80.2092946,"POLYGON((-80.2091102 25.7856326, -80.2094798 25.7856238, -80.2094791 25.7856004, -80.2091095 25.7856092, -80.2091102 25.7856326))",Northwest 12th Street,right,37.1,3,
Northwest 12th Street (left),25.7855222,-80.2097143,"POLYGON((-80.2094769 25.7855412, -80.2099525 25.7855266, -80.2099517 25.7855032, -80.2094760 25.7855178, -80.2094769 25.7855412))",Northwest 12th Street,left,47.7,4,
Northwest 12th Street (right),25.7856048,-80.2097174,"POLYGON((-80.2094800 25.7856238, -80.2099557 25.7856092, -80.2099548 25.7855858, -80.2094792 25.7856004, -80.2094800 25.7856238))",Northwest 12th Street,right,47.7,4,
Northwest 12th Street (left),25.7854846,-80.2104314,"POLYGON((-80.2099482 25.7855268, -80.2109165 25.7854656, -80.2109146 25.7854423, -80.2099464 25.7855035, -80.2099482 25.7855268))",Northwest 12th Street,left,97.3,12,
Northwest 12th Street (right),25.7855670,-80.2104379,"POLYGON((-80.2099547 25.7856093, -80.2109229 25.7855481, -80.2109211 25.7855248, -80.2099528 25.7855860, -80.2099547 25.7856093))",Northwest 12th Street,right,97.3,12,
Northwest 12th Street (left),25.7859375,-80.1967982,"POLYGON((-80.1964401 25.7859607, -80.1971571 25.7859377, -80.1971562 25.7859143, -80.1964392 25.7859373, -80.1964401 25.7859607))",Northwest 12th Street,left,71.9,8,
Northwest 12th Street (right),25.7860201,-80.1968014,"POLYGON((-80.1964434 25.7860433, -80.1971604 25.7860203, -80.1971595 25.7859969, -80.1964425 25.7860199, -80.1964434 25.7860433))",Northwest 12th Street,right,71.9,8,
Northwest 12th Street (left),25.7859153,-80.1975302,"POLYGON((-80.1971573 25.7859377, -80.1979040 25.7859164, -80.1979031 25.7858930, -80.1971564 25.7859143, -80.1971573 25.7859377))",Northwest 12th Street,left,74.9,8,
Northwest 12th Street (right),25.7859980,-80.1975331,"POLYGON((-80.1971602 25.7860203, -80.1979069 25.7859990, -80.1979060 25.7859756, -80.1971593 25.7859969, -80.1971602 25.7860203))",Northwest 12th Street,right,74.9,8,
Northwest 12th Street (left),25.7858916,-80.1982577,"POLYGON((-80.1979037 25.7859164, -80.1986128 25.7858902, -80.1986117 25.7858668, -80.1979026 25.7858930, -80.1979037 25.7859164))",Northwest 12th Street,left,71.1,8,
Northwest 12th Street (right),25.7859742,-80.1982614,"POLYGON((-80.1979074 25.7859990, -80.1986165 25.7859728, -80.1986154 25.7859494, -80.1979063 25.7859756, -80.1979074 25.7859990))",Northwest 12th Street,right,71.1,8,
Northwest 12th Street (left),25.7858605,-80.1992206,"POLYGON((-80.1986130 25.7858902, -80.1998291 25.7858542, -80.1998283 25.7858308, -80.1986122 25.7858668, -80.1986130 25.7858902))",Northwest 12th Street,left,122.0,15,
Northwest 12th Street (right),25.7859431,-80.1992237,"POLYGON((-80.1986160 25.7859728, -80.1998321 25.7859368, -80.1998313 25.7859134, -80.1986152 25.7859494, -80.1986160 25.7859728))",Northwest 12th Street,right,122.0,15,
Southwest 3rd Avenue (left),25.7648022,-80.1990613,"POLYGON((-80.1990485 25.7643194, -80.1990481 25.7652850, -80.1990741 25.7652850, -80.1990745 25.7643194, -80.1990485 25.7643194))",Southwest 3rd Avenue,left,107.5,13,
Southwest 3rd Avenue (right),25.7648022,-80.1989695,"POLYGON((-80.1989567 25.7643194, -80.1989563 25.7652850, -80.1989823 25.7652850, -80.1989827 25.7643194, -80.1989567 25.7643194))",Southwest 3rd Avenue,right,107.5,13,
Southwest 3rd Avenue (left),25.7654866,-80.1990737,"POLYGON((-80.1990480 25.7652827, -80.1990734 25.7656918, -80.1990993 25.7656905, -80.1990739 25.7652814, -80.1990480 25.7652827))",Southwest 3rd Avenue,left,45.6,4,
Southwest 3rd Avenue (right),25.7654912,-80.1989820,"POLYGON((-80.1989564 25.7652873, -80.1989818 25.7656964, -80.1990077 25.7656951, -80.1989823 25.7652860, -80.1989564 25.7652873))",Southwest 3rd Avenue,right,45.6,4,
Southwest 3rd Avenue (left),25.7612883,-80.1997073,"POLYGON((-80.1995247 25.7614292, -80.1999056 25.7611659, -80.1998898 25.7611474, -80.1995089 25.7614107, -80.1995247 25.7614292))",Southwest 3rd Avenue,left,48.1,4,
Southwest 3rd Avenue (right),25.7613539,-80.1997631,"POLYGON((-80.1995806 25.7614948, -80.1999615 25.7612315, -80.1999457 25.7612130, -80.1995648 25.7614763, -80.1995806 25.7614948))",Southwest 3rd Avenue,right,48.1,4,
Northeast 9th Street (left),25.7828860,-80.1930942,"POLYGON((-80.1939344 25.7828456, -80.1922529 25.7829031, -80.1922539 25.7829265, -80.1939354 25.7828690, -80.1939344 25.7828456))",Northeast 9th Street,left,168.7,22,
Northeast 9th Street (right),25.7828035,-80.1930907,"POLYGON((-80.1939310 25.7827630, -80.1922495 25.7828205, -80.1922505 25.7828439, -80.1939320 25.7827864, -80.1939310 25.7827630))",Northeast 9th Street,right,168.7,22,
Northeast 1st Avenue (left),25.7756478,-80.1920324,"POLYGON((-80.1920004 25.7751664, -80.1920384 25.7761300, -80.1920643 25.7761292, -80.1920263 25.7751656, -80.1920004 25.7751664))",Northeast 1st Avenue,left,107.3,13,
Northeast 1st Avenue (right),25.7756508,-80.1919406,"POLYGON((-80.1919087 25.7751694, -80.1919467 25.7761330, -80.1919726 25.7761322, -80.1919346 25.7751686, -80.1919087 25.7751694))",Northeast 1st Avenue,right,107.3,13,
Northeast 1st Avenue (left),25.7766118,-80.1920682,"POLYGON((-80.1920384 25.7761302, -80.1920721 25.7770942, -80.1920980 25.7770934, -80.1920643 25.7761294, -80.1920384 25.7761302))",Northeast 1st Avenue,left,107.4,13,
Northeast 1st Avenue (right),25.7766144,-80.1919765,"POLYGON((-80.1919467 25.7761328, -80.1919804 25.7770968, -80.1920063 25.7770960, -80.1919726 25.7761320, -80.1919467 25.7761328))",Northeast 1st Avenue,right,107.4,13,
Southwest 10th Street (left),25.7642319,-80.2005130,"POLYGON((-80.2003381 25.7642471, -80.2006885 25.7642401, -80.2006879 25.7642167, -80.2003375 25.7642237, -80.2003381 25.7642471))",Southwest 10th Street,left,35.1,2,
Southwest 10th Street (right),25.7643145,-80.2005150,"POLYGON((-80.2003401 25.7643297, -80.2006905 25.7643227, -80.2006899 25.7642993, -80.2003395 25.7643063, -80.2003401 25.7643297))",Southwest 10th Street,right,35.1,2,
Southwest 10th Street (left),25.7642043,-80.2015220,"POLYGON((-80.2006881 25.7642401, -80.2023567 25.7641919, -80.2023559 25.7641685, -80.2006873 25.7642167, -80.2006881 25.7642401))",Southwest 10th Street,left,167.4,22,
Southwest 10th Street (right),25.7642869,-80.2015250,"POLYGON((-80.2006911 25.7643227, -80.2023597 25.7642745, -80.2023589 25.7642511, -80.2006903 25.7642993, -80.2006911 25.7643227))",Southwest 10th Street,right,167.4,22,
Southwest 10th Street (left),25.7641558,-80.2031936,"POLYGON((-80.2023567 25.7641919, -80.2040313 25.7641432, -80.2040305 25.7641198, -80.2023559 25.7641685, -80.2023567 25.7641919))",Southwest 10th Street,left,168.0,22,
Southwest 10th Street (right),25.7642385,-80.2031966,"POLYGON((-80.2023597 25.7642745, -80.2040343 25.7642258, -80.2040335 25.7642024, -80.2023589 25.7642511, -80.2023597 25.7642745))",Southwest 10th Street,right,168.0,22,
Southwest 10th Street (left),25.7641071,-80.2048659,"POLYGON((-80.2040313 25.7641432, -80.2057013 25.7640944, -80.2057005 25.7640710, -80.2040305 25.7641198, -80.2040313 25.7641432))",Southwest 10th Street,left,167.5,22,
Southwest 10th Street (right),25.7641897,-80.2048689,"POLYGON((-80.2040343 25.7642258, -80.2057043 25.7641770, -80.2057035 25.7641536, -80.2040335 25.7642024, -80.2040343 25.7642258))",Southwest 10th Street,right,167.5,22,
Southwest 10th Street (left),25.7640574,-80.2065260,"POLYGON((-80.2057013 25.7640944, -80.2073517 25.7640437, -80.2073508 25.7640203, -80.2057004 25.7640710, -80.2057013 25.7640944))",Southwest 10th Street,left,165.6,22,
Southwest 10th Street (right),25.7641399,-80.2065292,"POLYGON((-80.2057044 25.7641770, -80.2073548 25.7641263, -80.2073539 25.7641029, -80.2057035 25.7641536, -80.2057044 25.7641770))",Southwest 10th Street,right,165.6,22,
Southwest 10th Street (left),25.7644177,-80.1942348,"POLYGON((-80.1932329 25.7644589, -80.1952375 25.7644000, -80.1952367 25.7643766, -80.1932321 25.7644355, -80.1932329 25.7644589))",Southwest 10th Street,left,201.1,27,
Southwest 10th Street (right),25.7645004,-80.1942378,"POLYGON((-80.1932359 25.7645415, -80.1952405 25.7644826, -80.1952397 25.7644592, -80.1932351 25.7645181, -80.1932359 25.7645415))",Southwest 10th Street,right,201.1,27,
Northwest 2nd Avenue (left),25.7841463,-80.1980295,"POLYGON((-80.1980618 25.7846284, -80.1980231 25.7836633, -80.1979972 25.7836642, -80.1980359 25.7846292, -80.1980618 25.7846284))",Northwest 2nd Avenue,left,107.5,13,
Northwest 2nd Avenue (right),25.7841433,-80.1981212,"POLYGON((-80.1981535 25.7846254, -80.1981148 25.7836604, -80.1980889 25.7836612, -80.1981276 25.7846263, -80.1981535 25.7846254))",Northwest 2nd Avenue,right,107.5,13,
Northwest 2nd Avenue (left),25.7874843,-80.1987186,"POLYGON((-80.1986819 25.7868558, -80.1987294 25.7881137, -80.1987553 25.7881129, -80.1987078 25.7868550, -80.1986819 25.7868558))",Northwest 2nd Avenue,left,140.1,18,
Northwest 2nd Avenue (right),25.7874872,-80.1986269,"POLYGON((-80.1985902 25.7868586, -80.1986377 25.7881165, -80.1986636 25.7881157, -80.1986161 25.7868578, -80.1985902 25.7868586))",Northwest 2nd Avenue,right,140.1,18,
Northeast 14th Terrace (left),25.7891243,-80.1883369,"POLYGON((-80.1891181 25.7891119, -80.1875558 25.7891132, -80.1875558 25.7891366, -80.1891181 25.7891353, -80.1891181 25.7891119))",Northeast 14th Terrace,left,156.6,21,
Northeast 14th Terrace (right),25.7890416,-80.1883369,"POLYGON((-80.1891180 25.7890293, -80.1875557 25.7890306, -80.1875557 25.7890540, -80.1891180 25.7890527, -80.1891180 25.7890293))",Northeast 14th Terrace,right,156.6,21,
Southeast 4th Street (left),25.7714538,-80.1932943,"POLYGON((-80.1935172 25.7714948, -80.1930781 25.7713902, -80.1930715 25.7714128, -80.1935105 25.7715174, -80.1935172 25.7714948))",Southeast 4th Street,left,45.5,4,
Southeast 4th Street (right),25.7713739,-80.1933178,"POLYGON((-80.1935406 25.7714149, -80.1931016 25.7713103, -80.1930949 25.7713329, -80.1935340 25.7714375, -80.1935406 25.7714149))",Southeast 4th Street,right,45.5,4,
Northwest 4th Avenue Circle East (left),25.7944134,-80.2010247,"POLYGON((-80.2010441 25.7946952, -80.2010312 25.7941311, -80.2010052 25.7941316, -80.2010181 25.7946957, -80.2010441 25.7946952))",Northwest 4th Avenue Circle East,left,62.8,7,
Northwest 4th Avenue Circle East (right),25.7944117,-80.2011164,"POLYGON((-80.2011359 25.7946935, -80.2011230 25.7941294, -80.2010970 25.7941299, -80.2011099 25.7946940, -80.2011359 25.7946935))",Northwest 4th Avenue Circle East,right,62.8,7,
Northeast Miami Court (left),25.7951722,-80.1940306,"POLYGON((-80.1941242 25.7946803, -80.1939117 25.7956597, -80.1939371 25.7956642, -80.1941496 25.7946847, -80.1941242 25.7946803))",Northeast Miami Court,left,111.1,14,
Northeast Miami Court (right),25.7951564,-80.1939406,"POLYGON((-80.1940341 25.7946644, -80.1938216 25.7956439, -80.1938470 25.7956483, -80.1940595 25.7946689, -80.1940341 25.7946644))",Northeast Miami Court,right,111.1,14,
Northeast Miami Court (left),25.7888497,-80.1939122,"POLYGON((-80.1938789 25.7882856, -80.1939195 25.7894144, -80.1939454 25.7894137, -80.1939048 25.7882849, -80.1938789 25.7882856))",Northeast Miami Court,left,125.7,16,
Northeast Miami Court (right),25.7888523,-80.1938204,"POLYGON((-80.1937872 25.7882883, -80.1938278 25.7894171, -80.1938537 25.7894164, -80.1938131 25.7882876, -80.1937872 25.7882883))",Northeast Miami Court,right,125.7,16,
Northeast Miami Court (left),25.7849571,-80.1932881,"POLYGON((-80.1932681 25.7847590, -80.1932821 25.7851561, -80.1933080 25.7851553, -80.1932940 25.7847582, -80.1932681 25.7847590))",Northeast Miami Court,left,44.2,4,
Northeast Miami Court (right),25.7849598,-80.1931963,"POLYGON((-80.1931764 25.7847616, -80.1931904 25.7851587, -80.1932163 25.7851579, -80.1932023 25.7847608, -80.1931764 25.7847616))",Northeast Miami Court,right,44.2,4,
Northeast Miami Court (left),25.7852458,-80.1932982,"POLYGON((-80.1932821 25.7851561, -80.1932884 25.7853363, -80.1933143 25.7853355, -80.1933080 25.7851553, -80.1932821 25.7851561))",Northeast Miami Court,left,20.1,0,
Northeast Miami Court (right),25.7852484,-80.1932065,"POLYGON((-80.1931904 25.7851587, -80.1931967 25.7853389, -80.1932226 25.7853381, -80.1932163 25.7851579, -80.1931904 25.7851587))",Northeast Miami Court,right,20.1,0,
Northwest 1st Place (left),25.7854785,-80.1979869,"POLYGON((-80.1980107 25.7849986, -80.1979372 25.7859568, -80.1979630 25.7859584, -80.1980366 25.7850002, -80.1980107 25.7849986))",Northwest 1st Place,left,106.9,13,
Northwest 1st Place (right),25.7854728,-80.1978953,"POLYGON((-80.1979192 25.7849929, -80.1978456 25.7859511, -80.1978715 25.7859527, -80.1979450 25.7849945, -80.1979192 25.7849929))",Northwest 1st Place,right,106.9,13,
Northwest 1st Place (left),25.7864116,-80.1979633,"POLYGON((-80.1979379 25.7859452, -80.1979628 25.7868786, -80.1979887 25.7868780, -80.1979638 25.7859446, -80.1979379 25.7859452))",Northwest 1st Place,left,103.9,13,
Northwest 1st Place (right),25.7864136,-80.1978716,"POLYGON((-80.1978462 25.7859472, -80.1978711 25.7868806, -80.1978970 25.7868800, -80.1978721 25.7859466, -80.1978462 25.7859472))",Northwest 1st Place,right,103.9,13,
Northwest 1st Place (left),25.7882570,-80.1982592,"POLYGON((-80.1981763 25.7881349, -80.1983190 25.7883895, -80.1983422 25.7883790, -80.1981995 25.7881244, -80.1981763 25.7881349))",Northwest 1st Place,left,31.7,2,
Northwest 1st Place (right),25.7882942,-80.1981773,"POLYGON((-80.1980943 25.7881722, -80.1982370 25.7884268, -80.1982602 25.7884163, -80.1981175 25.7881617, -80.1980943 25.7881722))",Northwest 1st Place,right,31.7,2,
Southeast 14th Street (left),25.7605264,-80.1929021,"POLYGON((-80.1935255 25.7606335, -80.1922841 25.7603964, -80.1922788 25.7604192, -80.1935201 25.7606564, -80.1935255 25.7606335))",Southeast 14th Street,left,127.2,16,
Southeast 14th Street (right),25.7604455,-80.1929212,"POLYGON((-80.1935445 25.7605527, -80.1923032 25.7603155, -80.1922978 25.7603384, -80.1935392 25.7605755, -80.1935445 25.7605527))",Southeast 14th Street,right,127.2,16,
Northeast 19th Street (left),25.7947715,-80.1924300,"POLYGON((-80.1940976 25.7947066, -80.1907614 25.7948132, -80.1907623 25.7948365, -80.1940986 25.7947299, -80.1940976 25.7947066))",Northeast 19th Street,left,334.6,47,
Northeast 19th Street (right),25.7946890,-80.1924267,"POLYGON((-80.1940944 25.7946240, -80.1907581 25.7947306, -80.1907591 25.7947539, -80.1940953 25.7946473, -80.1940944 25.7946240))",Northeast 19th Street,right,334.6,47,
Northeast 2nd Court (left),25.7929129,-80.1899305,"POLYGON((-80.1898969 25.7923091, -80.1899382 25.7935175, -80.1899641 25.7935168, -80.1899228 25.7923084, -80.1898969 25.7923091))",Northeast 2nd Court,left,134.6,17,
Northeast 2nd Court (right),25.7929155,-80.1898388,"POLYGON((-80.1898052 25.7923116, -80.1898465 25.7935200, -80.1898724 25.7935193, -80.1898311 25.7923109, -80.1898052 25.7923116))",Northeast 2nd Court,right,134.6,17,
Northeast 2nd Court (left),25.7942148,-80.1899687,"POLYGON((-80.1899406 25.7936128, -80.1899709 25.7948173, -80.1899968 25.7948168, -80.1899665 25.7936123, -80.1899406 25.7936128))",Northeast 2nd Court,left,134.1,17,
Northeast 2nd Court (right),25.7942167,-80.1898770,"POLYGON((-80.1898489 25.7936147, -80.1898792 25.7948192, -80.1899051 25.7948187, -80.1898748 25.7936142, -80.1898489 25.7936147))",Northeast 2nd Court,right,134.1,17,
Northeast 16th Street (left),25.7906610,-80.1865046,"POLYGON((-80.1870228 25.7906380, -80.1859858 25.7906606, -80.1859864 25.7906840, -80.1870234 25.7906614, -80.1870228 25.7906380))",Northeast 16th Street,left,104.0,13,
Northeast 16th Street (right),25.7905784,-80.1865024,"POLYGON((-80.1870206 25.7905554, -80.1859836 25.7905780, -80.1859842 25.7906014, -80.1870212 25.7905788, -80.1870206 25.7905554))",Northeast 16th Street,right,104.0,13,
Northeast 16th Street (left),25.7905702,-80.1943029,"POLYGON((-80.1946937 25.7905465, -80.1939111 25.7905706, -80.1939120 25.7905940, -80.1946946 25.7905699, -80.1946937 25.7905465))",Northeast 16th Street,left,78.5,9,
Northeast 16th Street (right),25.7904877,-80.1942997,"POLYGON((-80.1946906 25.7904639, -80.1939080 25.7904880, -80.1939089 25.7905114, -80.1946915 25.7904873, -80.1946906 25.7904639))",Northeast 16th Street,right,78.5,9,
Northeast 16th Street (left),25.7905948,-80.1935197,"POLYGON((-80.1939112 25.7905706, -80.1931274 25.7905956, -80.1931283 25.7906190, -80.1939121 25.7905940, -80.1939112 25.7905706))",Northeast 16th Street,left,78.6,9,
Northeast 16th Street (right),25.7905122,-80.1935165,"POLYGON((-80.1939079 25.7904880, -80.1931241 25.7905130, -80.1931250 25.7905364, -80.1939088 25.7905114, -80.1939079 25.7904880))",Northeast 16th Street,right,78.6,9,
Northeast 16th Street (left),25.7906333,-80.1923328,"POLYGON((-80.1931274 25.7905956, -80.1915372 25.7906476, -80.1915381 25.7906710, -80.1931283 25.7906190, -80.1931274 25.7905956))",Northeast 16th Street,left,159.5,21,
Northeast 16th Street (right),25.7905507,-80.1923294,"POLYGON((-80.1931241 25.7905130, -80.1915339 25.7905650, -80.1915348 25.7905884, -80.1931250 25.7905364, -80.1931241 25.7905130))",Northeast 16th Street,right,159.5,21,
Northwest 7th Street Road (left),25.7801572,-80.2078942,"POLYGON((-80.2078703 25.7798467, -80.2078921 25.7804685, -80.2079180 25.7804677, -80.2078962 25.7798460, -80.2078703 25.7798467))",Northwest 7th Street Road,left,69.2,8,
Northwest 7th Street Road (right),25.7801599,-80.2078024,"POLYGON((-80.2077786 25.7798494, -80.2078004 25.7804711, -80.2078263 25.7804704, -80.2078045 25.7798486, -80.2077786 25.7798494))",Northwest 7th Street Road,right,69.2,8,
Northwest 7th Street Road (left),25.7814059,-80.2086003,"POLYGON((-80.2078568 25.7804123, -80.2093221 25.7824124, -80.2093438 25.7823996, -80.2078785 25.7803995, -80.2078568 25.7804123))",Northwest 7th Street Road,left,266.7,37,
Northwest 7th Street Road (right),25.7814515,-80.2085237,"POLYGON((-80.2077802 25.7804578, -80.2092455 25.7824579, -80.2092672 25.7824451, -80.2078019 25.7804450, -80.2077802 25.7804578))",Northwest 7th Street Road,right,266.7,37,
Northwest 7th Street Road (left),25.7827865,-80.2098444,"POLYGON((-80.2092862 25.7823654, -80.2103856 25.7832252, -80.2104026 25.7832076, -80.2093032 25.7823478, -80.2092862 25.7823654))",Northwest 7th Street Road,left,146.0,19,
Northwest 7th Street Road (right),25.7828489,-80.2097842,"POLYGON((-80.2092260 25.7824278, -80.2103254 25.7832876, -80.2103424 25.7832700, -80.2092430 25.7824102, -80.2092260 25.7824278))",Northwest 7th Street Road,right,146.0,19,
Northwest 4th Court (left),25.7794609,-80.2020600,"POLYGON((-80.2020415 25.7792366, -80.2020526 25.7796857, -80.2020785 25.7796852, -80.2020674 25.7792361, -80.2020415 25.7792366))",Northwest 4th Court,left,50.0,5,
Northwest 4th Court (right),25.7794628,-80.2019683,"POLYGON((-80.2019498 25.7792385, -80.2019609 25.7796876, -80.2019868 25.7796871, -80.2019757 25.7792380, -80.2019498 25.7792385))",Northwest 4th Court,right,50.0,5,
Northwest 4th Court (left),25.7931740,-80.2028518,"POLYGON((-80.2033952 25.7927005, -80.2022907 25.7936305, -80.2023084 25.7936475, -80.2034129 25.7927176, -80.2033952 25.7927005))",Northwest 4th Court,left,151.6,20,
Northwest 4th Court (right),25.7931137,-80.2027891,"POLYGON((-80.2033325 25.7926402, -80.2022280 25.7935701, -80.2022457 25.7935872, -80.2033502 25.7926572, -80.2033325 25.7926402))",Northwest 4th Court,right,151.6,20,
Southwest 2nd Street (left),25.7719078,-80.2018069,"POLYGON((-80.2009734 25.7719422, -80.2026412 25.7718968, -80.2026404 25.7718734, -80.2009726 25.7719188, -80.2009734 25.7719422))",Southwest 2nd Street,left,167.3,22,
Southwest 2nd Street (right),25.7719904,-80.2018097,"POLYGON((-80.2009762 25.7720248, -80.2026440 25.7719794, -80.2026432 25.7719560, -80.2009754 25.7720014, -80.2009762 25.7720248))",Southwest 2nd Street,right,167.3,22,
Southwest 2nd Street (left),25.7718589,-80.2034755,"POLYGON((-80.2026411 25.7718968, -80.2043108 25.7718444, -80.2043099 25.7718210, -80.2026401 25.7718734, -80.2026411 25.7718968))",Southwest 2nd Street,left,167.5,22,
Southwest 2nd Street (right),25.7719415,-80.2034786,"POLYGON((-80.2026442 25.7719794, -80.2043140 25.7719270, -80.2043130 25.7719036, -80.2026433 25.7719560, -80.2026442 25.7719794))",Southwest 2nd Street,right,167.5,22,
Southwest 2nd Street (left),25.7718080,-80.2051440,"POLYGON((-80.2043108 25.7718444, -80.2059781 25.7717951, -80.2059773 25.7717717, -80.2043100 25.7718210, -80.2043108 25.7718444))",Southwest 2nd Street,left,167.2,22,
Southwest 2nd Street (right),25.7718907,-80.2051471,"POLYGON((-80.2043138 25.7719270, -80.2059811 25.7718777, -80.2059803 25.7718543, -80.2043130 25.7719036, -80.2043138 25.7719270))",Southwest 2nd Street,right,167.2,22,
Southeast 2nd Street (left),25.7725059,-80.1926995,"POLYGON((-80.1918616 25.7725430, -80.1935382 25.7724922, -80.1935373 25.7724688, -80.1918607 25.7725196, -80.1918616 25.7725430))",Southeast 2nd Street,left,168.2,22,
Southeast 2nd Street (right),25.7725885,-80.1927025,"POLYGON((-80.1918647 25.7726256, -80.1935413 25.7725748, -80.1935404 25.7725514, -80.1918638 25.7726022, -80.1918647 25.7726256))",Southeast 2nd Street,right,168.2,22,
Southwest 4th Avenue (left),25.7714943,-80.2009095,"POLYGON((-80.2009415 25.7719729, -80.2009034 25.7710150, -80.2008775 25.7710158, -80.2009156 25.7719737, -80.2009415 25.7719729))",Southwest 4th Avenue,left,106.7,13,
Southwest 4th Avenue (right),25.7714914,-80.2010012,"POLYGON((-80.2010332 25.7719699, -80.2009951 25.7710120, -80.2009692 25.7710128, -80.2010073 25.7719707, -80.2010332 25.7719699))",Southwest 4th Avenue,right,106.7,13,
Southwest 4th Avenue (left),25.7705323,-80.2008737,"POLYGON((-80.2009034 25.7710148, -80.2008700 25.7700490, -80.2008441 25.7700497, -80.2008775 25.7710156, -80.2009034 25.7710148))",Southwest 4th Avenue,left,107.6,13,
Southwest 4th Avenue (right),25.7705297,-80.2009655,"POLYGON((-80.2009951 25.7710123, -80.2009617 25.7700464, -80.2009358 25.7700472, -80.2009692 25.7710130, -80.2009951 25.7710123))",Southwest 4th Avenue,right,107.6,13,
Southwest 4th Avenue (left),25.7695685,-80.2008412,"POLYGON((-80.2008700 25.7700490, -80.2008384 25.7690874, -80.2008125 25.7690881, -80.2008441 25.7700497, -80.2008700 25.7700490))",Southwest 4th Avenue,left,107.1,13,
Southwest 4th Avenue (right),25.7695661,-80.2009330,"POLYGON((-80.2009617 25.7700465, -80.2009301 25.7690849, -80.2009042 25.7690856, -80.2009358 25.7700472, -80.2009617 25.7700465))",Southwest 4th Avenue,right,107.1,13,
Northeast 1st Court (left),25.7872964,-80.1914898,"POLYGON((-80.1914649 25.7869656, -80.1914887 25.7876278, -80.1915146 25.7876271, -80.1914908 25.7869649, -80.1914649 25.7869656))",Northeast 1st Court,left,73.8,8,
Northeast 1st Court (right),25.7872990,-80.1913980,"POLYGON((-80.1913732 25.7869683, -80.1913970 25.7876305, -80.1914229 25.7876298, -80.1913991 25.7869676, -80.1913732 25.7869683))",Northeast 1st Court,right,73.8,8,
Northeast 1st Court (left),25.7879924,-80.1915155,"POLYGON((-80.1914887 25.7876278, -80.1915163 25.7883578, -80.1915422 25.7883570, -80.1915146 25.7876270, -80.1914887 25.7876278))",Northeast 1st Court,left,81.3,9,
Northeast 1st Court (right),25.7879952,-80.1914237,"POLYGON((-80.1913970 25.7876306, -80.1914246 25.7883606, -80.1914505 25.7883598, -80.1914229 25.7876298, -80.1913970 25.7876306))",Northeast 1st Court,right,81.3,9,
Northeast 1st Court (left),25.7884918,-80.1915344,"POLYGON((-80.1915163 25.7883578, -80.1915265 25.7886267, -80.1915524 25.7886259, -80.1915422 25.7883570, -80.1915163 25.7883578))",Northeast 1st Court,left,30.0,2,
Northeast 1st Court (right),25.7884947,-80.1914426,"POLYGON((-80.1914246 25.7883606, -80.1914348 25.7886295, -80.1914607 25.7886287, -80.1914505 25.7883598, -80.1914246 25.7883606))",Northeast 1st Court,right,30.0,2,
Southwest 18th Road (left),25.7593779,-80.2002744,"POLYGON((-80.2001859 25.7592900, -80.2003421 25.7594796, -80.2003630 25.7594657, -80.2002068 25.7592761, -80.2001859 25.7592900))",Southwest 18th Road,left,26.3,1,
Southwest 18th Road (right),25.7594271,-80.2002008,"POLYGON((-80.2001122 25.7593393, -80.2002684 25.7595289, -80.2002893 25.7595150, -80.2001331 25.7593254, -80.2001122 25.7593393))",Southwest 18th Road,right,26.3,1,
Southwest 18th Road (left),25.7598542,-80.2006883,"POLYGON((-80.2003412 25.7594786, -80.2010151 25.7602443, -80.2010354 25.7602298, -80.2003615 25.7594641, -80.2003412 25.7594786))",Southwest 18th Road,left,108.8,13,
Southwest 18th Road (right),25.7599055,-80.2006164,"POLYGON((-80.2002693 25.7595299, -80.2009432 25.7602956, -80.2009635 25.7602811, -80.2002896 25.7595154, -80.2002693 25.7595299))",Southwest 18th Road,right,108.8,13,
Southwest 18th Road (left),25.7572103,-80.1977576,"POLYGON((-80.1972215 25.7565975, -80.1982732 25.7578373, -80.1982938 25.7578231, -80.1972421 25.7565833, -80.1972215 25.7565975))",Southwest 18th Road,left,173.7,23,
Southwest 18th Road (right),25.7572605,-80.1976847,"POLYGON((-80.1971485 25.7566477, -80.1982002 25.7578875, -80.1982208 25.7578733, -80.1971691 25.7566335, -80.1971485 25.7566477))",Southwest 18th Road,right,173.7,23,
Southwest 18th Road (left),25.7611937,-80.2012702,"POLYGON((-80.2007641 25.7606104, -80.2017557 25.7617911, -80.2017763 25.7617770, -80.2007848 25.7605963, -80.2007641 25.7606104))",Southwest 18th Road,left,164.8,22,
Southwest 18th Road (right),25.7612436,-80.2011971,"POLYGON((-80.2006910 25.7606603, -80.2016825 25.7618410, -80.2017032 25.7618269, -80.2007116 25.7606462, -80.2006910 25.7606603))",Southwest 18th Road,right,164.8,22,
Southwest 18th Road (left),25.7623936,-80.2022813,"POLYGON((-80.2017974 25.7618408, -80.2027446 25.7629606, -80.2027652 25.7629464, -80.2018181 25.7618266, -80.2017974 25.7618408))",Southwest 18th Road,left,156.7,21,
Southwest 18th Road (right),25.7624437,-80.2022084,"POLYGON((-80.2017245 25.7618909, -80.2026716 25.7630107, -80.2026923 25.7629965, -80.2017451 25.7618767, -80.2017245 25.7618909))",Southwest 18th Road,right,156.7,21,
Southwest 3rd Street (left),25.7709478,-80.2017715,"POLYGON((-80.2009352 25.7709843, -80.2026086 25.7709347, -80.2026078 25.7709113, -80.2009344 25.7709609, -80.2009352 25.7709843))",Southwest 3rd Street,left,167.8,22,
Southwest 3rd Street (right),25.7710304,-80.2017745,"POLYGON((-80.2009382 25.7710669, -80.2026116 25.7710173, -80.2026108 25.7709939, -80.2009374 25.7710435, -80.2009382 25.7710669))",Southwest 3rd Street,right,167.8,22,
Southwest 3rd Street (left),25.7709045,-80.2031799,"POLYGON((-80.2026085 25.7709347, -80.2037522 25.7708977, -80.2037513 25.7708743, -80.2026076 25.7709113, -80.2026085 25.7709347))",Southwest 3rd Street,left,114.7,14,
Southwest 3rd Street (right),25.7709871,-80.2031832,"POLYGON((-80.2026118 25.7710173, -80.2037555 25.7709803, -80.2037546 25.7709569, -80.2026109 25.7709939, -80.2026118 25.7710173))",Southwest 3rd Street,right,114.7,14,
Southwest 3rd Street (left),25.7714562,-80.1936845,"POLYGON((-80.1935319 25.7714370, -80.1938313 25.7714982, -80.1938370 25.7714754, -80.1935376 25.7714142, -80.1935319 25.7714370))",Southwest 3rd Street,left,30.8,2,
Southwest 3rd Street (right),25.7715368,-80.1936641,"POLYGON((-80.1935116 25.7715176, -80.1938110 25.7715788, -80.1938167 25.7715560, -80.1935173 25.7714948, -80.1935116 25.7715176))",Southwest 3rd Street,right,30.8,2,
Northwest 8th Street (left),25.7815126,-80.2038388,"POLYGON((-80.2030037 25.7815521, -80.2046749 25.7814964, -80.2046739 25.7814730, -80.2030027 25.7815287, -80.2030037 25.7815521))",Northwest 8th Street,left,167.6,22,
Northwest 8th Street (right),25.7815951,-80.2038422,"POLYGON((-80.2030071 25.7816347, -80.2046783 25.7815790, -80.2046773 25.7815556, -80.2030061 25.7816113, -80.2030071 25.7816347))",Northwest 8th Street,right,167.6,22,
Northwest 8th Street (left),25.7814608,-80.2056944,"POLYGON((-80.2046752 25.7814964, -80.2067141 25.7814487, -80.2067135 25.7814253, -80.2046746 25.7814730, -80.2046752 25.7814964))",Northwest 8th Street,left,204.4,28,
Northwest 8th Street (right),25.7815435,-80.2056967,"POLYGON((-80.2046776 25.7815790, -80.2067165 25.7815313, -80.2067159 25.7815079, -80.2046770 25.7815556, -80.2046776 25.7815790))",Northwest 8th Street,right,204.4,28,
Southwest 9th Avenue (left),25.7654836,-80.2088379,"POLYGON((-80.2089184 25.7659743, -80.2087830 25.7649901, -80.2087573 25.7649930, -80.2088927 25.7659771, -80.2089184 25.7659743))",Southwest 9th Avenue,left,110.4,14,
Southwest 9th Avenue (right),25.7654735,-80.2089289,"POLYGON((-80.2090095 25.7659641, -80.2088741 25.7649800, -80.2088484 25.7649828, -80.2089838 25.7659670, -80.2090095 25.7659641))",Southwest 9th Avenue,right,110.4,14,
Southwest 9th Avenue (left),25.7645529,-80.2087526,"POLYGON((-80.2087843 25.7649985, -80.2087468 25.7641063, -80.2087209 25.7641072, -80.2087584 25.7649994, -80.2087843 25.7649985))",Southwest 9th Avenue,left,99.4,12,
Southwest 9th Avenue (right),25.7645497,-80.2088443,"POLYGON((-80.2088760 25.7649954, -80.2088385 25.7641032, -80.2088126 25.7641041, -80.2088501 25.7649963, -80.2088760 25.7649954))",Southwest 9th Avenue,right,99.4,12,
Southwest 9th Avenue (left),25.7635105,-80.2087112,"POLYGON((-80.2087403 25.7639483, -80.2087080 25.7630720, -80.2086821 25.7630728, -80.2087144 25.7639491, -80.2087403 25.7639483))",Southwest 9th Avenue,left,97.6,12,
Southwest 9th Avenue (right),25.7635078,-80.2088029,"POLYGON((-80.2088320 25.7639455, -80.2087997 25.7630692, -80.2087738 25.7630700, -80.2088061 25.7639463, -80.2088320 25.7639455))",Southwest 9th Avenue,right,97.6,12,
Southwest 9th Avenue (left),25.7722052,-80.2092885,"POLYGON((-80.2093204 25.7726896, -80.2092826 25.7717200, -80.2092567 25.7717208, -80.2092945 25.7726904, -80.2093204 25.7726896))",Southwest 9th Avenue,left,108.0,13,
Southwest 9th Avenue (right),25.7722023,-80.2093803,"POLYGON((-80.2094121 25.7726867, -80.2093743 25.7717171, -80.2093484 25.7717179, -80.2093862 25.7726875, -80.2094121 25.7726867))",Southwest 9th Avenue,right,108.0,13,
Southwest 9th Avenue (left),25.7712422,-80.2092539,"POLYGON((-80.2092826 25.7717199, -80.2092511 25.7707639, -80.2092252 25.7707646, -80.2092567 25.7717206, -80.2092826 25.7717199))",Southwest 9th Avenue,left,106.5,13,
Southwest 9th Avenue (right),25.7712398,-80.2093456,"POLYGON((-80.2093743 25.7717174, -80.2093428 25.7707614, -80.2093169 25.7707621, -80.2093484 25.7717181, -80.2093743 25.7717174))",Southwest 9th Avenue,right,106.5,13,
Southwest 9th Avenue (left),25.7702802,-80.2092194,"POLYGON((-80.2092511 25.7707640, -80.2092137 25.7697956, -80.2091878 25.7697964, -80.2092252 25.7707648, -80.2092511 25.7707640))",Southwest 9th Avenue,left,107.9,13,
Southwest 9th Avenue (right),25.7702774,-80.2093112,"POLYGON((-80.2093428 25.7707612, -80.2093054 25.7697928, -80.2092795 25.7697936, -80.2093169 25.7707620, -80.2093428 25.7707612))",Southwest 9th Avenue,right,107.9,13,
Southwest 9th Avenue (left),25.7693158,-80.2091830,"POLYGON((-80.2092137 25.7697956, -80.2091782 25.7688353, -80.2091523 25.7688361, -80.2091878 25.7697964, -80.2092137 25.7697956))",Southwest 9th Avenue,left,107.0,13,
Southwest 9th Avenue (right),25.7693131,-80.2092747,"POLYGON((-80.2093054 25.7697928, -80.2092699 25.7688325, -80.2092440 25.7688333, -80.2092795 25.7697936, -80.2093054 25.7697928))",Southwest 9th Avenue,right,107.0,13,
Southwest 9th Avenue (left),25.7685770,-80.2091540,"POLYGON((-80.2091782 25.7688355, -80.2091557 25.7683176, -80.2091298 25.7683185, -80.2091523 25.7688364, -80.2091782 25.7688355))",Southwest 9th Avenue,left,57.7,6,
Southwest 9th Avenue (right),25.7685737,-80.2092457,"POLYGON((-80.2092699 25.7688322, -80.2092474 25.7683143, -80.2092215 25.7683152, -80.2092440 25.7688331, -80.2092699 25.7688322))",Southwest 9th Avenue,right,57.7,6,
Southwest 9th Avenue (left),25.7622240,-80.2092158,"POLYGON((-80.2088113 25.7625175, -80.2096360 25.7619491, -80.2096202 25.7619305, -80.2087955 25.7624989, -80.2088113 25.7625175))",Southwest 9th Avenue,left,104.1,13,
Southwest 9th Avenue (right),25.7622896,-80.2092715,"POLYGON((-80.2088671 25.7625831, -80.2096918 25.7620147, -80.2096760 25.7619961, -80.2088513 25.7625645, -80.2088671 25.7625831))",Southwest 9th Avenue,right,104.1,13,
Southwest 9th Avenue (left),25.7617437,-80.2099136,"POLYGON((-80.2096360 25.7619490, -80.2102069 25.7615570, -80.2101912 25.7615385, -80.2096203 25.7619305, -80.2096360 25.7619490))",Southwest 9th Avenue,left,72.0,8,
Southwest 9th Avenue (right),25.7618095,-80.2099693,"POLYGON((-80.2096917 25.7620147, -80.2102626 25.7616227, -80.2102469 25.7616042, -80.2096760 25.7619962, -80.2096917 25.7620147))",Southwest 9th Avenue,right,72.0,8,
Northwest 17th Street (left),25.7916401,-80.1990442,"POLYGON((-80.1988030 25.7916566, -80.1992860 25.7916470, -80.1992854 25.7916236, -80.1988024 25.7916332, -80.1988030 25.7916566))",Northwest 17th Street,left,48.4,4,
Northwest 17th Street (right),25.7917227,-80.1990462,"POLYGON((-80.1988050 25.7917392, -80.1992880 25.7917296, -80.1992874 25.7917062, -80.1988044 25.7917158, -80.1988050 25.7917392))",Northwest 17th Street,right,48.4,4,
Northwest 17th Street (left),25.7916268,-80.1996590,"POLYGON((-80.1992859 25.7916470, -80.2000329 25.7916300, -80.2000322 25.7916066, -80.1992852 25.7916236, -80.1992859 25.7916470))",Northwest 17th Street,left,74.9,8,
Northwest 17th Street (right),25.7917094,-80.1996614,"POLYGON((-80.1992882 25.7917296, -80.2000352 25.7917126, -80.2000345 25.7916892, -80.1992875 25.7917062, -80.1992882 25.7917296))",Northwest 17th Street,right,74.9,8,
Northwest 17th Street (left),25.7915812,-80.1950351,"POLYGON((-80.1947287 25.7915954, -80.1953417 25.7915904, -80.1953415 25.7915670, -80.1947285 25.7915720, -80.1947287 25.7915954))",Northwest 17th Street,left,61.4,6,
Northwest 17th Street (right),25.7916638,-80.1950359,"POLYGON((-80.1947295 25.7916780, -80.1953425 25.7916730, -80.1953423 25.7916496, -80.1947293 25.7916546, -80.1947295 25.7916780))",Northwest 17th Street,right,61.4,6,
Northwest 17th Street (left),25.7915549,-80.1961371,"POLYGON((-80.1956402 25.7915796, -80.1966347 25.7915537, -80.1966340 25.7915303, -80.1956395 25.7915562, -80.1956402 25.7915796))",Northwest 17th Street,left,99.7,12,
Northwest 17th Street (right),25.7916376,-80.1961398,"POLYGON((-80.1956429 25.7916622, -80.1966374 25.7916363, -80.1966367 25.7916129, -80.1956422 25.7916388, -80.1956429 25.7916622))",Northwest 17th Street,right,99.7,12,
Northwest 17th Street (left),25.7915258,-80.1971213,"POLYGON((-80.1966345 25.7915537, -80.1976090 25.7915213, -80.1976080 25.7914979, -80.1966335 25.7915303, -80.1966345 25.7915537))",Northwest 17th Street,left,97.7,12,
Northwest 17th Street (right),25.7916084,-80.1971246,"POLYGON((-80.1966379 25.7916363, -80.1976124 25.7916039, -80.1976114 25.7915805, -80.1966369 25.7916129, -80.1966379 25.7916363))",Northwest 17th Street,right,97.7,12,
Northwest 17th Street (left),25.7914962,-80.1980009,"POLYGON((-80.1976089 25.7915213, -80.1983937 25.7914944, -80.1983928 25.7914710, -80.1976080 25.7914979, -80.1976089 25.7915213))",Northwest 17th Street,left,78.7,9,
Northwest 17th Street (right),25.7915787,-80.1980043,"POLYGON((-80.1976124 25.7916039, -80.1983972 25.7915770, -80.1983963 25.7915536, -80.1976115 25.7915805, -80.1976124 25.7916039))",Northwest 17th Street,right,78.7,9,
Northwest 17th Street (left),25.7914784,-80.1985966,"POLYGON((-80.1983942 25.7914944, -80.1987995 25.7914859, -80.1987989 25.7914625, -80.1983936 25.7914710, -80.1983942 25.7914944))",Northwest 17th Street,left,40.6,3,
Northwest 17th Street (right),25.7915611,-80.1985987,"POLYGON((-80.1983964 25.7915770, -80.1988017 25.7915685, -80.1988011 25.7915451, -80.1983958 25.7915536, -80.1983964 25.7915770))",Northwest 17th Street,right,40.6,3,
Southeast 3rd Avenue (left),25.7710582,-80.1889380,"POLYGON((-80.1889191 25.7709164, -80.1889309 25.7712008, -80.1889568 25.7711999, -80.1889450 25.7709155, -80.1889191 25.7709164))",Southeast 3rd Avenue,left,31.7,2,
Southeast 3rd Avenue (right),25.7710612,-80.1888462,"POLYGON((-80.1888274 25.7709195, -80.1888392 25.7712039, -80.1888651 25.7712030, -80.1888533 25.7709186, -80.1888274 25.7709195))",Southeast 3rd Avenue,right,31.7,2,
Southeast 13th Street (left),25.7609281,-80.1909160,"POLYGON((-80.1919414 25.7611361, -80.1898966 25.7606974, -80.1898906 25.7607202, -80.1919354 25.7611589, -80.1919414 25.7611361))",Southeast 13th Street,left,210.7,29,
Southeast 13th Street (right),25.7608478,-80.1909372,"POLYGON((-80.1919626 25.7610557, -80.1899178 25.7606170, -80.1899118 25.7606398, -80.1919566 25.7610785, -80.1919626 25.7610557))",Southeast 13th Street,right,210.7,29,
Southeast 1st Street (left),25.7733733,-80.1927333,"POLYGON((-80.1935646 25.7733366, -80.1919012 25.7733866, -80.1919020 25.7734100, -80.1935655 25.7733600, -80.1935646 25.7733366))",Southeast 1st Street,left,166.8,22,
Southeast 1st Street (right),25.7732907,-80.1927303,"POLYGON((-80.1935616 25.7732540, -80.1918981 25.7733040, -80.1918990 25.7733274, -80.1935624 25.7732774, -80.1935616 25.7732540))",Southeast 1st Street,right,166.8,22,
Northwest 4th Avenue Circle (left),25.7939661,-80.2014417,"POLYGON((-80.2014241 25.7938026, -80.2014333 25.7941302, -80.2014592 25.7941296, -80.2014500 25.7938020, -80.2014241 25.7938026))",Northwest 4th Avenue Circle,left,36.5,3,
Northwest 4th Avenue Circle (right),25.7939681,-80.2013499,"POLYGON((-80.2013324 25.7938046, -80.2013416 25.7941322, -80.2013675 25.7941316, -80.2013583 25.7938040, -80.2013324 25.7938046))",Northwest 4th Avenue Circle,right,36.5,3,
Southeast 14th Terrace (left),25.7590483,-80.1915371,"POLYGON((-80.1926299 25.7595297, -80.1904558 25.7585461, -80.1904442 25.7585670, -80.1926183 25.7595506, -80.1926299 25.7595297))",Southeast 14th Terrace,left,243.9,34,
Southeast 14th Terrace (right),25.7589745,-80.1915782,"POLYGON((-80.1926711 25.7594558, -80.1904970 25.7584722, -80.1904854 25.7584931, -80.1926595 25.7594767, -80.1926711 25.7594558))",Southeast 14th Terrace,right,243.9,34,
Southwest Miami Avenue Road (left),25.7685397,-80.1939871,"POLYGON((-80.1936217 25.7688202, -80.1943687 25.7682775, -80.1943524 25.7682593, -80.1936055 25.7688020, -80.1936217 25.7688202))",Southwest Miami Avenue Road,left,96.2,12,
Southwest Miami Avenue Road (right),25.7686041,-80.1940447,"POLYGON((-80.1936794 25.7688845, -80.1944263 25.7683418, -80.1944101 25.7683236, -80.1936631 25.7688663, -80.1936794 25.7688845))",Southwest Miami Avenue Road,right,96.2,12,
Northwest 7th Avenue (left),25.7742680,-80.2061204,"POLYGON((-80.2060889 25.7737682, -80.2061259 25.7747685, -80.2061518 25.7747677, -80.2061148 25.7737674, -80.2060889 25.7737682))",Northwest 7th Avenue,left,111.4,14,
Northwest 7th Avenue (right),25.7742707,-80.2060286,"POLYGON((-80.2059972 25.7737710, -80.2060342 25.7747713, -80.2060601 25.7747705, -80.2060231 25.7737702, -80.2059972 25.7737710))",Northwest 7th Avenue,right,111.4,14,
Northwest 7th Avenue (left),25.7752477,-80.2061567,"POLYGON((-80.2061259 25.7747685, -80.2061615 25.7757276, -80.2061874 25.7757268, -80.2061518 25.7747677, -80.2061259 25.7747685))",Northwest 7th Avenue,left,106.8,13,
Northwest 7th Avenue (right),25.7752504,-80.2060649,"POLYGON((-80.2060342 25.7747713, -80.2060698 25.7757304, -80.2060957 25.7757296, -80.2060601 25.7747705, -80.2060342 25.7747713))",Northwest 7th Avenue,right,106.8,13,
Northwest 14th Terrace (left),25.7887747,-80.1993561,"POLYGON((-80.1987414 25.7888034, -80.1999716 25.7887695, -80.1999708 25.7887461, -80.1987406 25.7887800, -80.1987414 25.7888034))",Northwest 14th Terrace,left,123.4,16,
Northwest 14th Terrace (right),25.7888574,-80.1993589,"POLYGON((-80.1987442 25.7888860, -80.1999744 25.7888521, -80.1999736 25.7888287, -80.1987434 25.7888626, -80.1987442 25.7888860))",Northwest 14th Terrace,right,123.4,16,
Northeast 11th Terrace (left),25.7851029,-80.1936334,"POLYGON((-80.1932480 25.7851274, -80.1940197 25.7851017, -80.1940187 25.7850783, -80.1932470 25.7851040, -80.1932480 25.7851274))",Northeast 11th Terrace,left,77.4,9,
Northeast 11th Terrace (right),25.7851854,-80.1936367,"POLYGON((-80.1932514 25.7852100, -80.1940231 25.7851843, -80.1940221 25.7851609, -80.1932504 25.7851866, -80.1932514 25.7852100))",Northeast 11th Terrace,right,77.4,9,
Northwest Miami Court (left),25.7876003,-80.1951452,"POLYGON((-80.1951049 25.7869609, -80.1951596 25.7882407, -80.1951855 25.7882398, -80.1951308 25.7869600, -80.1951049 25.7869609))",Northwest Miami Court,left,142.6,19,
Northwest Miami Court (right),25.7876035,-80.1950535,"POLYGON((-80.1950132 25.7869640, -80.1950679 25.7882438, -80.1950938 25.7882429, -80.1950391 25.7869631, -80.1950132 25.7869640))",Northwest Miami Court,right,142.6,19,
Northwest Miami Court (left),25.7935534,-80.1957824,"POLYGON((-80.1957669 25.7929119, -80.1957719 25.7941949, -80.1957979 25.7941948, -80.1957929 25.7929118, -80.1957669 25.7929119))",Northwest Miami Court,left,142.8,19,
Northwest Miami Court (right),25.7935536,-80.1956906,"POLYGON((-80.1956751 25.7929122, -80.1956801 25.7941952, -80.1957061 25.7941951, -80.1957011 25.7929121, -80.1956751 25.7929122))",Northwest Miami Court,right,142.8,19,
Northwest Miami Court (left),25.7967144,-80.1958618,"POLYGON((-80.1957719 25.7941941, -80.1959257 25.7992352, -80.1959516 25.7992346, -80.1957978 25.7941935, -80.1957719 25.7941941))",Northwest Miami Court,left,561.4,81,
Northwest Miami Court (right),25.7967166,-80.1957700,"POLYGON((-80.1956802 25.7941964, -80.1958340 25.7992375, -80.1958599 25.7992369, -80.1957061 25.7941958, -80.1956802 25.7941964))",Northwest Miami Court,right,561.4,81,
Northwest Miami Court (left),25.7746110,-80.1946458,"POLYGON((-80.1946695 25.7750982, -80.1946481 25.7741234, -80.1946222 25.7741238, -80.1946436 25.7750987, -80.1946695 25.7750982))",Northwest Miami Court,left,108.5,13,
Northwest Miami Court (right),25.7746094,-80.1947376,"POLYGON((-80.1947612 25.7750966, -80.1947398 25.7741217, -80.1947139 25.7741222, -80.1947353 25.7750970, -80.1947612 25.7750966))",Northwest Miami Court,right,108.5,13,
Southwest 8th Court (left),25.7654999,-80.2080660,"POLYGON((-80.2080974 25.7659804, -80.2080605 25.7650185, -80.2080346 25.7650193, -80.2080715 25.7659812, -80.2080974 25.7659804))",Southwest 8th Court,left,107.1,13,
Southwest 8th Court (right),25.7654970,-80.2081577,"POLYGON((-80.2081891 25.7659776, -80.2081522 25.7650157, -80.2081263 25.7650165, -80.2081632 25.7659784, -80.2081891 25.7659776))",Southwest 8th Court,right,107.1,13,
Southwest 8th Court (left),25.7647086,-80.2080421,"POLYGON((-80.2080605 25.7650180, -80.2080497 25.7643989, -80.2080238 25.7643992, -80.2080346 25.7650183, -80.2080605 25.7650180))",Southwest 8th Court,left,68.9,8,
Southwest 8th Court (right),25.7647073,-80.2081339,"POLYGON((-80.2081522 25.7650167, -80.2081414 25.7643976, -80.2081155 25.7643979, -80.2081263 25.7650170, -80.2081522 25.7650167))",Southwest 8th Court,right,68.9,8,
Southwest 8th Court (left),25.7693419,-80.2083466,"POLYGON((-80.2083821 25.7698236, -80.2083370 25.7688593, -80.2083111 25.7688603, -80.2083562 25.7698246, -80.2083821 25.7698236))",Southwest 8th Court,left,107.4,13,
Southwest 8th Court (right),25.7693385,-80.2084383,"POLYGON((-80.2084738 25.7698201, -80.2084287 25.7688558, -80.2084028 25.7688568, -80.2084479 25.7698211, -80.2084738 25.7698201))",Southwest 8th Court,right,107.4,13,
Southwest 8th Court (left),25.7683808,-80.2083012,"POLYGON((-80.2083370 25.7688599, -80.2082913 25.7679008, -80.2082654 25.7679018, -80.2083111 25.7688609, -80.2083370 25.7688599))",Southwest 8th Court,left,106.9,13,
Southwest 8th Court (right),25.7683773,-80.2083929,"POLYGON((-80.2084287 25.7688563, -80.2083830 25.7678972, -80.2083571 25.7678982, -80.2084028 25.7688573, -80.2084287 25.7688563))",Southwest 8th Court,right,106.9,13,
Northwest 3rd Street (left),25.7769759,-80.1944865,"POLYGON((-80.1937203 25.7770091, -80.1952535 25.7769661, -80.1952527 25.7769427, -80.1937195 25.7769857, -80.1937203 25.7770091))",Northwest 3rd Street,left,153.8,20,
Northwest 3rd Street (right),25.7770585,-80.1944893,"POLYGON((-80.1937231 25.7770917, -80.1952563 25.7770487, -80.1952555 25.7770253, -80.1937223 25.7770683, -80.1937231 25.7770917))",Northwest 3rd Street,right,153.8,20,
Southwest 22nd Road (left),25.7559026,-80.2033143,"POLYGON((-80.2028336 25.7553430, -80.2037742 25.7564762, -80.2037950 25.7564622, -80.2028544 25.7553290, -80.2028336 25.7553430))",Southwest 22nd Road,left,157.5,21,
Southwest 22nd Road (right),25.7559521,-80.2032408,"POLYGON((-80.2027601 25.7553925, -80.2037007 25.7565257, -80.2037215 25.7565117, -80.2027809 25.7553785, -80.2027601 25.7553925))",Southwest 22nd Road,right,157.5,21,
Southwest 22nd Road (left),25.7570630,-80.2042764,"POLYGON((-80.2037741 25.7564760, -80.2047580 25.7576639, -80.2047788 25.7576499, -80.2037949 25.7564621, -80.2037741 25.7564760))",Southwest 22nd Road,left,165.0,22,
Southwest 22nd Road (right),25.7571124,-80.2042029,"POLYGON((-80.2037005 25.7565255, -80.2046844 25.7577133, -80.2047052 25.7576994, -80.2037213 25.7565115, -80.2037005 25.7565255))",Southwest 22nd Road,right,165.0,22,
Southwest 22nd Road (left),25.7583649,-80.2053809,"POLYGON((-80.2048753 25.7577868, -80.2058660 25.7589572, -80.2058866 25.7589431, -80.2048959 25.7577727, -80.2048753 25.7577868))",Southwest 22nd Road,left,163.8,22,
Southwest 22nd Road (right),25.7584151,-80.2053080,"POLYGON((-80.2048023 25.7578369, -80.2057930 25.7590073, -80.2058136 25.7589932, -80.2048229 25.7578228, -80.2048023 25.7578369))",Southwest 22nd Road,right,163.8,22,
Southwest 22nd Road (left),25.7594727,-80.2063135,"POLYGON((-80.2059116 25.7590111, -80.2066946 25.7599484, -80.2067153 25.7599343, -80.2059323 25.7589970, -80.2059116 25.7590111))",Southwest 22nd Road,left,130.6,17,
Southwest 22nd Road (right),25.7595224,-80.2062401,"POLYGON((-80.2058383 25.7590608, -80.2066213 25.7599981, -80.2066420 25.7599840, -80.2058590 25.7590467, -80.2058383 25.7590608))",Southwest 22nd Road,right,130.6,17,
West Flagler Street (left),25.7738809,-80.2035118,"POLYGON((-80.2043886 25.7738744, -80.2026351 25.7738640, -80.2026350 25.7738874, -80.2043885 25.7738977, -80.2043886 25.7738744))",West Flagler Street,left,175.8,23,
West Flagler Street (right),25.7737982,-80.2035124,"POLYGON((-80.2043892 25.7737917, -80.2026357 25.7737814, -80.2026356 25.7738047, -80.2043891 25.7738151, -80.2043892 25.7737917))",West Flagler Street,right,175.8,23,
West Flagler Street (left),25.7738830,-80.2024286,"POLYGON((-80.2026426 25.7738640, -80.2022137 25.7738786, -80.2022147 25.7739020, -80.2026435 25.7738874, -80.2026426 25.7738640))",West Flagler Street,left,43.0,4,
West Flagler Street (right),25.7738004,-80.2024252,"POLYGON((-80.2026391 25.7737814, -80.2022103 25.7737960, -80.2022112 25.7738194, -80.2026401 25.7738048, -80.2026391 25.7737814))",West Flagler Street,right,43.0,4,
West Flagler Street (left),25.7740987,-80.1941376,"POLYGON((-80.1935963 25.7741276, -80.1946798 25.7740932, -80.1946789 25.7740698, -80.1935954 25.7741042, -80.1935963 25.7741276))",West Flagler Street,left,108.7,13,
West Flagler Street (right),25.7741813,-80.1941409,"POLYGON((-80.1935996 25.7742102, -80.1946831 25.7741758, -80.1946822 25.7741524, -80.1935987 25.7741868, -80.1935996 25.7742102))",West Flagler Street,right,108.7,13,
West Flagler Street (left),25.7748261,-80.1986530,"POLYGON((-80.1984381 25.7749321, -80.1988792 25.7747411, -80.1988680 25.7747200, -80.1984268 25.7749111, -80.1984381 25.7749321))",West Flagler Street,left,49.1,5,
West Flagler Street (right),25.7749005,-80.1986928,"POLYGON((-80.1984778 25.7750066, -80.1989190 25.7748155, -80.1989077 25.7747945, -80.1984666 25.7749855, -80.1984778 25.7750066))",West Flagler Street,right,49.1,5,
Southeast 9th Street (left),25.7655058,-80.1927631,"POLYGON((-80.1932762 25.7654847, -80.1922496 25.7655035, -80.1922501 25.7655269, -80.1932767 25.7655081, -80.1932762 25.7654847))",Southeast 9th Street,left,102.9,13,
Southeast 9th Street (right),25.7654232,-80.1927613,"POLYGON((-80.1932743 25.7654021, -80.1922477 25.7654209, -80.1922482 25.7654443, -80.1932748 25.7654255, -80.1932743 25.7654021))",Southeast 9th Street,right,102.9,13,
Northwest 3rd Avenue (left),25.7744087,-80.1986827,"POLYGON((-80.1984119 25.7740640, -80.1989320 25.7747664, -80.1989535 25.7747535, -80.1984335 25.7740510, -80.1984119 25.7740640))",Northwest 3rd Avenue,left,94.0,11,
Northwest 3rd Avenue (right),25.7744546,-80.1986064,"POLYGON((-80.1983356 25.7741098, -80.1988556 25.7748123, -80.1988772 25.7747993, -80.1983571 25.7740969, -80.1983356 25.7741098))",Northwest 3rd Avenue,right,94.0,11,
Northwest 8th Street Road (left),25.7828978,-80.2081055,"POLYGON((-80.2086319 25.7833213, -80.2075967 25.7824571, -80.2075791 25.7824742, -80.2086143 25.7833384, -80.2086319 25.7833213))",Northwest 8th Street Road,left,141.5,18,
Northwest 8th Street Road (right),25.7828371,-80.2081679,"POLYGON((-80.2086943 25.7832607, -80.2076591 25.7823965, -80.2076415 25.7824136, -80.2086767 25.7832778, -80.2086943 25.7832607))",Northwest 8th Street Road,right,141.5,18,
Northwest 8th Street Road (left),25.7821070,-80.2072867,"POLYGON((-80.2075749 25.7824344, -80.2070193 25.7817656, -80.2069985 25.7817796, -80.2075541 25.7824484, -80.2075749 25.7824344))",Northwest 8th Street Road,left,93.0,11,
Northwest 8th Street Road (right),25.7820575,-80.2073602,"POLYGON((-80.2076484 25.7823849, -80.2070928 25.7817161, -80.2070720 25.7817301, -80.2076276 25.7823989, -80.2076484 25.7823849))",Northwest 8th Street Road,right,93.0,11,
Northwest 8th Street Road (left),25.7816437,-80.2068495,"POLYGON((-80.2070270 25.7817727, -80.2066895 25.7814975, -80.2066721 25.7815148, -80.2070096 25.7817900, -80.2070270 25.7817727))",Northwest 8th Street Road,left,45.6,4,
Northwest 8th Street Road (right),25.7815825,-80.2069112,"POLYGON((-80.2070886 25.7817114, -80.2067511 25.7814362, -80.2067337 25.7814535, -80.2070712 25.7817287, -80.2070886 25.7817114))",Northwest 8th Street Road,right,45.6,4,
South Miami Avenue (left),25.7640065,-80.1932669,"POLYGON((-80.1932409 25.7635259, -80.1932669 25.7644878, -80.1932928 25.7644872, -80.1932668 25.7635253, -80.1932409 25.7635259))",South Miami Avenue,left,107.1,13,
South Miami Avenue (right),25.7640086,-80.1931751,"POLYGON((-80.1931492 25.7635279, -80.1931752 25.7644898, -80.1932011 25.7644892, -80.1931751 25.7635273, -80.1931492 25.7635279))",South Miami Avenue,right,107.1,13,
South Miami Avenue (left),25.7727131,-80.1935016,"POLYGON((-80.1935227 25.7729024, -80.1935064 25.7725229, -80.1934805 25.7725238, -80.1934968 25.7729033, -80.1935227 25.7729024))",South Miami Avenue,left,42.3,4,
South Miami Avenue (right),25.7727100,-80.1935933,"POLYGON((-80.1936144 25.7728993, -80.1935981 25.7725198, -80.1935722 25.7725207, -80.1935885 25.7729002, -80.1936144 25.7728993))",South Miami Avenue,right,42.3,4,
Northwest 13th Street (left),25.7865194,-80.2100532,"POLYGON((-80.2091359 25.7865517, -80.2109712 25.7865106, -80.2109705 25.7864872, -80.2091352 25.7865283, -80.2091359 25.7865517))",Northwest 13th Street,left,184.0,25,
Northwest 13th Street (right),25.7866021,-80.2100555,"POLYGON((-80.2091382 25.7866343, -80.2109735 25.7865932, -80.2109728 25.7865698, -80.2091375 25.7866109, -80.2091382 25.7866343))",Northwest 13th Street,right,184.0,25,
Northwest 13th Street (left),25.7867905,-80.2089233,"POLYGON((-80.2087027 25.7868059, -80.2091443 25.7867986, -80.2091438 25.7867752, -80.2087022 25.7867825, -80.2087027 25.7868059))",Northwest 13th Street,left,44.3,4,
Northwest 13th Street (right),25.7868732,-80.2089249,"POLYGON((-80.2087044 25.7868885, -80.2091460 25.7868812, -80.2091455 25.7868578, -80.2087039 25.7868651, -80.2087044 25.7868885))",Northwest 13th Street,right,44.3,4,
Northwest 13th Street (left),25.7865882,-80.2073281,"POLYGON((-80.2068764 25.7866110, -80.2077805 25.7865889, -80.2077798 25.7865655, -80.2068757 25.7865876, -80.2068764 25.7866110))",Northwest 13th Street,left,90.7,11,
Northwest 13th Street (right),25.7866709,-80.2073306,"POLYGON((-80.2068789 25.7866936, -80.2077830 25.7866715, -80.2077823 25.7866481, -80.2068782 25.7866702, -80.2068789 25.7866936))",Northwest 13th Street,right,90.7,11,
Northwest 13th Street (left),25.7865641,-80.2082375,"POLYGON((-80.2077804 25.7865889, -80.2086955 25.7865627, -80.2086946 25.7865393, -80.2077795 25.7865655, -80.2077804 25.7865889))",Northwest 13th Street,left,91.8,11,
Northwest 13th Street (right),25.7866467,-80.2082404,"POLYGON((-80.2077833 25.7866715, -80.2086984 25.7866453, -80.2086975 25.7866219, -80.2077824 25.7866481, -80.2077833 25.7866715))",Northwest 13th Street,right,91.8,11,
Northwest 13th Street (left),25.7868488,-80.1975599,"POLYGON((-80.1971919 25.7868714, -80.1979288 25.7868496, -80.1979280 25.7868262, -80.1971911 25.7868480, -80.1971919 25.7868714))",Northwest 13th Street,left,73.9,8,
Northwest 13th Street (right),25.7869314,-80.1975630,"POLYGON((-80.1971949 25.7869540, -80.1979318 25.7869322, -80.1979310 25.7869088, -80.1971941 25.7869306, -80.1971949 25.7869540))",Northwest 13th Street,right,73.9,8,
Northwest 13th Street (left),25.7868267,-80.1982879,"POLYGON((-80.1979288 25.7868496, -80.1986479 25.7868272, -80.1986470 25.7868038, -80.1979279 25.7868262, -80.1979288 25.7868496))",Northwest 13th Street,left,72.1,8,
Northwest 13th Street (right),25.7869093,-80.1982910,"POLYGON((-80.1979319 25.7869322, -80.1986510 25.7869098, -80.1986501 25.7868864, -80.1979310 25.7869088, -80.1979319 25.7869322))",Northwest 13th Street,right,72.1,8,
Northwest 13th Street (left),25.7868059,-80.1989591,"POLYGON((-80.1986479 25.7868272, -80.1992712 25.7868080, -80.1992703 25.7867846, -80.1986470 25.7868038, -80.1986479 25.7868272))",Northwest 13th Street,left,62.5,7,
Northwest 13th Street (right),25.7868885,-80.1989622,"POLYGON((-80.1986510 25.7869098, -80.1992743 25.7868906, -80.1992734 25.7868672, -80.1986501 25.7868864, -80.1986510 25.7869098))",Northwest 13th Street,right,62.5,7,
Northwest 13th Street (left),25.7867859,-80.1995708,"POLYGON((-80.1992710 25.7868080, -80.1998715 25.7867871, -80.1998705 25.7867637, -80.1992700 25.7867846, -80.1992710 25.7868080))",Northwest 13th Street,left,60.2,6,
Northwest 13th Street (right),25.7868684,-80.1995743,"POLYGON((-80.1992746 25.7868906, -80.1998751 25.7868697, -80.1998741 25.7868463, -80.1992736 25.7868672, -80.1992746 25.7868906))",Northwest 13th Street,right,60.2,6,
Northwest 13th Street (left),25.7869377,-80.1945633,"POLYGON((-80.1940568 25.7869664, -80.1950708 25.7869324, -80.1950698 25.7869090, -80.1940558 25.7869430, -80.1940568 25.7869664))",Northwest 13th Street,left,101.7,12,
Northwest 13th Street (right),25.7870203,-80.1945667,"POLYGON((-80.1940602 25.7870490, -80.1950742 25.7870150, -80.1950732 25.7869916, -80.1940592 25.7870256, -80.1940602 25.7870490))",Northwest 13th Street,right,101.7,12,
Southeast 6th Street (left),25.7682128,-80.1912432,"POLYGON((-80.1921725 25.7683942, -80.1903198 25.7680086, -80.1903140 25.7680314, -80.1921666 25.7684170, -80.1921725 25.7683942))",Southeast 6th Street,left,190.6,26,
Southeast 6th Street (right),25.7681323,-80.1912639,"POLYGON((-80.1921931 25.7683137, -80.1903405 25.7679281, -80.1903346 25.7679509, -80.1921873 25.7683365, -80.1921931 25.7683137))",Southeast 6th Street,right,190.6,26,
Southwest South River Drive (left),25.7729838,-80.2014258,"POLYGON((-80.2019373 25.7739869, -80.2009381 25.7719712, -80.2009144 25.7719807, -80.2019136 25.7739964, -80.2019373 25.7739869))",Southwest South River Drive,left,245.7,34,
Southwest South River Drive (right),25.7729501,-80.2015097,"POLYGON((-80.2020211 25.7739532, -80.2010219 25.7719375, -80.2009982 25.7719470, -80.2019974 25.7739627, -80.2020211 25.7739532))",Southwest South River Drive,right,245.7,34,
Northeast 2nd Street (left),25.7761457,-80.1928412,"POLYGON((-80.1936749 25.7761073, -80.1920066 25.7761607, -80.1920076 25.7761841, -80.1936758 25.7761307, -80.1936749 25.7761073))",Northeast 2nd Street,left,167.3,22,
Northeast 2nd Street (right),25.7760631,-80.1928380,"POLYGON((-80.1936716 25.7760247, -80.1920034 25.7760781, -80.1920043 25.7761015, -80.1936726 25.7760481, -80.1936716 25.7760247))",Northeast 2nd Street,right,167.3,22,
Northeast 2nd Street (left),25.7762037,-80.1911708,"POLYGON((-80.1920069 25.7761607, -80.1903337 25.7762234, -80.1903347 25.7762468, -80.1920080 25.7761841, -80.1920069 25.7761607))",Northeast 2nd Street,left,167.9,22,
Northeast 2nd Street (right),25.7761212,-80.1911670,"POLYGON((-80.1920031 25.7760781, -80.1903298 25.7761408, -80.1903309 25.7761642, -80.1920041 25.7761015, -80.1920031 25.7760781))",Northeast 2nd Street,right,167.9,22,
Southwest 14th Street (left),25.7605586,-80.1943110,"POLYGON((-80.1935309 25.7605749, -80.1950913 25.7605657, -80.1950911 25.7605424, -80.1935307 25.7605515, -80.1935309 25.7605749))",Southwest 14th Street,left,156.4,21,
Southwest 14th Street (right),25.7606413,-80.1943116,"POLYGON((-80.1935315 25.7606575, -80.1950919 25.7606484, -80.1950917 25.7606250, -80.1935313 25.7606342, -80.1935315 25.7606575))",Southwest 14th Street,right,156.4,21,
Northwest 10th Street (left),25.7833787,-80.2081539,"POLYGON((-80.2086611 25.7833287, -80.2076446 25.7834055, -80.2076468 25.7834287, -80.2086633 25.7833520, -80.2086611 25.7833287))",Northwest 10th Street,left,102.2,12,
Northwest 10th Street (right),25.7832964,-80.2081463,"POLYGON((-80.2086534 25.7832464, -80.2076369 25.7833231, -80.2076391 25.7833464, -80.2086556 25.7832696, -80.2086534 25.7832464))",Northwest 10th Street,right,102.2,12,
Northwest 10th Street (left),25.7834338,-80.2072136,"POLYGON((-80.2076475 25.7834052, -80.2067786 25.7834391, -80.2067797 25.7834625, -80.2076486 25.7834285, -80.2076475 25.7834052))",Northwest 10th Street,left,87.2,10,
Northwest 10th Street (right),25.7833513,-80.2072096,"POLYGON((-80.2076435 25.7833226, -80.2067746 25.7833566, -80.2067757 25.7833799, -80.2076446 25.7833460, -80.2076435 25.7833226))",Northwest 10th Street,right,87.2,10,
Northeast 7th Street (left),25.7810562,-80.1899781,"POLYGON((-80.1904986 25.7810273, -80.1894566 25.7810618, -80.1894575 25.7810852, -80.1904996 25.7810507, -80.1904986 25.7810273))",Northeast 7th Street,left,104.5,13,
Northeast 7th Street (right),25.7809737,-80.1899747,"POLYGON((-80.1904953 25.7809447, -80.1894532 25.7809792, -80.1894542 25.7810026, -80.1904962 25.7809681, -80.1904953 25.7809447))",Northeast 7th Street,right,104.5,13,
Northwest 19th Lane (left),25.7946677,-80.2005982,"POLYGON((-80.2004730 25.7946831, -80.2007242 25.7946756, -80.2007233 25.7946522, -80.2004721 25.7946597, -80.2004730 25.7946831))",Northwest 19th Lane,left,25.2,1,
Northwest 19th Lane (right),25.7947502,-80.2006012,"POLYGON((-80.2004761 25.7947657, -80.2007273 25.7947582, -80.2007264 25.7947348, -80.2004752 25.7947423, -80.2004761 25.7947657))",Northwest 19th Lane,right,25.2,1,
Northwest 19th Lane (left),25.7946586,-80.2008996,"POLYGON((-80.2007242 25.7946756, -80.2010759 25.7946650, -80.2010750 25.7946416, -80.2007233 25.7946522, -80.2007242 25.7946756))",Northwest 19th Lane,left,35.3,2,
Northwest 19th Lane (right),25.7947412,-80.2009027,"POLYGON((-80.2007273 25.7947582, -80.2010790 25.7947476, -80.2010781 25.7947242, -80.2007264 25.7947348, -80.2007273 25.7947582))",Northwest 19th Lane,right,35.3,2,
Northwest 19th Lane (left),25.7946486,-80.2012322,"POLYGON((-80.2010759 25.7946650, -80.2013893 25.7946556, -80.2013884 25.7946322, -80.2010750 25.7946416, -80.2010759 25.7946650))",Northwest 19th Lane,left,31.4,2,
Northwest 19th Lane (right),25.7947312,-80.2012352,"POLYGON((-80.2010790 25.7947476, -80.2013924 25.7947382, -80.2013915 25.7947148, -80.2010781 25.7947242, -80.2010790 25.7947476))",Northwest 19th Lane,right,31.4,2,
Northwest 19th Lane (left),25.7946388,-80.2015587,"POLYGON((-80.2013893 25.7946556, -80.2017289 25.7946454, -80.2017280 25.7946220, -80.2013884 25.7946322, -80.2013893 25.7946556))",Northwest 19th Lane,left,34.1,2,
Northwest 19th Lane (right),25.7947214,-80.2015617,"POLYGON((-80.2013924 25.7947382, -80.2017320 25.7947280, -80.2017311 25.7947046, -80.2013915 25.7947148, -80.2013924 25.7947382))",Northwest 19th Lane,right,34.1,2,
Northwest 19th Lane (left),25.7946278,-80.2019243,"POLYGON((-80.2017289 25.7946454, -80.2021205 25.7946336, -80.2021196 25.7946102, -80.2017280 25.7946220, -80.2017289 25.7946454))",Northwest 19th Lane,left,39.3,3,
Northwest 19th Lane (right),25.7947104,-80.2019273,"POLYGON((-80.2017320 25.7947280, -80.2021236 25.7947162, -80.2021227 25.7946928, -80.2017311 25.7947046, -80.2017320 25.7947280))",Northwest 19th Lane,right,39.3,3,
Northwest 19th Lane (left),25.7946168,-80.2022861,"POLYGON((-80.2021205 25.7946336, -80.2024527 25.7946233, -80.2024518 25.7945999, -80.2021196 25.7946102, -80.2021205 25.7946336))",Northwest 19th Lane,left,33.3,2,
Northwest 19th Lane (right),25.7946993,-80.2022893,"POLYGON((-80.2021236 25.7947162, -80.2024558 25.7947059, -80.2024549 25.7946825, -80.2021227 25.7946928, -80.2021236 25.7947162))",Northwest 19th Lane,right,33.3,2,
Southwest 11th Street (left),25.7634625,-80.1942023,"POLYGON((-80.1932071 25.7634970, -80.1951982 25.7634514, -80.1951976 25.7634280, -80.1932064 25.7634736, -80.1932071 25.7634970))",Southwest 11th Street,left,199.7,27,
Southwest 11th Street (right),25.7635451,-80.1942047,"POLYGON((-80.1932094 25.7635796, -80.1952006 25.7635340, -80.1951999 25.7635106, -80.1932088 25.7635562, -80.1932094 25.7635796))",Southwest 11th Street,right,199.7,27,
Southwest 11th Street (left),25.7632753,-80.2003798,"POLYGON((-80.2001035 25.7632952, -80.2006569 25.7632789, -80.2006561 25.7632555, -80.2001027 25.7632718, -80.2001035 25.7632952))",Southwest 11th Street,left,55.5,6,
Southwest 11th Street (right),25.7633580,-80.2003828,"POLYGON((-80.2001065 25.7633778, -80.2006599 25.7633615, -80.2006591 25.7633381, -80.2001057 25.7633544, -80.2001065 25.7633778))",Southwest 11th Street,right,55.5,6,
Southwest 11th Street (left),25.7632396,-80.2012306,"POLYGON((-80.2006554 25.7632789, -80.2018072 25.7632237, -80.2018058 25.7632003, -80.2006540 25.7632556, -80.2006554 25.7632789))",Southwest 11th Street,left,115.6,14,
Southwest 11th Street (right),25.7633222,-80.2012355,"POLYGON((-80.2006603 25.7633615, -80.2018121 25.7633062, -80.2018107 25.7632829, -80.2006589 25.7633381, -80.2006603 25.7633615))",Southwest 11th Street,right,115.6,14,
Southwest 11th Street (left),25.7634937,-80.1964901,"POLYGON((-80.1973214 25.7634384, -80.1956573 25.7635257, -80.1956588 25.7635490, -80.1973229 25.7634617, -80.1973214 25.7634384))",Southwest 11th Street,left,167.1,22,
Southwest 11th Street (right),25.7634112,-80.1964848,"POLYGON((-80.1973161 25.7633559, -80.1956520 25.7634432, -80.1956535 25.7634665, -80.1973176 25.7633792, -80.1973161 25.7633559))",Southwest 11th Street,right,167.1,22,
Southwest 21st Road (left),25.7564669,-80.2024934,"POLYGON((-80.2020103 25.7559112, -80.2029558 25.7570366, -80.2029765 25.7570225, -80.2020310 25.7558971, -80.2020103 25.7559112))",Southwest 21st Road,left,157.1,21,
Southwest 21st Road (right),25.7565167,-80.2024203,"POLYGON((-80.2019372 25.7559611, -80.2028827 25.7570865, -80.2029034 25.7570724, -80.2019579 25.7559470, -80.2019372 25.7559611))",Southwest 21st Road,right,157.1,21,
Southwest 21st Road (left),25.7576229,-80.2034622,"POLYGON((-80.2029559 25.7570367, -80.2039478 25.7582232, -80.2039685 25.7582091, -80.2029766 25.7570226, -80.2029559 25.7570367))",Southwest 21st Road,left,165.3,22,
Southwest 21st Road (right),25.7576726,-80.2033889,"POLYGON((-80.2028826 25.7570864, -80.2038745 25.7582729, -80.2038952 25.7582588, -80.2029033 25.7570723, -80.2028826 25.7570864))",Southwest 21st Road,right,165.3,22,
Southwest 21st Road (left),25.7589316,-80.2045599,"POLYGON((-80.2040548 25.7583518, -80.2050443 25.7595256, -80.2050650 25.7595115, -80.2040755 25.7583376, -80.2040548 25.7583518))",Southwest 21st Road,left,164.1,22,
Southwest 21st Road (right),25.7589816,-80.2044868,"POLYGON((-80.2039817 25.7584017, -80.2049712 25.7595756, -80.2049919 25.7595614, -80.2040024 25.7583876, -80.2039817 25.7584017))",Southwest 21st Road,right,164.1,22,
Southwest 21st Road (left),25.7601331,-80.2055714,"POLYGON((-80.2050877 25.7595771, -80.2060344 25.7607031, -80.2060551 25.7606890, -80.2051084 25.7595630, -80.2050877 25.7595771))",Southwest 21st Road,left,157.2,21,
Southwest 21st Road (right),25.7601829,-80.2054983,"POLYGON((-80.2050146 25.7596270, -80.2059613 25.7607530, -80.2059820 25.7607389, -80.2050353 25.7596129, -80.2050146 25.7596270))",Southwest 21st Road,right,157.2,21,
Southwest 21st Road (left),25.7613189,-80.2065656,"POLYGON((-80.2060345 25.7607032, -80.2070759 25.7619488, -80.2070966 25.7619347, -80.2060552 25.7606891, -80.2060345 25.7607032))",Southwest 21st Road,left,173.6,23,
Southwest 21st Road (right),25.7613687,-80.2064922,"POLYGON((-80.2059612 25.7607529, -80.2070026 25.7619985, -80.2070233 25.7619844, -80.2059819 25.7607388, -80.2059612 25.7607529))",Southwest 21st Road,right,173.6,23,
Southwest 21st Road (left),25.7546228,-80.2009426,"POLYGON((-80.2005578 25.7541878, -80.2013069 25.7550720, -80.2013275 25.7550578, -80.2005784 25.7541736, -80.2005578 25.7541878))",Southwest 21st Road,left,123.8,16,
Southwest 21st Road (right),25.7546730,-80.2008697,"POLYGON((-80.2004848 25.7542380, -80.2012339 25.7551222, -80.2012545 25.7551080, -80.2005054 25.7542238, -80.2004848 25.7542380))",Southwest 21st Road,right,123.8,16,
Southwest 1st Avenue (left),25.7671028,-80.1952185,"POLYGON((-80.1951625 25.7673222, -80.1952994 25.7668897, -80.1952745 25.7668833, -80.1951375 25.7673158, -80.1951625 25.7673222))",Southwest 1st Avenue,left,50.1,5,
Southwest 1st Avenue (right),25.7671254,-80.1953067,"POLYGON((-80.1952507 25.7673449, -80.1953877 25.7669124, -80.1953627 25.7669060, -80.1952258 25.7673385, -80.1952507 25.7673449))",Southwest 1st Avenue,right,50.1,5,
Riverfront Alley (left),25.7713180,-80.1956126,"POLYGON((-80.1956322 25.7714962, -80.1956190 25.7711391, -80.1955931 25.7711399, -80.1956063 25.7714970, -80.1956322 25.7714962))",Riverfront Alley,left,39.8,3,
Riverfront Alley (right),25.7713153,-80.1957044,"POLYGON((-80.1957239 25.7714934, -80.1957107 25.7711363, -80.1956848 25.7711371, -80.1956980 25.7714942, -80.1957239 25.7714934))",Riverfront Alley,right,39.8,3,
Southwest 1st Avenue (left),25.7679076,-80.1947275,"POLYGON((-80.1949026 25.7681086, -80.1945735 25.7676930, -80.1945524 25.7677066, -80.1948815 25.7681222, -80.1949026 25.7681086))",Southwest 1st Avenue,left,56.8,6,
Southwest 1st Avenue (right),25.7678596,-80.1948022,"POLYGON((-80.1949773 25.7680606, -80.1946482 25.7676450, -80.1946271 25.7676586, -80.1949562 25.7680742, -80.1949773 25.7680606))",Southwest 1st Avenue,right,56.8,6,
Southwest 1st Avenue (left),25.7579391,-80.1989923,"POLYGON((-80.1976804 25.7588594, -80.2003200 25.7570374, -80.2003042 25.7570188, -80.1976646 25.7588408, -80.1976804 25.7588594))",Southwest 1st Avenue,left,333.4,47,
Southwest 1st Avenue (right),25.7580047,-80.1990481,"POLYGON((-80.1977362 25.7589250, -80.2003758 25.7571030, -80.2003600 25.7570844, -80.1977204 25.7589064, -80.1977362 25.7589250))",Southwest 1st Avenue,right,333.4,47,
Southwest 1st Avenue (left),25.7567445,-80.2007224,"POLYGON((-80.2003200 25.7570374, -80.2011407 25.7564702, -80.2011249 25.7564517, -80.2003042 25.7570189, -80.2003200 25.7570374))",Southwest 1st Avenue,left,103.7,13,
Southwest 1st Avenue (right),25.7568101,-80.2007783,"POLYGON((-80.2003758 25.7571029, -80.2011965 25.7565357, -80.2011807 25.7565172, -80.2003600 25.7570844, -80.2003758 25.7571029))",Southwest 1st Avenue,right,103.7,13,
Southwest 1st Avenue (left),25.7561785,-80.2015446,"POLYGON((-80.2011408 25.7564701, -80.2019642 25.7559055, -80.2019485 25.7558869, -80.2011251 25.7564515, -80.2011408 25.7564701))",Southwest 1st Avenue,left,103.8,13,
Southwest 1st Avenue (right),25.7562443,-80.2016002,"POLYGON((-80.2011963 25.7565359, -80.2020197 25.7559713, -80.2020040 25.7559527, -80.2011806 25.7565173, -80.2011963 25.7565359))",Southwest 1st Avenue,right,103.8,13,
Southwest 1st Avenue (left),25.7556122,-80.2023678,"POLYGON((-80.2019641 25.7559056, -80.2027873 25.7553373, -80.2027715 25.7553187, -80.2019483 25.7558870, -80.2019641 25.7559056))",Southwest 1st Avenue,left,104.0,13,
Southwest 1st Avenue (right),25.7556777,-80.2024236,"POLYGON((-80.2020199 25.7559712, -80.2028431 25.7554029, -80.2028273 25.7553843, -80.2020041 25.7559526, -80.2020199 25.7559712))",Southwest 1st Avenue,right,104.0,13,
Southwest 1st Avenue (left),25.7550566,-80.2031717,"POLYGON((-80.2027872 25.7553373, -80.2035720 25.7547945, -80.2035562 25.7547760, -80.2027714 25.7553188, -80.2027872 25.7553373))",Southwest 1st Avenue,left,99.2,12,
Southwest 1st Avenue (right),25.7551222,-80.2032276,"POLYGON((-80.2028431 25.7554028, -80.2036279 25.7548600, -80.2036121 25.7548415, -80.2028273 25.7553843, -80.2028431 25.7554028))",Southwest 1st Avenue,right,99.2,12,
Southwest 1st Avenue (left),25.7544734,-80.2040185,"POLYGON((-80.2036451 25.7547460, -80.2044078 25.7542194, -80.2043920 25.7542008, -80.2036293 25.7547274, -80.2036451 25.7547460))",Southwest 1st Avenue,left,96.4,12,
Southwest 1st Avenue (right),25.7545390,-80.2040744,"POLYGON((-80.2037009 25.7548116, -80.2044636 25.7542850, -80.2044478 25.7542664, -80.2036851 25.7547930, -80.2037009 25.7548116))",Southwest 1st Avenue,right,96.4,12,
Southwest 1st Avenue (left),25.7637095,-80.1956995,"POLYGON((-80.1956939 25.7634937, -80.1956792 25.7639246, -80.1957051 25.7639254, -80.1957198 25.7634944, -80.1956939 25.7634937))",Southwest 1st Avenue,left,48.0,4,
Southwest 1st Avenue (right),25.7637070,-80.1956078,"POLYGON((-80.1956022 25.7634911, -80.1955875 25.7639221, -80.1956134 25.7639228, -80.1956281 25.7634919, -80.1956022 25.7634911))",Southwest 1st Avenue,right,48.0,4,
Northwest 4th Street (left),25.7777578,-80.2006551,"POLYGON((-80.2001221 25.7777791, -80.2011887 25.7777600, -80.2011882 25.7777366, -80.2001216 25.7777557, -80.2001221 25.7777791))",Northwest 4th Street,left,106.9,13,
Northwest 4th Street (right),25.7778405,-80.2006570,"POLYGON((-80.2001239 25.7778617, -80.2011905 25.7778426, -80.2011900 25.7778192, -80.2001234 25.7778383, -80.2001239 25.7778617))",Northwest 4th Street,right,106.9,13,
Northwest 4th Street (left),25.7777214,-80.2020231,"POLYGON((-80.2011881 25.7777600, -80.2028590 25.7777062, -80.2028581 25.7776828, -80.2011872 25.7777366, -80.2011881 25.7777600))",Northwest 4th Street,left,167.6,22,
Northwest 4th Street (right),25.7778040,-80.2020264,"POLYGON((-80.2011914 25.7778426, -80.2028623 25.7777888, -80.2028614 25.7777654, -80.2011905 25.7778192, -80.2011914 25.7778426))",Northwest 4th Street,right,167.6,22,
Northwest 4th Street (left),25.7775388,-80.2086523,"POLYGON((-80.2077721 25.7775826, -80.2095337 25.7775184, -80.2095326 25.7774950, -80.2077710 25.7775592, -80.2077721 25.7775826))",Northwest 4th Street,left,176.7,24,
Northwest 4th Street (right),25.7776214,-80.2086561,"POLYGON((-80.2077758 25.7776652, -80.2095374 25.7776010, -80.2095363 25.7775776, -80.2077747 25.7776418, -80.2077758 25.7776652))",Northwest 4th Street,right,176.7,24,
Northwest 4th Street (left),25.7774776,-80.2105451,"POLYGON((-80.2095339 25.7775184, -80.2115571 25.7774603, -80.2115563 25.7774369, -80.2095331 25.7774950, -80.2095339 25.7775184))",Northwest 4th Street,left,202.9,28,
Northwest 4th Street (right),25.7775603,-80.2105480,"POLYGON((-80.2095368 25.7776010, -80.2115600 25.7775429, -80.2115592 25.7775195, -80.2095360 25.7775776, -80.2095368 25.7776010))",Northwest 4th Street,right,202.9,28,
Northwest 4th Street (left),25.7778718,-80.1971417,"POLYGON((-80.1964320 25.7779038, -80.1978523 25.7778632, -80.1978514 25.7778398, -80.1964312 25.7778804, -80.1964320 25.7779038))",Northwest 4th Street,left,142.4,18,
Northwest 4th Street (right),25.7779544,-80.1971447,"POLYGON((-80.1964350 25.7779864, -80.1978552 25.7779458, -80.1978544 25.7779224, -80.1964341 25.7779630, -80.1964350 25.7779864))",Northwest 4th Street,right,142.4,18,
Southeast 5th Street (left),25.7687942,-80.1926459,"POLYGON((-80.1921116 25.7688121, -80.1931805 25.7687997, -80.1931802 25.7687763, -80.1921113 25.7687887, -80.1921116 25.7688121))",Southeast 5th Street,left,107.2,13,
Southeast 5th Street (right),25.7688768,-80.1926471,"POLYGON((-80.1921128 25.7688947, -80.1931817 25.7688823, -80.1931814 25.7688589, -80.1921125 25.7688713, -80.1921128 25.7688947))",Southeast 5th Street,right,107.2,13,
Brickell Bay Drive (left),25.7582569,-80.1899580,"POLYGON((-80.1892257 25.7600030, -80.1907145 25.7565192, -80.1906903 25.7565108, -80.1892015 25.7599946, -80.1892257 25.7600030))",Brickell Bay Drive,left,415.5,59,
Brickell Bay Drive (right),25.7582866,-80.1900436,"POLYGON((-80.1893113 25.7600327, -80.1908001 25.7565489, -80.1907759 25.7565405, -80.1892871 25.7600243, -80.1893113 25.7600327))",Brickell Bay Drive,right,415.5,59,
Southeast 14th Lane (left),25.7585749,-80.1916085,"POLYGON((-80.1927664 25.7585221, -80.1904496 25.7586044, -80.1904506 25.7586277, -80.1927674 25.7585454, -80.1927664 25.7585221))",Southeast 14th Lane,left,232.5,32,
Southeast 14th Lane (right),25.7584923,-80.1916049,"POLYGON((-80.1927628 25.7584395, -80.1904460 25.7585218, -80.1904470 25.7585451, -80.1927638 25.7584628, -80.1927628 25.7584395))",Southeast 14th Lane,right,232.5,32,
Southwest 6th Avenue (left),25.7733453,-80.2043193,"POLYGON((-80.2043501 25.7738457, -80.2043145 25.7728441, -80.2042886 25.7728449, -80.2043242 25.7738464, -80.2043501 25.7738457))",Southwest 6th Avenue,left,111.5,14,
Southwest 6th Avenue (right),25.7733426,-80.2044111,"POLYGON((-80.2044418 25.7738430, -80.2044062 25.7728415, -80.2043803 25.7728422, -80.2044159 25.7738438, -80.2044418 25.7738430))",Southwest 6th Avenue,right,111.5,14,
way/38974825 (left),25.7796796,-80.1838381,"POLYGON((-80.1853526 25.7800426, -80.1823306 25.7792940, -80.1823237 25.7793166, -80.1853457 25.7800651, -80.1853526 25.7800426))",way/38974825,left,314.2,44,
way/38974825 (right),25.7795999,-80.1838625,"POLYGON((-80.1853769 25.7799629, -80.1823549 25.7792144, -80.1823480 25.7792369, -80.1853700 25.7799855, -80.1853769 25.7799629))",way/38974825,right,314.2,44,
Brickell Key Drive (left),25.7660646,-80.1854248,"POLYGON((-80.1856549 25.7658881, -80.1851788 25.7662228, -80.1851947 25.7662412, -80.1856709 25.7659065, -80.1856549 25.7658881))",Brickell Key Drive,left,60.6,6,
Brickell Key Drive (right),25.7659995,-80.1853684,"POLYGON((-80.1855985 25.7658229, -80.1851223 25.7661576, -80.1851383 25.7661760, -80.1856144 25.7658413, -80.1855985 25.7658229))",Brickell Key Drive,right,60.6,6,
Brickell Key Drive (left),25.7669864,-80.1852325,"POLYGON((-80.1850883 25.7663818, -80.1853513 25.7675954, -80.1853768 25.7675910, -80.1851137 25.7663773, -80.1850883 25.7663818))",Brickell Key Drive,left,137.6,18,
Brickell Key Drive (right),25.7670022,-80.1851425,"POLYGON((-80.1849982 25.7663976, -80.1852613 25.7676113, -80.1852867 25.7676068, -80.1850237 25.7663932, -80.1849982 25.7663976))",Brickell Key Drive,right,137.6,18,
way/38996090 (left),25.7662990,-80.1851073,"POLYGON((-80.1851360 25.7662109, -80.1850548 25.7663777, -80.1850785 25.7663871, -80.1851598 25.7662203, -80.1851360 25.7662109))",way/38996090,left,20.3,0,
way/38996090 (right),25.7662658,-80.1850232,"POLYGON((-80.1850520 25.7661777, -80.1849707 25.7663445, -80.1849945 25.7663539, -80.1850757 25.7661871, -80.1850520 25.7661777))",way/38996090,right,20.3,0,
way/38996880 (left),25.7675209,-80.1853731,"POLYGON((-80.1850883 25.7676311, -80.1856670 25.7674326, -80.1856578 25.7674108, -80.1850791 25.7676093, -80.1850883 25.7676311))",way/38996880,left,62.1,6,
way/38996880 (right),25.7675982,-80.1854057,"POLYGON((-80.1851210 25.7677083, -80.1856997 25.7675098, -80.1856905 25.7674880, -80.1851118 25.7676865, -80.1851210 25.7677083))",way/38996880,right,62.1,6,
Brickell Key Drive (left),25.7669949,-80.1852791,"POLYGON((-80.1854354 25.7675574, -80.1851480 25.7664272, -80.1851227 25.7664324, -80.1854101 25.7675626, -80.1854354 25.7675574))",Brickell Key Drive,left,129.1,16,
Brickell Key Drive (right),25.7669764,-80.1853685,"POLYGON((-80.1855249 25.7675389, -80.1852375 25.7664087, -80.1852122 25.7664139, -80.1854996 25.7675441, -80.1855249 25.7675389))",Brickell Key Drive,right,129.1,16,
Brickell Key Drive (left),25.7657799,-80.1889003,"POLYGON((-80.1894946 25.7658922, -80.1883118 25.7656449, -80.1883059 25.7656676, -80.1894888 25.7659149, -80.1894946 25.7658922))",Brickell Key Drive,left,121.7,15,
Brickell Key Drive (right),25.7656994,-80.1889210,"POLYGON((-80.1895154 25.7658117, -80.1883325 25.7655644, -80.1883267 25.7655871, -80.1895095 25.7658344, -80.1895154 25.7658117))",Brickell Key Drive,right,121.7,15,
Brickell Key Drive (left),25.7661089,-80.1854640,"POLYGON((-80.1852633 25.7662428, -80.1856790 25.7659944, -80.1856647 25.7659750, -80.1852490 25.7662233, -80.1852633 25.7662428))",Brickell Key Drive,left,50.0,5,
Brickell Key Drive (right),25.7661777,-80.1855147,"POLYGON((-80.1853140 25.7663116, -80.1857297 25.7660633, -80.1857154 25.7660438, -80.1852997 25.7662922, -80.1853140 25.7663116))",Brickell Key Drive,right,50.0,5,
Brickell Key Drive (left),25.7657407,-80.1871200,"POLYGON((-80.1859235 25.7658404, -80.1883186 25.7656643, -80.1883165 25.7656411, -80.1859214 25.7658171, -80.1859235 25.7658404))",Brickell Key Drive,left,240.9,33,
Brickell Key Drive (right),25.7658231,-80.1871275,"POLYGON((-80.1859310 25.7659227, -80.1883261 25.7657467, -80.1883240 25.7657234, -80.1859289 25.7658995, -80.1859310 25.7659227))",Brickell Key Drive,right,240.9,33,
Brickell Key Drive (left),25.7657442,-80.1871263,"POLYGON((-80.1883511 25.7656434, -80.1858995 25.7658217, -80.1859016 25.7658449, -80.1883532 25.7656667, -80.1883511 25.7656434))",Brickell Key Drive,left,246.6,34,
Brickell Key Drive (right),25.7656618,-80.1871190,"POLYGON((-80.1883437 25.7655611, -80.1858921 25.7657393, -80.1858942 25.7657626, -80.1883458 25.7655843, -80.1883437 25.7655611))",Brickell Key Drive,right,246.6,34,
Brickell Key Drive (left),25.7657396,-80.1886977,"POLYGON((-80.1883002 25.7656671, -80.1890893 25.7658348, -80.1890952 25.7658121, -80.1883061 25.7656444, -80.1883002 25.7656671))",Brickell Key Drive,left,81.3,9,
Brickell Key Drive (right),25.7658201,-80.1886766,"POLYGON((-80.1882791 25.7657476, -80.1890682 25.7659153, -80.1890741 25.7658926, -80.1882850 25.7657249, -80.1882791 25.7657476))",Brickell Key Drive,right,81.3,9,
Venetian Way (left),25.7898027,-80.1834597,"POLYGON((-80.1854588 25.7896958, -80.1814591 25.7898863, -80.1814605 25.7899096, -80.1854602 25.7897191, -80.1854588 25.7896958))",Venetian Way,left,401.5,57,
Venetian Way (right),25.7897202,-80.1834548,"POLYGON((-80.1854540 25.7896133, -80.1814543 25.7898038, -80.1814557 25.7898271, -80.1854554 25.7896366, -80.1854540 25.7896133))",Venetian Way,right,401.5,57,
Northeast 3rd Street (left),25.7773075,-80.1876620,"POLYGON((-80.1878488 25.7772272, -80.1874656 25.7773661, -80.1874753 25.7773877, -80.1878585 25.7772489, -80.1878488 25.7772272))",Northeast 3rd Street,left,41.4,3,
Northeast 3rd Street (right),25.7772308,-80.1876278,"POLYGON((-80.1878145 25.7771506, -80.1874313 25.7772894, -80.1874410 25.7773111, -80.1878242 25.7771722, -80.1878145 25.7771506))",Northeast 3rd Street,right,41.4,3,
Northeast 3rd Street (left),25.7775484,-80.1874827,"POLYGON((-80.1874958 25.7773348, -80.1874439 25.7777595, -80.1874697 25.7777620, -80.1875215 25.7773374, -80.1874958 25.7773348))",Northeast 3rd Street,left,47.6,4,
Northeast 3rd Street (right),25.7775394,-80.1873915,"POLYGON((-80.1874045 25.7773258, -80.1873527 25.7777504, -80.1873784 25.7777530, -80.1874303 25.7773283, -80.1874045 25.7773258))",Northeast 3rd Street,right,47.6,4,
Southwest North River Drive (left),25.7731467,-80.1999773,"POLYGON((-80.2005622 25.7739509, -80.1994142 25.7723299, -80.1993924 25.7723425, -80.2005404 25.7739635, -80.2005622 25.7739509))",Southwest North River Drive,left,214.0,29,
Southwest North River Drive (right),25.7731023,-80.2000547,"POLYGON((-80.2006396 25.7739065, -80.1994916 25.7722855, -80.1994698 25.7722981, -80.2006178 25.7739191, -80.2006396 25.7739065))",Southwest North River Drive,right,214.0,29,
Southwest 8th Avenue (left),25.7652826,-80.2073487,"POLYGON((-80.2073716 25.7655248, -80.2073518 25.7650396, -80.2073259 25.7650404, -80.2073457 25.7655256, -80.2073716 25.7655248))",Southwest 8th Avenue,left,54.0,5,
Southwest 8th Avenue (right),25.7652796,-80.2074405,"POLYGON((-80.2074633 25.7655218, -80.2074435 25.7650366, -80.2074176 25.7650374, -80.2074374 25.7655226, -80.2074633 25.7655218))",Southwest 8th Avenue,right,54.0,5,
Southwest 8th Avenue (left),25.7645571,-80.2073229,"POLYGON((-80.2073518 25.7650394, -80.2073199 25.7640742, -80.2072940 25.7640749, -80.2073259 25.7650401, -80.2073518 25.7650394))",Southwest 8th Avenue,left,107.5,13,
Southwest 8th Avenue (right),25.7645547,-80.2074146,"POLYGON((-80.2074435 25.7650369, -80.2074116 25.7640717, -80.2073857 25.7640724, -80.2074176 25.7650376, -80.2074435 25.7650369))",Southwest 8th Avenue,right,107.5,13,
Southwest 8th Avenue (left),25.7639062,-80.2072995,"POLYGON((-80.2073199 25.7640745, -80.2073049 25.7637370, -80.2072790 25.7637379, -80.2072940 25.7640754, -80.2073199 25.7640745))",Southwest 8th Avenue,left,37.6,3,
Southwest 8th Avenue (right),25.7639029,-80.2073911,"POLYGON((-80.2074116 25.7640712, -80.2073966 25.7637337, -80.2073707 25.7637346, -80.2073857 25.7640721, -80.2074116 25.7640712))",Southwest 8th Avenue,right,37.6,3,
West Flagler Street (left),25.7740230,-80.1982801,"POLYGON((-80.1981483 25.7740015, -80.1984048 25.7740670, -80.1984119 25.7740445, -80.1981554 25.7739790, -80.1981483 25.7740015))",West Flagler Street,left,26.7,1,
West Flagler Street (right),25.7741025,-80.1982550,"POLYGON((-80.1981232 25.7740810, -80.1983797 25.7741465, -80.1983868 25.7741240, -80.1981303 25.7740585, -80.1981232 25.7740810))",West Flagler Street,right,26.7,1,
Southeast 4th Street (left),25.7714901,-80.1909515,"POLYGON((-80.1913665 25.7714544, -80.1905349 25.7715025, -80.1905366 25.7715258, -80.1913682 25.7714777, -80.1913665 25.7714544))",Southeast 4th Street,left,83.5,10,
Southeast 4th Street (right),25.7714077,-80.1909457,"POLYGON((-80.1913606 25.7713720, -80.1905290 25.7714201, -80.1905307 25.7714434, -80.1913623 25.7713953, -80.1913606 25.7713720))",Southeast 4th Street,right,83.5,10,
Southwest 12th Street (left),25.7625800,-80.1941691,"POLYGON((-80.1951623 25.7625397, -80.1931750 25.7625969, -80.1931758 25.7626203, -80.1951632 25.7625631, -80.1951623 25.7625397))",Southwest 12th Street,left,199.3,27,
Southwest 12th Street (right),25.7624974,-80.1941661,"POLYGON((-80.1951594 25.7624571, -80.1931720 25.7625143, -80.1931729 25.7625377, -80.1951602 25.7624805, -80.1951594 25.7624571))",Southwest 12th Street,right,199.3,27,
Southwest 1st Avenue (left),25.7610766,-80.1950607,"POLYGON((-80.1950898 25.7615561, -80.1950575 25.7605963, -80.1950316 25.7605970, -80.1950639 25.7615568, -80.1950898 25.7615561))",Southwest 1st Avenue,left,106.9,13,
Southwest 1st Avenue (right),25.7610740,-80.1951524,"POLYGON((-80.1951815 25.7615536, -80.1951492 25.7605938, -80.1951233 25.7605945, -80.1951556 25.7615543, -80.1951815 25.7615536))",Southwest 1st Avenue,right,106.9,13,
Southwest 11th Street (left),25.7632042,-80.2019060,"POLYGON((-80.2018052 25.7632238, -80.2020090 25.7632079, -80.2020067 25.7631846, -80.2018030 25.7632005, -80.2018052 25.7632238))",Southwest 11th Street,left,20.5,0,
Southwest 11th Street (right),25.7632865,-80.2019139,"POLYGON((-80.2018132 25.7633061, -80.2020169 25.7632902, -80.2020147 25.7632669, -80.2018109 25.7632828, -80.2018132 25.7633061))",Southwest 11th Street,right,20.5,0,
Southwest 11th Street (left),25.7631932,-80.2021654,"POLYGON((-80.2020111 25.7632078, -80.2023201 25.7632021, -80.2023196 25.7631787, -80.2020106 25.7631844, -80.2020111 25.7632078))",Southwest 11th Street,left,31.0,2,
Southwest 11th Street (right),25.7632759,-80.2021672,"POLYGON((-80.2020130 25.7632904, -80.2023220 25.7632847, -80.2023215 25.7632613, -80.2020125 25.7632670, -80.2020130 25.7632904))",Southwest 11th Street,right,31.0,2,
Southwest 11th Street (left),25.7631833,-80.2025350,"POLYGON((-80.2023196 25.7632021, -80.2027514 25.7631879, -80.2027505 25.7631645, -80.2023187 25.7631787, -80.2023196 25.7632021))",Southwest 11th Street,left,43.3,4,
Southwest 11th Street (right),25.7632659,-80.2025384,"POLYGON((-80.2023229 25.7632847, -80.2027547 25.7632705, -80.2027538 25.7632471, -80.2023220 25.7632613, -80.2023229 25.7632847))",Southwest 11th Street,right,43.3,4,
Southwest 11th Street (left),25.7631601,-80.2033829,"POLYGON((-80.2027517 25.7631879, -80.2040149 25.7631558, -80.2040141 25.7631324, -80.2027509 25.7631645, -80.2027517 25.7631879))",Southwest 11th Street,left,126.7,16,
Southwest 11th Street (right),25.7632428,-80.2033855,"POLYGON((-80.2027543 25.7632705, -80.2040175 25.7632384, -80.2040167 25.7632150, -80.2027535 25.7632471, -80.2027543 25.7632705))",Southwest 11th Street,right,126.7,16,
Southwest 11th Street (left),25.7631229,-80.2046619,"POLYGON((-80.2040146 25.7631558, -80.2053102 25.7631134, -80.2053093 25.7630900, -80.2040137 25.7631324, -80.2040146 25.7631558))",Southwest 11th Street,left,130.0,17,
Southwest 11th Street (right),25.7632055,-80.2046653,"POLYGON((-80.2040179 25.7632384, -80.2053135 25.7631960, -80.2053126 25.7631726, -80.2040170 25.7632150, -80.2040179 25.7632384))",Southwest 11th Street,right,130.0,17,
Southwest 2nd Avenue (left),25.7600010,-80.1977601,"POLYGON((-80.1972063 25.7603998, -80.1983296 25.7596207, -80.1983138 25.7596022, -80.1971905 25.7603813, -80.1972063 25.7603998))",Southwest 2nd Avenue,left,142.1,18,
Southwest 2nd Avenue (right),25.7600665,-80.1978160,"POLYGON((-80.1972623 25.7604653, -80.1983856 25.7596862, -80.1983698 25.7596677, -80.1972465 25.7604468, -80.1972623 25.7604653))",Southwest 2nd Avenue,right,142.1,18,
Southwest 2nd Avenue (left),25.7592450,-80.1988441,"POLYGON((-80.1983294 25.7596209, -80.1993748 25.7588876, -80.1993588 25.7588692, -80.1983134 25.7596025, -80.1983294 25.7596209))",Southwest 2nd Avenue,left,132.8,17,
Southwest 2nd Avenue (right),25.7593103,-80.1989005,"POLYGON((-80.1983858 25.7596861, -80.1994312 25.7589528, -80.1994152 25.7589344, -80.1983698 25.7596677, -80.1983858 25.7596861))",Southwest 2nd Avenue,right,132.8,17,
Southeast 15th Road (left),25.7574139,-80.1919632,"POLYGON((-80.1928476 25.7579078, -80.1910928 25.7569004, -80.1910788 25.7569201, -80.1928336 25.7579275, -80.1928476 25.7579078))",Southeast 15th Road,left,208.6,28,
Southeast 15th Road (right),25.7573443,-80.1920125,"POLYGON((-80.1928969 25.7578381, -80.1911421 25.7568307, -80.1911281 25.7568504, -80.1928829 25.7578578, -80.1928969 25.7578381))",Southeast 15th Road,right,208.6,28,
Southwest 4th Avenue (left),25.7676422,-80.2007590,"POLYGON((-80.2007923 25.7681247, -80.2007518 25.7671587, -80.2007258 25.7671596, -80.2007663 25.7681256, -80.2007923 25.7681247))",Southwest 4th Avenue,left,107.6,13,
Southwest 4th Avenue (right),25.7676390,-80.2008508,"POLYGON((-80.2008840 25.7681216, -80.2008435 25.7671556, -80.2008175 25.7671565, -80.2008580 25.7681225, -80.2008840 25.7681216))",Southwest 4th Avenue,right,107.6,13,
Southwest 3rd Avenue (left),25.7694591,-80.1993023,"POLYGON((-80.1992276 25.7691179, -80.1993514 25.7698040, -80.1993770 25.7698002, -80.1992532 25.7691142, -80.1992276 25.7691179))",Southwest 3rd Avenue,left,77.4,9,
Southwest 3rd Avenue (right),25.7694723,-80.1992117,"POLYGON((-80.1991370 25.7691312, -80.1992608 25.7698172, -80.1992864 25.7698135, -80.1991626 25.7691274, -80.1991370 25.7691312))",Southwest 3rd Avenue,right,77.4,9,
Southwest 3rd Avenue (left),25.7638388,-80.1989564,"POLYGON((-80.1989827 25.7643205, -80.1989561 25.7633566, -80.1989302 25.7633571, -80.1989568 25.7643211, -80.1989827 25.7643205))",Southwest 3rd Avenue,left,107.3,13,
Southwest 3rd Avenue (right),25.7638368,-80.1990482,"POLYGON((-80.1990744 25.7643185, -80.1990478 25.7633545, -80.1990219 25.7633551, -80.1990485 25.7643190, -80.1990744 25.7643185))",Southwest 3rd Avenue,right,107.3,13,
Southwest 3rd Avenue (left),25.7676850,-80.1991909,"POLYGON((-80.1991588 25.7672059, -80.1991970 25.7681648, -80.1992229 25.7681640, -80.1991847 25.7672051, -80.1991588 25.7672059))",Southwest 3rd Avenue,left,106.8,13,
Southwest 3rd Avenue (right),25.7676879,-80.1990991,"POLYGON((-80.1990671 25.7672089, -80.1991053 25.7681678, -80.1991312 25.7681670, -80.1990930 25.7672081, -80.1990671 25.7672089))",Southwest 3rd Avenue,right,106.8,13,
Southwest 4th Avenue (left),25.7647524,-80.2006612,"POLYGON((-80.2006921 25.7652334, -80.2006563 25.7642707, -80.2006304 25.7642715, -80.2006662 25.7652342, -80.2006921 25.7652334))",Southwest 4th Avenue,left,107.2,13,
Southwest 4th Avenue (right),25.7647497,-80.2007530,"POLYGON((-80.2007838 25.7652306, -80.2007480 25.7642679, -80.2007221 25.7642687, -80.2007579 25.7652314, -80.2007838 25.7652306))",Southwest 4th Avenue,right,107.2,13,
Southwest 4th Avenue (left),25.7637903,-80.2006277,"POLYGON((-80.2006563 25.7642706, -80.2006251 25.7633094, -80.2005992 25.7633100, -80.2006304 25.7642712, -80.2006563 25.7642706))",Southwest 4th Avenue,left,107.0,13,
Southwest 4th Avenue (right),25.7637879,-80.2007195,"POLYGON((-80.2007480 25.7642682, -80.2007168 25.7633070, -80.2006909 25.7633076, -80.2007221 25.7642688, -80.2007480 25.7642682))",Southwest 4th Avenue,right,107.0,13,
Southwest 4th Avenue (left),25.7629462,-80.2006181,"POLYGON((-80.2006250 25.7633115, -80.2006370 25.7625813, -80.2006111 25.7625810, -80.2005991 25.7633111, -80.2006250 25.7633115))",Southwest 4th Avenue,left,81.3,9,
Southwest 4th Avenue (right),25.7629475,-80.2007098,"POLYGON((-80.2007168 25.7633127, -80.2007288 25.7625826, -80.2007029 25.7625822, -80.2006909 25.7633124, -80.2007168 25.7633127))",Southwest 4th Avenue,right,81.3,9,
Southwest 4th Avenue (left),25.7655122,-80.2006835,"POLYGON((-80.2007008 25.7657920, -80.2006921 25.7652321, -80.2006661 25.7652324, -80.2006749 25.7657923, -80.2007008 25.7657920))",Southwest 4th Avenue,left,62.3,7,
Southwest 4th Avenue (right),25.7655110,-80.2007752,"POLYGON((-80.2007926 25.7657908, -80.2007838 25.7652309, -80.2007579 25.7652312, -80.2007666 25.7657911, -80.2007926 25.7657908))",Southwest 4th Avenue,right,62.3,7,
Southwest 1st Avenue (left),25.7736739,-80.1955129,"POLYGON((-80.1955390 25.7740950, -80.1955127 25.7732520, -80.1954868 25.7732527, -80.1955131 25.7740957, -80.1955390 25.7740950))",Southwest 1st Avenue,left,93.9,11,
Southwest 1st Avenue (right),25.7736715,-80.1956046,"POLYGON((-80.1956307 25.7740927, -80.1956044 25.7732497, -80.1955785 25.7732504, -80.1956048 25.7740934, -80.1956307 25.7740927))",Southwest 1st Avenue,right,93.9,11,
Southwest 2nd Street (left),25.7723972,-80.1985437,"POLYGON((-80.1994451 25.7723435, -80.1976409 25.7724276, -80.1976423 25.7724509, -80.1994464 25.7723669, -80.1994451 25.7723435))",Southwest 2nd Street,left,181.1,24,
Southwest 2nd Street (right),25.7723147,-80.1985389,"POLYGON((-80.1994403 25.7722610, -80.1976362 25.7723450, -80.1976375 25.7723684, -80.1994417 25.7722843, -80.1994403 25.7722610))",Southwest 2nd Street,right,181.1,24,
Southwest 3rd Street (left),25.7713884,-80.1981614,"POLYGON((-80.1976161 25.7714060, -80.1987069 25.7713942, -80.1987066 25.7713709, -80.1976158 25.7713826, -80.1976161 25.7714060))",Southwest 3rd Street,left,109.4,14,
Southwest 3rd Street (right),25.7714711,-80.1981624,"POLYGON((-80.1976172 25.7714886, -80.1987080 25.7714769, -80.1987077 25.7714535, -80.1976169 25.7714653, -80.1976172 25.7714886))",Southwest 3rd Street,right,109.4,14,
Southeast 2nd Street (left),25.7725051,-80.1895086,"POLYGON((-80.1889459 25.7725806, -80.1900745 25.7724527, -80.1900712 25.7724295, -80.1889427 25.7725574, -80.1889459 25.7725806))",Southeast 2nd Street,left,114.0,14,
Southeast 2nd Street (right),25.7725870,-80.1895200,"POLYGON((-80.1889574 25.7726626, -80.1900859 25.7725347, -80.1900827 25.7725115, -80.1889541 25.7726394, -80.1889574 25.7726626))",Southeast 2nd Street,right,114.0,14,
Southeast 2nd Avenue (left),25.7722217,-80.1900402,"POLYGON((-80.1900368 25.7724844, -80.1900694 25.7719604, -80.1900435 25.7719591, -80.1900110 25.7724831, -80.1900368 25.7724844))",Southeast 2nd Avenue,left,58.4,6,
Southeast 2nd Avenue (right),25.7722264,-80.1901318,"POLYGON((-80.1901285 25.7724890, -80.1901610 25.7719650, -80.1901352 25.7719637, -80.1901026 25.7724877, -80.1901285 25.7724890))",Southeast 2nd Avenue,right,58.4,6,
Southeast 3rd Street (left),25.7718260,-80.1894690,"POLYGON((-80.1900142 25.7718021, -80.1889231 25.7718264, -80.1889238 25.7718498, -80.1900149 25.7718255, -80.1900142 25.7718021))",Southeast 3rd Street,left,109.4,14,
Southeast 3rd Street (right),25.7717433,-80.1894667,"POLYGON((-80.1900119 25.7717195, -80.1889208 25.7717438, -80.1889215 25.7717672, -80.1900126 25.7717429, -80.1900119 25.7717195))",Southeast 3rd Street,right,109.4,14,
Northwest 2nd Street (left),25.7759681,-80.1990257,"POLYGON((-80.1993231 25.7759468, -80.1987274 25.7759661, -80.1987283 25.7759895, -80.1993240 25.7759702, -80.1993231 25.7759468))",Northwest 2nd Street,left,59.8,6,
Northwest 2nd Street (right),25.7758856,-80.1990224,"POLYGON((-80.1993198 25.7758642, -80.1987241 25.7758835, -80.1987250 25.7759069, -80.1993207 25.7758876, -80.1993198 25.7758642))",Northwest 2nd Street,right,59.8,6,
Northwest 3rd Avenue (left),25.7822739,-80.1997400,"POLYGON((-80.1997240 25.7818982, -80.1997301 25.7826497, -80.1997561 25.7826496, -80.1997499 25.7818981, -80.1997240 25.7818982))",Northwest 3rd Avenue,left,83.7,10,
Northwest 3rd Avenue (right),25.7822745,-80.1996483,"POLYGON((-80.1996322 25.7818988, -80.1996384 25.7826503, -80.1996643 25.7826502, -80.1996582 25.7818987, -80.1996322 25.7818988))",Northwest 3rd Avenue,right,83.7,10,
Northwest North River Drive (left),25.7760219,-80.2023133,"POLYGON((-80.2017946 25.7755633, -80.2028135 25.7764968, -80.2028320 25.7764805, -80.2018131 25.7755469, -80.2017946 25.7755633))",Northwest North River Drive,left,145.7,19,
Northwest North River Drive (right),25.7760798,-80.2022479,"POLYGON((-80.2017292 25.7756212, -80.2027481 25.7765548, -80.2027666 25.7765384, -80.2017477 25.7756049, -80.2017292 25.7756212))",Northwest North River Drive,right,145.7,19,
Northwest North River Drive (left),25.7769933,-80.2031490,"POLYGON((-80.2028180 25.7765022, -80.2034575 25.7774961, -80.2034800 25.7774844, -80.2028405 25.7764905, -80.2028180 25.7765022))",Northwest North River Drive,left,127.9,16,
Northwest North River Drive (right),25.7770347,-80.2030696,"POLYGON((-80.2027386 25.7765436, -80.2033781 25.7775375, -80.2034006 25.7775258, -80.2027611 25.7765319, -80.2027386 25.7765436))",Northwest North River Drive,right,127.9,16,
Northwest 14th Street (left),25.7879243,-80.2037806,"POLYGON((-80.2035849 25.7879428, -80.2039773 25.7879291, -80.2039763 25.7879057, -80.2035839 25.7879194, -80.2035849 25.7879428))",Northwest 14th Street,left,39.4,3,
Northwest 14th Street (right),25.7880068,-80.2037842,"POLYGON((-80.2035885 25.7880254, -80.2039809 25.7880117, -80.2039799 25.7879883, -80.2035875 25.7880020, -80.2035885 25.7880254))",Northwest 14th Street,right,39.4,3,
Northeast 11th Street (left),25.7847364,-80.1927727,"POLYGON((-80.1923127 25.7847658, -80.1932338 25.7847303, -80.1932327 25.7847069, -80.1923116 25.7847424, -80.1923127 25.7847658))",Northeast 11th Street,left,92.4,11,
Northeast 11th Street (right),25.7848189,-80.1927766,"POLYGON((-80.1923166 25.7848484, -80.1932377 25.7848129, -80.1932366 25.7847895, -80.1923155 25.7848250, -80.1923166 25.7848484))",Northeast 11th Street,right,92.4,11,
Northeast 11th Street (left),25.7847079,-80.1936182,"POLYGON((-80.1932342 25.7847303, -80.1940030 25.7847089, -80.1940022 25.7846855, -80.1932334 25.7847069, -80.1932342 25.7847303))",Northeast 11th Street,left,77.1,9,
Northeast 11th Street (right),25.7847905,-80.1936210,"POLYGON((-80.1932370 25.7848129, -80.1940058 25.7847915, -80.1940050 25.7847681, -80.1932362 25.7847895, -80.1932370 25.7848129))",Northeast 11th Street,right,77.1,9,
North Miami Avenue (left),25.7884960,-80.1944636,"POLYGON((-80.1946352 25.7886974, -80.1943133 25.7882812, -80.1942920 25.7882946, -80.1946139 25.7887108, -80.1946352 25.7886974))",North Miami Avenue,left,56.5,6,
North Miami Avenue (right),25.7884488,-80.1945389,"POLYGON((-80.1947105 25.7886502, -80.1943886 25.7882340, -80.1943673 25.7882474, -80.1946892 25.7886636, -80.1947105 25.7886502))",North Miami Avenue,right,56.5,6,
Northwest 1st Avenue (left),25.7853394,-80.1960522,"POLYGON((-80.1960140 25.7846782, -80.1960644 25.7860015, -80.1960903 25.7860007, -80.1960399 25.7846774, -80.1960140 25.7846782))",Northwest 1st Avenue,left,147.4,19,
Northwest 1st Avenue (right),25.7853423,-80.1959604,"POLYGON((-80.1959223 25.7846810, -80.1959727 25.7860043, -80.1959986 25.7860035, -80.1959482 25.7846802, -80.1959223 25.7846810))",Northwest 1st Avenue,right,147.4,19,
Northeast 13th Street (left),25.7869651,-80.1896768,"POLYGON((-80.1891003 25.7869954, -80.1902543 25.7869582, -80.1902534 25.7869348, -80.1890993 25.7869720, -80.1891003 25.7869954))",Northeast 13th Street,left,115.7,15,
Northeast 13th Street (right),25.7870477,-80.1896801,"POLYGON((-80.1891035 25.7870780, -80.1902576 25.7870408, -80.1902566 25.7870174, -80.1891026 25.7870546, -80.1891035 25.7870780))",Northeast 13th Street,right,115.7,15,
Northeast 13th Street (left),25.7869152,-80.1919018,"POLYGON((-80.1914311 25.7869370, -80.1923730 25.7869169, -80.1923724 25.7868935, -80.1914305 25.7869136, -80.1914311 25.7869370))",Northeast 13th Street,left,94.4,11,
Northeast 13th Street (right),25.7869979,-80.1919039,"POLYGON((-80.1914333 25.7870196, -80.1923752 25.7869995, -80.1923746 25.7869761, -80.1914327 25.7869962, -80.1914333 25.7870196))",Northeast 13th Street,right,94.4,11,
Northeast Miami Court (left),25.7872942,-80.1933727,"POLYGON((-80.1933507 25.7870166, -80.1933687 25.7875725, -80.1933946 25.7875719, -80.1933766 25.7870160, -80.1933507 25.7870166))",Northeast Miami Court,left,61.9,6,
Northeast Miami Court (right),25.7872967,-80.1932809,"POLYGON((-80.1932590 25.7870190, -80.1932770 25.7875749, -80.1933029 25.7875743, -80.1932849 25.7870184, -80.1932590 25.7870190))",Northeast Miami Court,right,61.9,6,
Northeast Miami Court (left),25.7879363,-80.1933980,"POLYGON((-80.1933687 25.7875722, -80.1934013 25.7883014, -80.1934272 25.7883005, -80.1933946 25.7875713, -80.1933687 25.7875722))",Northeast Miami Court,left,81.2,9,
Northeast Miami Court (right),25.7879397,-80.1933062,"POLYGON((-80.1932770 25.7875755, -80.1933096 25.7883047, -80.1933355 25.7883038, -80.1933029 25.7875746, -80.1932770 25.7875755))",Northeast Miami Court,right,81.2,9,
Northwest 1st Place (left),25.7882803,-80.1983568,"POLYGON((-80.1983659 25.7881495, -80.1983221 25.7884075, -80.1983478 25.7884111, -80.1983915 25.7881530, -80.1983659 25.7881495))",Northwest 1st Place,left,29.1,2,
Northwest 1st Place (right),25.7882678,-80.1982661,"POLYGON((-80.1982751 25.7881370, -80.1982314 25.7883951, -80.1982570 25.7883986, -80.1983008 25.7881406, -80.1982751 25.7881370))",Northwest 1st Place,right,29.1,2,
Northwest 2nd Avenue (left),25.7886758,-80.1987853,"POLYGON((-80.1987694 25.7885196, -80.1987753 25.7888325, -80.1988013 25.7888321, -80.1987954 25.7885192, -80.1987694 25.7885196))",Northwest 2nd Avenue,left,34.8,2,
Northwest 2nd Avenue (right),25.7886773,-80.1986936,"POLYGON((-80.1986776 25.7885210, -80.1986835 25.7888339, -80.1987095 25.7888335, -80.1987036 25.7885206, -80.1986776 25.7885210))",Northwest 2nd Avenue,right,34.8,2,
Northwest 2nd Avenue (left),25.7890444,-80.1987915,"POLYGON((-80.1987753 25.7888326, -80.1987818 25.7892565, -80.1988078 25.7892562, -80.1988013 25.7888323, -80.1987753 25.7888326))",Northwest 2nd Avenue,left,47.2,4,
Northwest 2nd Avenue (right),25.7890455,-80.1986998,"POLYGON((-80.1986835 25.7888337, -80.1986900 25.7892576, -80.1987160 25.7892573, -80.1987095 25.7888334, -80.1986835 25.7888337))",Northwest 2nd Avenue,right,47.2,4,
Northwest 2nd Avenue (left),25.7894052,-80.1987985,"POLYGON((-80.1987818 25.7892562, -80.1987893 25.7895546, -80.1988152 25.7895541, -80.1988077 25.7892557, -80.1987818 25.7892562))",Northwest 2nd Avenue,left,33.2,2,
Northwest 2nd Avenue (right),25.7894070,-80.1987068,"POLYGON((-80.1986901 25.7892581, -80.1986976 25.7895565, -80.1987235 25.7895560, -80.1987160 25.7892576, -80.1986901 25.7892581))",Northwest 2nd Avenue,right,33.2,2,
Northwest 2nd Avenue (left),25.7899131,-80.1988109,"POLYGON((-80.1987893 25.7895547, -80.1988066 25.7902721, -80.1988325 25.7902715, -80.1988152 25.7895541, -80.1987893 25.7895547))",Northwest 2nd Avenue,left,79.9,9,
Northwest 2nd Avenue (right),25.7899149,-80.1987192,"POLYGON((-80.1986976 25.7895565, -80.1987149 25.7902739, -80.1987408 25.7902733, -80.1987235 25.7895559, -80.1986976 25.7895565))",Northwest 2nd Avenue,right,79.9,9,
Northwest 2nd Avenue (left),25.7906869,-80.1988317,"POLYGON((-80.1988107 25.7903864, -80.1988268 25.7909879, -80.1988527 25.7909873, -80.1988366 25.7903858, -80.1988107 25.7903864))",Northwest 2nd Avenue,left,67.0,7,
Northwest 2nd Avenue (right),25.7906888,-80.1987400,"POLYGON((-80.1987190 25.7903884, -80.1987351 25.7909899, -80.1987610 25.7909893, -80.1987449 25.7903878, -80.1987190 25.7903884))",Northwest 2nd Avenue,right,67.0,7,
Northwest 2nd Avenue (left),25.7912516,-80.1988430,"POLYGON((-80.1988268 25.7909883, -80.1988332 25.7915152, -80.1988592 25.7915149, -80.1988528 25.7909880, -80.1988268 25.7909883))",Northwest 2nd Avenue,left,58.7,6,
Northwest 2nd Avenue (right),25.7912525,-80.1987512,"POLYGON((-80.1987350 25.7909892, -80.1987414 25.7915161, -80.1987674 25.7915158, -80.1987610 25.7909889, -80.1987350 25.7909892))",Northwest 2nd Avenue,right,58.7,6,
Northeast 19th Street (left),25.7948420,-80.1903538,"POLYGON((-80.1907673 25.7948130, -80.1899392 25.7948476, -80.1899404 25.7948710, -80.1907685 25.7948363, -80.1907673 25.7948130))",Northeast 19th Street,left,83.1,10,
Northeast 19th Street (right),25.7947594,-80.1903496,"POLYGON((-80.1907630 25.7947304, -80.1899349 25.7947651, -80.1899361 25.7947884, -80.1907642 25.7947538, -80.1907630 25.7947304))",Northeast 19th Street,right,83.1,10,
Northeast 19th Street (left),25.7948714,-80.1894794,"POLYGON((-80.1899390 25.7948476, -80.1890192 25.7948717, -80.1890199 25.7948951, -80.1899397 25.7948710, -80.1899390 25.7948476))",Northeast 19th Street,left,92.2,11,
Northeast 19th Street (right),25.7947887,-80.1894768,"POLYGON((-80.1899363 25.7947650, -80.1890165 25.7947891, -80.1890172 25.7948125, -80.1899370 25.7947884, -80.1899363 25.7947650))",Northeast 19th Street,right,92.2,11,
Northeast 4th Avenue (left),25.7950415,-80.1874349,"POLYGON((-80.1877703 25.7948558, -80.1870867 25.7952070, -80.1870996 25.7952273, -80.1877832 25.7948761, -80.1877703 25.7948558))",Northeast 4th Avenue,left,78.9,9,
Northeast 4th Avenue (right),25.7949698,-80.1873895,"POLYGON((-80.1877248 25.7947840, -80.1870412 25.7951352, -80.1870541 25.7951555, -80.1877377 25.7948043, -80.1877248 25.7947840))",Northeast 4th Avenue,right,78.9,9,
Northwest 17th Street (left),25.7916135,-80.2008591,"POLYGON((-80.2000335 25.7916300, -80.2016848 25.7916204, -80.2016847 25.7915970, -80.2000333 25.7916066, -80.2000335 25.7916300))",Northwest 17th Street,left,165.5,22,
Northwest 17th Street (right),25.7916961,-80.2008596,"POLYGON((-80.2000340 25.7917126, -80.2016854 25.7917030, -80.2016852 25.7916796, -80.2000339 25.7916892, -80.2000340 25.7917126))",Northwest 17th Street,right,165.5,22,
Northwest 17th Street (left),25.7916017,-80.2024485,"POLYGON((-80.2016847 25.7916204, -80.2032127 25.7916064, -80.2032124 25.7915830, -80.2016844 25.7915970, -80.2016847 25.7916204))",Northwest 17th Street,left,153.2,20,
Northwest 17th Street (right),25.7916843,-80.2024495,"POLYGON((-80.2016856 25.7917030, -80.2032136 25.7916890, -80.2032133 25.7916656, -80.2016853 25.7916796, -80.2016856 25.7917030))",Northwest 17th Street,right,153.2,20,
Southeast 5th Street (left),25.7687638,-80.1918828,"POLYGON((-80.1916426 25.7687380, -80.1921185 25.7688126, -80.1921229 25.7687895, -80.1916471 25.7687150, -80.1916426 25.7687380))",Southeast 5th Street,left,48.4,4,
Southeast 5th Street (right),25.7688452,-80.1918670,"POLYGON((-80.1916269 25.7688195, -80.1921027 25.7688940, -80.1921072 25.7688710, -80.1916313 25.7687964, -80.1916269 25.7688195))",Southeast 5th Street,right,48.4,4,
Northwest 11th Terrace (left),25.7848838,-80.2014234,"POLYGON((-80.1997847 25.7849308, -80.2030626 25.7848601, -80.2030620 25.7848368, -80.1997841 25.7849074, -80.1997847 25.7849308))",Northwest 11th Terrace,left,328.7,46,
Northwest 11th Terrace (right),25.7849664,-80.2014255,"POLYGON((-80.1997869 25.7850134, -80.2030648 25.7849428, -80.2030642 25.7849194, -80.1997863 25.7849901, -80.1997869 25.7850134))",Northwest 11th Terrace,right,328.7,46,
Northwest South River Drive (left),25.7780346,-80.2084630,"POLYGON((-80.2077895 25.7775860, -80.2091207 25.7785018, -80.2091364 25.7784833, -80.2078052 25.7775674, -80.2077895 25.7775860))",Northwest South River Drive,left,167.9,22,
Northwest South River Drive (right),25.7781003,-80.2084072,"POLYGON((-80.2077338 25.7776516, -80.2090650 25.7785675, -80.2090807 25.7785489, -80.2077495 25.7776331, -80.2077338 25.7776516))",Northwest South River Drive,right,167.9,22,
Northwest South River Drive (left),25.7786691,-80.2093711,"POLYGON((-80.2091175 25.7784996, -80.2096084 25.7788567, -80.2096247 25.7788386, -80.2091338 25.7784815, -80.2091175 25.7784996))",Northwest South River Drive,left,63.3,7,
Northwest South River Drive (right),25.7787334,-80.2093134,"POLYGON((-80.2090598 25.7785639, -80.2095507 25.7789210, -80.2095670 25.7789029, -80.2090761 25.7785458, -80.2090598 25.7785639))",Northwest South River Drive,right,63.3,7,
Northwest South River Drive (left),25.7795696,-80.2105075,"POLYGON((-80.2096092 25.7788574, -80.2113885 25.7802992, -80.2114059 25.7802818, -80.2096266 25.7788400, -80.2096092 25.7788574))",Northwest South River Drive,left,239.9,33,
Northwest South River Drive (right),25.7796310,-80.2104462,"POLYGON((-80.2095478 25.7789188, -80.2113271 25.7803606, -80.2113445 25.7803432, -80.2095652 25.7789014, -80.2095478 25.7789188))",Northwest South River Drive,right,239.9,33,
Northwest 14th Street (left),25.7878975,-80.2045699,"POLYGON((-80.2039774 25.7879291, -80.2051635 25.7878892, -80.2051625 25.7878658, -80.2039764 25.7879057, -80.2039774 25.7879291))",Northwest 14th Street,left,119.0,15,
Northwest 14th Street (right),25.7879800,-80.2045734,"POLYGON((-80.2039808 25.7880117, -80.2051669 25.7879718, -80.2051659 25.7879484, -80.2039798 25.7879883, -80.2039808 25.7880117))",Northwest 14th Street,right,119.0,15,
Northwest 3rd Avenue (left),25.7831275,-80.1997618,"POLYGON((-80.1997301 25.7826470, -80.1997676 25.7836088, -80.1997935 25.7836079, -80.1997560 25.7826461, -80.1997301 25.7826470))",Northwest 3rd Avenue,left,107.1,13,
Northwest 3rd Avenue (right),25.7831303,-80.1996701,"POLYGON((-80.1996384 25.7826499, -80.1996759 25.7836117, -80.1997018 25.7836108, -80.1996643 25.7826490, -80.1996384 25.7826499))",Northwest 3rd Avenue,right,107.1,13,
Northwest 3rd Avenue (left),25.7750083,-80.1990083,"POLYGON((-80.1989507 25.7748694, -80.1990410 25.7751537, -80.1990659 25.7751473, -80.1989756 25.7748630, -80.1989507 25.7748694))",Northwest 3rd Avenue,left,32.9,2,
Northwest 3rd Avenue (right),25.7750311,-80.1989201,"POLYGON((-80.1988625 25.7748921, -80.1989528 25.7751764, -80.1989777 25.7751700, -80.1988874 25.7748857, -80.1988625 25.7748921))",Northwest 3rd Avenue,right,32.9,2,
Northwest 8th Street Road (left),25.7842735,-80.2098081,"POLYGON((-80.2097143 25.7842061, -80.2098837 25.7843576, -80.2099020 25.7843410, -80.2097326 25.7841895, -80.2097143 25.7842061))",Northwest 8th Street Road,left,23.9,1,
Northwest 8th Street Road (right),25.7843322,-80.2097435,"POLYGON((-80.2096496 25.7842647, -80.2098190 25.7844162, -80.2098373 25.7843996, -80.2096679 25.7842481, -80.2096496 25.7842647))",Northwest 8th Street Road,right,23.9,1,
Northeast 10th Street (left),25.7839479,-80.1900842,"POLYGON((-80.1906010 25.7839136, -80.1895661 25.7839589, -80.1895673 25.7839822, -80.1906023 25.7839369, -80.1906010 25.7839136))",Northeast 10th Street,left,103.9,13,
Northeast 10th Street (right),25.7838654,-80.1900797,"POLYGON((-80.1905966 25.7838311, -80.1895616 25.7838764, -80.1895629 25.7838997, -80.1905978 25.7838544, -80.1905966 25.7838311))",Northeast 10th Street,right,103.9,13,
Southwest 26th Road (left),25.7572702,-80.2097322,"POLYGON((-80.2101953 25.7578345, -80.2092902 25.7566923, -80.2092691 25.7567059, -80.2101742 25.7578480, -80.2101953 25.7578345))",Southwest 26th Road,left,156.2,21,
Southwest 26th Road (right),25.7572221,-80.2098069,"POLYGON((-80.2102700 25.7577864, -80.2093649 25.7566443, -80.2093438 25.7566578, -80.2102489 25.7578000, -80.2102700 25.7577864))",Southwest 26th Road,right,156.2,21,
Southwest 26th Road (left),25.7560513,-80.2087290,"POLYGON((-80.2092328 25.7566255, -80.2082459 25.7554629, -80.2082253 25.7554771, -80.2092122 25.7566397, -80.2092328 25.7566255))",Southwest 26th Road,left,162.9,22,
Southwest 26th Road (right),25.7560011,-80.2088020,"POLYGON((-80.2093057 25.7565753, -80.2083188 25.7554127, -80.2082982 25.7554269, -80.2092851 25.7565895, -80.2093057 25.7565753))",Southwest 26th Road,right,162.9,22,
Northwest 17th Street (left),25.7914785,-80.2074590,"POLYGON((-80.2069685 25.7915069, -80.2079505 25.7914735, -80.2079495 25.7914501, -80.2069675 25.7914835, -80.2069685 25.7915069))",Northwest 17th Street,left,98.5,12,
Northwest 17th Street (right),25.7915611,-80.2074624,"POLYGON((-80.2069719 25.7915895, -80.2079539 25.7915561, -80.2079529 25.7915327, -80.2069709 25.7915661, -80.2069719 25.7915895))",Northwest 17th Street,right,98.5,12,
Northwest 17th Street (left),25.7914491,-80.2084229,"POLYGON((-80.2079507 25.7914735, -80.2088958 25.7914481, -80.2088950 25.7914247, -80.2079499 25.7914501, -80.2079507 25.7914735))",Northwest 17th Street,left,94.8,11,
Northwest 17th Street (right),25.7915317,-80.2084256,"POLYGON((-80.2079535 25.7915561, -80.2088986 25.7915307, -80.2088978 25.7915073, -80.2079527 25.7915327, -80.2079535 25.7915561))",Northwest 17th Street,right,94.8,11,
Northwest 17th Street (left),25.7913992,-80.2095552,"POLYGON((-80.2088941 25.7914481, -80.2102180 25.7913736, -80.2102163 25.7913503, -80.2088925 25.7914248, -80.2088941 25.7914481))",Northwest 17th Street,left,132.9,17,
Northwest 17th Street (right),25.7914817,-80.2095610,"POLYGON((-80.2088999 25.7915306, -80.2102237 25.7914561, -80.2102221 25.7914328, -80.2088982 25.7915073, -80.2088999 25.7915306))",Northwest 17th Street,right,132.9,17,
Northwest 1st Avenue (left),25.7794073,-80.1953288,"POLYGON((-80.1953817 25.7798832, -80.1953019 25.7789297, -80.1952760 25.7789314, -80.1953558 25.7798850, -80.1953817 25.7798832))",Northwest 1st Avenue,left,106.4,13,
Northwest 1st Avenue (right),25.7794011,-80.1954204,"POLYGON((-80.1954732 25.7798770, -80.1953934 25.7789234, -80.1953675 25.7789252, -80.1954473 25.7798787, -80.1954732 25.7798770))",Northwest 1st Avenue,right,106.4,13,
Southwest 25th Road (left),25.7566809,-80.2077901,"POLYGON((-80.2073108 25.7561074, -80.2082484 25.7572682, -80.2082694 25.7572545, -80.2073318 25.7560937, -80.2073108 25.7561074))",Southwest 25th Road,left,159.8,21,
Southwest 25th Road (right),25.7567296,-80.2077159,"POLYGON((-80.2072366 25.7561560, -80.2081742 25.7573168, -80.2081952 25.7573031, -80.2072576 25.7561423, -80.2072366 25.7561560))",Southwest 25th Road,right,159.8,21,
Northwest 2nd Street (left),25.7757756,-80.2009292,"POLYGON((-80.2018049 25.7756087, -80.2000484 25.7759197, -80.2000534 25.7759426, -80.2018099 25.7756316, -80.2018049 25.7756087))",Northwest 2nd Street,left,179.5,24,
Northwest 2nd Street (right),25.7756946,-80.2009114,"POLYGON((-80.2017872 25.7755276, -80.2000307 25.7758386, -80.2000357 25.7758615, -80.2017922 25.7755505, -80.2017872 25.7755276))",Northwest 2nd Street,right,179.5,24,
Northwest 3rd Street (left),25.7767900,-80.2006691,"POLYGON((-80.2001817 25.7768154, -80.2011573 25.7767881, -80.2011565 25.7767647, -80.2001809 25.7767920, -80.2001817 25.7768154))",Northwest 3rd Street,left,97.8,12,
Northwest 3rd Street (right),25.7768727,-80.2006719,"POLYGON((-80.2001845 25.7768980, -80.2011601 25.7768707, -80.2011593 25.7768473, -80.2001837 25.7768746, -80.2001845 25.7768980))",Northwest 3rd Street,right,97.8,12,
Northwest 3rd Street (left),25.7766270,-80.2019648,"POLYGON((-80.2011258 25.7767934, -80.2028090 25.7764835, -80.2028038 25.7764606, -80.2011206 25.7767705, -80.2011258 25.7767934))",Northwest 3rd Street,left,172.2,23,
Northwest 3rd Street (right),25.7767080,-80.2019832,"POLYGON((-80.2011442 25.7768744, -80.2028274 25.7765645, -80.2028222 25.7765416, -80.2011390 25.7768515, -80.2011442 25.7768744))",Northwest 3rd Street,right,172.2,23,
Southwest 2nd Avenue (left),25.7610350,-80.1971873,"POLYGON((-80.1972121 25.7614890, -80.1971885 25.7605805, -80.1971626 25.7605810, -80.1971862 25.7614896, -80.1972121 25.7614890))",Southwest 2nd Avenue,left,101.2,12,
Southwest 2nd Avenue (right),25.7610331,-80.1972791,"POLYGON((-80.1973038 25.7614871, -80.1972802 25.7605785, -80.1972543 25.7605791, -80.1972779 25.7614876, -80.1973038 25.7614871))",Southwest 2nd Avenue,right,101.2,12,
West Flagler Street (left),25.7739904,-80.1979257,"POLYGON((-80.1977124 25.7740038, -80.1981392 25.7740004, -80.1981390 25.7739770, -80.1977122 25.7739804, -80.1977124 25.7740038))",West Flagler Street,left,42.8,4,
West Flagler Street (right),25.7740730,-80.1979265,"POLYGON((-80.1977132 25.7740864, -80.1981400 25.7740830, -80.1981398 25.7740596, -80.1977130 25.7740630, -80.1977132 25.7740864))",West Flagler Street,right,42.8,4,
Northwest 3rd Street (left),25.7769070,-80.1997352,"POLYGON((-80.1999657 25.7768827, -80.1995032 25.7769080, -80.1995048 25.7769313, -80.1999673 25.7769060, -80.1999657 25.7768827))",Northwest 3rd Street,left,46.4,4,
Northwest 3rd Street (right),25.7768245,-80.1997297,"POLYGON((-80.1999601 25.7768002, -80.1994976 25.7768255, -80.1994992 25.7768488, -80.1999617 25.7768235, -80.1999601 25.7768002))",Northwest 3rd Street,right,46.4,4,
Northwest 3rd Court (left),25.7752707,-80.2000647,"POLYGON((-80.2000355 25.7757740, -80.2001199 25.7747692, -80.2000940 25.7747674, -80.2000096 25.7757722, -80.2000355 25.7757740))",Northwest 3rd Court,left,112.2,14,
Northwest 3rd Court (right),25.7752769,-80.2001563,"POLYGON((-80.2001270 25.7757802, -80.2002114 25.7747754, -80.2001855 25.7747736, -80.2001011 25.7757784, -80.2001270 25.7757802))",Northwest 3rd Court,right,112.2,14,
Northwest 2nd Street (left),25.7759403,-80.1997507,"POLYGON((-80.1999747 25.7759192, -80.1995255 25.7759381, -80.1995267 25.7759614, -80.1999759 25.7759425, -80.1999747 25.7759192))",Northwest 2nd Street,left,45.1,4,
Northwest 2nd Street (right),25.7758578,-80.1997465,"POLYGON((-80.1999705 25.7758367, -80.1995213 25.7758556, -80.1995225 25.7758789, -80.1999717 25.7758600, -80.1999705 25.7758367))",Northwest 2nd Street,right,45.1,4,
Northwest 7th Street (left),25.7804660,-80.2068105,"POLYGON((-80.2066785 25.7804836, -80.2069438 25.7804717, -80.2069425 25.7804484, -80.2066772 25.7804603, -80.2066785 25.7804836))",Northwest 7th Street,left,26.6,1,
Northwest 7th Street (right),25.7805485,-80.2068150,"POLYGON((-80.2066830 25.7805661, -80.2069483 25.7805542, -80.2069470 25.7805309, -80.2066817 25.7805428, -80.2066830 25.7805661))",Northwest 7th Street,right,26.6,1,
Northwest 7th Street (left),25.7803981,-80.2084107,"POLYGON((-80.2078561 25.7804399, -80.2089669 25.7803796, -80.2089653 25.7803563, -80.2078545 25.7804166, -80.2078561 25.7804399))",Northwest 7th Street,left,111.5,14,
Northwest 7th Street (right),25.7804806,-80.2084162,"POLYGON((-80.2078616 25.7805224, -80.2089724 25.7804621, -80.2089708 25.7804388, -80.2078600 25.7804991, -80.2078616 25.7805224))",Northwest 7th Street,right,111.5,14,
Northwest 1st Street (left),25.7747228,-80.2006808,"POLYGON((-80.2003137 25.7748001, -80.2010529 25.7746684, -80.2010479 25.7746455, -80.2003087 25.7747772, -80.2003137 25.7748001))",Northwest 1st Street,left,75.5,9,
Northwest 1st Street (right),25.7748039,-80.2006986,"POLYGON((-80.2003315 25.7748812, -80.2010707 25.7747495, -80.2010657 25.7747266, -80.2003265 25.7748583, -80.2003315 25.7748812))",Northwest 1st Street,right,75.5,9,
Southwest 26th Road (left),25.7547745,-80.2076474,"POLYGON((-80.2071480 25.7542192, -80.2081264 25.7553442, -80.2081468 25.7553298, -80.2071684 25.7542048, -80.2071480 25.7542192))",Southwest 26th Road,left,159.1,21,
Southwest 26th Road (right),25.7548255,-80.2075752,"POLYGON((-80.2070758 25.7542702, -80.2080542 25.7553952, -80.2080746 25.7553808, -80.2070962 25.7542558, -80.2070758 25.7542702))",Southwest 26th Road,right,159.1,21,
South Miami Avenue (left),25.7711495,-80.1933172,"POLYGON((-80.1935116 25.7708915, -80.1931019 25.7713936, -80.1931228 25.7714074, -80.1935325 25.7709053, -80.1935116 25.7708915))",South Miami Avenue,left,69.4,8,
South Miami Avenue (right),25.7711005,-80.1932433,"POLYGON((-80.1934377 25.7708426, -80.1930280 25.7713447, -80.1930489 25.7713585, -80.1934586 25.7708564, -80.1934377 25.7708426))",South Miami Avenue,right,69.4,8,
Northwest 1st Street (left),25.7750519,-80.1949516,"POLYGON((-80.1947017 25.7750680, -80.1952020 25.7750592, -80.1952015 25.7750358, -80.1947012 25.7750446, -80.1947017 25.7750680))",Northwest 1st Street,left,50.2,5,
Northwest 1st Street (right),25.7751345,-80.1949534,"POLYGON((-80.1947035 25.7751506, -80.1952038 25.7751418, -80.1952033 25.7751184, -80.1947030 25.7751272, -80.1947035 25.7751506))",Northwest 1st Street,right,50.2,5,
Northwest 1st Street (left),25.7749089,-80.1985648,"POLYGON((-80.1984497 25.7749293, -80.1986822 25.7749119, -80.1986800 25.7748886, -80.1984475 25.7749060, -80.1984497 25.7749293))",Northwest 1st Street,left,23.4,1,
Northwest 1st Street (right),25.7749913,-80.1985725,"POLYGON((-80.1984573 25.7750116, -80.1986898 25.7749942, -80.1986876 25.7749709, -80.1984551 25.7749883, -80.1984573 25.7750116))",Northwest 1st Street,right,23.4,1,
North Miami Avenue (left),25.7775224,-80.1936940,"POLYGON((-80.1937255 25.7780043, -80.1936884 25.7770397, -80.1936625 25.7770405, -80.1936996 25.7780051, -80.1937255 25.7780043))",North Miami Avenue,left,107.4,13,
North Miami Avenue (right),25.7775195,-80.1937857,"POLYGON((-80.1938172 25.7780014, -80.1937801 25.7770368, -80.1937542 25.7770376, -80.1937913 25.7780022, -80.1938172 25.7780014))",North Miami Avenue,right,107.4,13,
Southwest 3rd Street (left),25.7714910,-80.1943204,"POLYGON((-80.1939589 25.7715090, -80.1946823 25.7714964, -80.1946818 25.7714730, -80.1939584 25.7714856, -80.1939589 25.7715090))",Southwest 3rd Street,left,72.5,8,
Southwest 3rd Street (right),25.7715736,-80.1943221,"POLYGON((-80.1939607 25.7715916, -80.1946841 25.7715790, -80.1946836 25.7715556, -80.1939602 25.7715682, -80.1939607 25.7715916))",Southwest 3rd Street,right,72.5,8,
Southwest 3rd Street (left),25.7714682,-80.1952211,"POLYGON((-80.1947791 25.7714942, -80.1956639 25.7714656, -80.1956630 25.7714422, -80.1947782 25.7714708, -80.1947791 25.7714942))",Southwest 3rd Street,left,88.8,10,
Southwest 3rd Street (right),25.7715508,-80.1952243,"POLYGON((-80.1947824 25.7715768, -80.1956672 25.7715482, -80.1956663 25.7715248, -80.1947815 25.7715534, -80.1947824 25.7715768))",Southwest 3rd Street,right,88.8,10,
Southwest 2nd Street (left),25.7723974,-80.1958792,"POLYGON((-80.1955163 25.7724201, -80.1962430 25.7723981, -80.1962421 25.7723747, -80.1955154 25.7723967, -80.1955163 25.7724201))",Southwest 2nd Street,left,72.9,8,
Southwest 2nd Street (right),25.7724800,-80.1958823,"POLYGON((-80.1955194 25.7725027, -80.1962461 25.7724807, -80.1962452 25.7724573, -80.1955185 25.7724793, -80.1955194 25.7725027))",Southwest 2nd Street,right,72.9,8,
Southwest 2nd Street (left),25.7723715,-80.1969413,"POLYGON((-80.1962433 25.7723981, -80.1976398 25.7723683, -80.1976392 25.7723449, -80.1962427 25.7723747, -80.1962433 25.7723981))",Southwest 2nd Street,left,140.0,18,
Southwest 2nd Street (right),25.7724541,-80.1969434,"POLYGON((-80.1962455 25.7724807, -80.1976420 25.7724509, -80.1976414 25.7724275, -80.1962449 25.7724573, -80.1962455 25.7724807))",Southwest 2nd Street,right,140.0,18,
South Miami Avenue (left),25.7609372,-80.1933964,"POLYGON((-80.1933178 25.7612823, -80.1935002 25.7605976, -80.1934750 25.7605921, -80.1932926 25.7612768, -80.1933178 25.7612823))",South Miami Avenue,left,78.4,9,
South Miami Avenue (right),25.7609565,-80.1934856,"POLYGON((-80.1934070 25.7613016, -80.1935894 25.7606169, -80.1935642 25.7606114, -80.1933818 25.7612961, -80.1934070 25.7613016))",South Miami Avenue,right,78.4,9,
South Miami Avenue (left),25.7601228,-80.1936143,"POLYGON((-80.1935002 25.7605975, -80.1937535 25.7596536, -80.1937283 25.7596481, -80.1934750 25.7605920, -80.1935002 25.7605975))",South Miami Avenue,left,108.1,13,
South Miami Avenue (right),25.7601423,-80.1937034,"POLYGON((-80.1935894 25.7606170, -80.1938427 25.7596731, -80.1938175 25.7596676, -80.1935642 25.7606115, -80.1935894 25.7606170))",South Miami Avenue,right,108.1,13,
Southwest 2nd Street (left),25.7724445,-80.1945265,"POLYGON((-80.1935379 25.7724922, -80.1955161 25.7724201, -80.1955151 25.7723967, -80.1935369 25.7724688, -80.1935379 25.7724922))",Southwest 2nd Street,left,198.5,27,
Southwest 2nd Street (right),25.7725270,-80.1945302,"POLYGON((-80.1935416 25.7725748, -80.1955198 25.7725027, -80.1955188 25.7724793, -80.1935406 25.7725514, -80.1935416 25.7725748))",Southwest 2nd Street,right,198.5,27,
North Miami Avenue (left),25.7842552,-80.1939399,"POLYGON((-80.1939711 25.7847395, -80.1939347 25.7837701, -80.1939088 25.7837709, -80.1939452 25.7847403, -80.1939711 25.7847395))",North Miami Avenue,left,108.0,13,
North Miami Avenue (right),25.7842524,-80.1940317,"POLYGON((-80.1940628 25.7847367, -80.1940264 25.7837673, -80.1940005 25.7837681, -80.1940369 25.7847375, -80.1940628 25.7847367))",North Miami Avenue,right,108.0,13,
North Miami Avenue (left),25.7832939,-80.1939045,"POLYGON((-80.1939347 25.7837701, -80.1939003 25.7828170, -80.1938744 25.7828177, -80.1939088 25.7837708, -80.1939347 25.7837701))",North Miami Avenue,left,106.2,13,
North Miami Avenue (right),25.7832912,-80.1939963,"POLYGON((-80.1940264 25.7837674, -80.1939920 25.7828143, -80.1939661 25.7828150, -80.1940005 25.7837681, -80.1940264 25.7837674))",North Miami Avenue,right,106.2,13,
North Miami Avenue (left),25.7823384,-80.1938688,"POLYGON((-80.1939003 25.7828171, -80.1938633 25.7818589, -80.1938374 25.7818597, -80.1938744 25.7828179, -80.1939003 25.7828171))",North Miami Avenue,left,106.7,13,
North Miami Avenue (right),25.7823355,-80.1939606,"POLYGON((-80.1939920 25.7828142, -80.1939550 25.7818560, -80.1939291 25.7818568, -80.1939661 25.7828150, -80.1939920 25.7828142))",North Miami Avenue,right,106.7,13,
Northeast 1st Avenue (left),25.7808092,-80.1922218,"POLYGON((-80.1921795 25.7799933, -80.1922382 25.7816258, -80.1922641 25.7816251, -80.1922054 25.7799926, -80.1921795 25.7799933))",Northeast 1st Avenue,left,181.8,24,
Northeast 1st Avenue (right),25.7808119,-80.1921301,"POLYGON((-80.1920878 25.7799960, -80.1921465 25.7816285, -80.1921724 25.7816278, -80.1921137 25.7799953, -80.1920878 25.7799960))",Northeast 1st Avenue,right,181.8,24,
Southwest 3rd Avenue (left),25.7608727,-80.2003090,"POLYGON((-80.1999160 25.7611591, -80.2007179 25.7606048, -80.2007021 25.7605863, -80.1999002 25.7611406, -80.1999160 25.7611591))",Southwest 3rd Avenue,left,101.3,12,
Southwest 3rd Avenue (right),25.7609382,-80.2003649,"POLYGON((-80.1999718 25.7612246, -80.2007737 25.7606703, -80.2007579 25.7606518, -80.1999560 25.7612061, -80.1999718 25.7612246))",Southwest 3rd Avenue,right,101.3,12,
Southwest 3rd Avenue (left),25.7604722,-80.2008963,"POLYGON((-80.2007184 25.7606044, -80.2010896 25.7603589, -80.2010743 25.7603401, -80.2007031 25.7605856, -80.2007184 25.7606044))",Southwest 3rd Avenue,left,46.2,4,
Southwest 3rd Avenue (right),25.7605389,-80.2009507,"POLYGON((-80.2007727 25.7606710, -80.2011439 25.7604255, -80.2011286 25.7604067, -80.2007574 25.7606522, -80.2007727 25.7606710))",Southwest 3rd Avenue,right,46.2,4,
Southwest 3rd Avenue (left),25.7601907,-80.2013114,"POLYGON((-80.2010890 25.7603593, -80.2015496 25.7600407, -80.2015338 25.7600222, -80.2010732 25.7603408, -80.2010890 25.7603593))",Southwest 3rd Avenue,left,58.2,6,
Southwest 3rd Avenue (right),25.7602563,-80.2013673,"POLYGON((-80.2011449 25.7604248, -80.2016055 25.7601062, -80.2015897 25.7600877, -80.2011291 25.7604063, -80.2011449 25.7604248))",Southwest 3rd Avenue,right,58.2,6,
Southwest 3rd Avenue (left),25.7598049,-80.2018692,"POLYGON((-80.2015495 25.7600407, -80.2022045 25.7595876, -80.2021888 25.7595691, -80.2015338 25.7600222, -80.2015495 25.7600407))",Southwest 3rd Avenue,left,82.8,10,
Southwest 3rd Avenue (right),25.7598704,-80.2019250,"POLYGON((-80.2016054 25.7601062, -80.2022604 25.7596531, -80.2022447 25.7596346, -80.2015897 25.7600877, -80.2016054 25.7601062))",Southwest 3rd Avenue,right,82.8,10,
Northwest 7th Street (left),25.7806424,-80.2008481,"POLYGON((-80.2003984 25.7806675, -80.2012987 25.7806408, -80.2012979 25.7806174, -80.2003976 25.7806441, -80.2003984 25.7806675))",Northwest 7th Street,left,90.3,11,
Northwest 7th Street (right),25.7807251,-80.2008512,"POLYGON((-80.2004014 25.7807501, -80.2013017 25.7807234, -80.2013009 25.7807000, -80.2004006 25.7807267, -80.2004014 25.7807501))",Northwest 7th Street,right,90.3,11,
Northwest 7th Street (left),25.7806055,-80.2021319,"POLYGON((-80.2012988 25.7806408, -80.2029658 25.7805937, -80.2029650 25.7805703, -80.2012979 25.7806174, -80.2012988 25.7806408))",Northwest 7th Street,left,167.2,22,
Northwest 7th Street (right),25.7806882,-80.2021347,"POLYGON((-80.2013016 25.7807234, -80.2029687 25.7806763, -80.2029678 25.7806529, -80.2013008 25.7807000, -80.2013016 25.7807234))",Northwest 7th Street,right,167.2,22,
Northwest 7th Street (left),25.7805544,-80.2038029,"POLYGON((-80.2029656 25.7805937, -80.2046412 25.7805384, -80.2046402 25.7805150, -80.2029646 25.7805703, -80.2029656 25.7805937))",Northwest 7th Street,left,168.1,22,
Northwest 7th Street (right),25.7806369,-80.2038063,"POLYGON((-80.2029690 25.7806763, -80.2046446 25.7806210, -80.2046436 25.7805976, -80.2029680 25.7806529, -80.2029690 25.7806763))",Northwest 7th Street,right,168.1,22,
Northwest 7th Street (left),25.7804993,-80.2056599,"POLYGON((-80.2046414 25.7805384, -80.2066791 25.7804836, -80.2066784 25.7804602, -80.2046406 25.7805150, -80.2046414 25.7805384))",Northwest 7th Street,left,204.4,28,
Northwest 7th Street (right),25.7805819,-80.2056626,"POLYGON((-80.2046441 25.7806210, -80.2066819 25.7805662, -80.2066811 25.7805428, -80.2046434 25.7805976, -80.2046441 25.7806210))",Northwest 7th Street,right,204.4,28,
Northwest 1st Court (left),25.7793524,-80.1968861,"POLYGON((-80.1968540 25.7788688, -80.1968922 25.7798369, -80.1969181 25.7798360, -80.1968799 25.7788680, -80.1968540 25.7788688))",Northwest 1st Court,left,107.8,13,
Northwest 1st Court (right),25.7793554,-80.1967943,"POLYGON((-80.1967623 25.7788718, -80.1968005 25.7798398, -80.1968264 25.7798390, -80.1967882 25.7788709, -80.1967623 25.7788718))",Northwest 1st Court,right,107.8,13,
Northwest 15th Street (left),25.7894377,-80.2090232,"POLYGON((-80.2087756 25.7895144, -80.2092781 25.7893834, -80.2092709 25.7893610, -80.2087684 25.7894920, -80.2087756 25.7895144))",Northwest 15th Street,left,52.4,5,
Northwest 15th Street (right),25.7895171,-80.2090488,"POLYGON((-80.2088011 25.7895938, -80.2093036 25.7894628, -80.2092964 25.7894404, -80.2087939 25.7895714, -80.2088011 25.7895938))",Northwest 15th Street,right,52.4,5,
South America Way (left),25.7795075,-80.1798868,"POLYGON((-80.1796402 25.7799848, -80.1801567 25.7790405, -80.1801334 25.7790302, -80.1796170 25.7799745, -80.1796402 25.7799848))",South America Way,left,117.2,15,
South America Way (right),25.7795440,-80.1799692,"POLYGON((-80.1797226 25.7800213, -80.1802390 25.7790770, -80.1802158 25.7790667, -80.1796993 25.7800110, -80.1797226 25.7800213))",South America Way,right,117.2,15,
Northwest 6th Avenue (left),25.7846218,-80.2048357,"POLYGON((-80.2048154 25.7844149, -80.2048300 25.7848296, -80.2048559 25.7848288, -80.2048413 25.7844141, -80.2048154 25.7844149))",Northwest 6th Avenue,left,46.2,4,
Northwest 6th Avenue (right),25.7846245,-80.2047439,"POLYGON((-80.2047237 25.7844175, -80.2047383 25.7848322, -80.2047642 25.7848314, -80.2047496 25.7844167, -80.2047237 25.7844175))",Northwest 6th Avenue,right,46.2,4,
Southwest 10th Street (left),25.7639286,-80.2116309,"POLYGON((-80.2088910 25.7639969, -80.2143714 25.7638837, -80.2143708 25.7638603, -80.2088904 25.7639735, -80.2088910 25.7639969))",Southwest 10th Street,left,549.6,79,
Southwest 10th Street (right),25.7640112,-80.2116330,"POLYGON((-80.2088931 25.7640795, -80.2143735 25.7639663, -80.2143729 25.7639429, -80.2088925 25.7640561, -80.2088931 25.7640795))",Southwest 10th Street,right,549.6,79,
Northeast 16th Street (left),25.7904813,-80.1898632,"POLYGON((-80.1890439 25.7905061, -80.1906829 25.7904799, -80.1906825 25.7904565, -80.1890434 25.7904827, -80.1890439 25.7905061))",Northeast 16th Street,left,164.3,22,
Northeast 16th Street (right),25.7905639,-80.1898648,"POLYGON((-80.1890455 25.7905887, -80.1906846 25.7905625, -80.1906841 25.7905391, -80.1890451 25.7905653, -80.1890455 25.7905887))",Northeast 16th Street,right,164.3,22,
Northwest 19th Street (left),25.7940617,-80.1986457,"POLYGON((-80.1984465 25.7940764, -80.1988455 25.7940704, -80.1988450 25.7940470, -80.1984460 25.7940530, -80.1984465 25.7940764))",Northwest 19th Street,left,40.0,3,
Northwest 19th Street (right),25.7941443,-80.1986473,"POLYGON((-80.1984480 25.7941590, -80.1988470 25.7941530, -80.1988465 25.7941296, -80.1984475 25.7941356, -80.1984480 25.7941590))",Northwest 19th Street,right,40.0,3,
Southwest 3rd Avenue (left),25.7590199,-80.2030059,"POLYGON((-80.2028403 25.7591489, -80.2031873 25.7589095, -80.2031715 25.7588909, -80.2028245 25.7591303, -80.2028403 25.7591489))",Southwest 3rd Avenue,left,43.8,4,
Southwest 3rd Avenue (right),25.7590855,-80.2030617,"POLYGON((-80.2028961 25.7592145, -80.2032431 25.7589751, -80.2032273 25.7589565, -80.2028803 25.7591959, -80.2028961 25.7592145))",Southwest 3rd Avenue,right,43.8,4,
Southwest 3rd Avenue (left),25.7586185,-80.2035902,"POLYGON((-80.2031874 25.7589094, -80.2040087 25.7583461, -80.2039929 25.7583275, -80.2031716 25.7588908, -80.2031874 25.7589094))",Southwest 3rd Avenue,left,103.5,13,
Southwest 3rd Avenue (right),25.7586842,-80.2036457,"POLYGON((-80.2032430 25.7589752, -80.2040643 25.7584119, -80.2040485 25.7583933, -80.2032272 25.7589566, -80.2032430 25.7589752))",Southwest 3rd Avenue,right,103.5,13,
Southwest 3rd Avenue (left),25.7580544,-80.2044110,"POLYGON((-80.2040086 25.7583462, -80.2048291 25.7577812, -80.2048134 25.7577627, -80.2039929 25.7583276, -80.2040086 25.7583462))",Southwest 3rd Avenue,left,103.5,13,
Southwest 3rd Avenue (right),25.7581201,-80.2044667,"POLYGON((-80.2040643 25.7584118, -80.2048848 25.7578469, -80.2048691 25.7578283, -80.2040486 25.7583933, -80.2040643 25.7584118))",Southwest 3rd Avenue,right,103.5,13,
Southwest 3rd Avenue (left),25.7574950,-80.2052214,"POLYGON((-80.2048290 25.7577813, -80.2056295 25.7572273, -80.2056137 25.7572088, -80.2048132 25.7577628, -80.2048290 25.7577813))",Southwest 3rd Avenue,left,101.2,12,
Southwest 3rd Avenue (right),25.7575606,-80.2052773,"POLYGON((-80.2048850 25.7578468, -80.2056855 25.7572928, -80.2056697 25.7572743, -80.2048692 25.7578283, -80.2048850 25.7578468))",Southwest 3rd Avenue,right,101.2,12,
Southwest 3rd Avenue (left),25.7569183,-80.2060627,"POLYGON((-80.2056854 25.7571893, -80.2064556 25.7566659, -80.2064400 25.7566473, -80.2056698 25.7571707, -80.2056854 25.7571893))",Southwest 3rd Avenue,left,96.7,12,
Southwest 3rd Avenue (right),25.7569843,-80.2061179,"POLYGON((-80.2057406 25.7572553, -80.2065108 25.7567319, -80.2064952 25.7567133, -80.2057250 25.7572367, -80.2057406 25.7572553))",Southwest 3rd Avenue,right,96.7,12,
Southwest 3rd Avenue (left),25.7563517,-80.2068857,"POLYGON((-80.2065224 25.7566193, -80.2072650 25.7561025, -80.2072491 25.7560841, -80.2065065 25.7566009, -80.2065224 25.7566193))",Southwest 3rd Avenue,left,94.1,11,
Southwest 3rd Avenue (right),25.7564171,-80.2069419,"POLYGON((-80.2065785 25.7566847, -80.2073211 25.7561679, -80.2073052 25.7561495, -80.2065626 25.7566663, -80.2065785 25.7566847))",Southwest 3rd Avenue,right,94.1,11,
Southwest 3rd Avenue (left),25.7557452,-80.2077632,"POLYGON((-80.2073580 25.7560397, -80.2081842 25.7554692, -80.2081684 25.7554506, -80.2073422 25.7560211, -80.2073580 25.7560397))",Southwest 3rd Avenue,left,104.4,13,
Southwest 3rd Avenue (right),25.7558107,-80.2078190,"POLYGON((-80.2074138 25.7561053, -80.2082400 25.7555348, -80.2082242 25.7555162, -80.2073980 25.7560867, -80.2074138 25.7561053))",Southwest 3rd Avenue,right,104.4,13,
Southwest 3rd Avenue (left),25.7595230,-80.2022764,"POLYGON((-80.2022045 25.7595876, -80.2023641 25.7594768, -80.2023483 25.7594583, -80.2021887 25.7595691, -80.2022045 25.7595876))",Southwest 3rd Avenue,left,20.2,0,
Southwest 3rd Avenue (right),25.7595884,-80.2023324,"POLYGON((-80.2022605 25.7596531, -80.2024201 25.7595423, -80.2024043 25.7595238, -80.2022447 25.7596346, -80.2022605 25.7596531))",Southwest 3rd Avenue,right,20.2,0,
Southwest 3rd Avenue (left),25.7593035,-80.2025944,"POLYGON((-80.2023642 25.7594768, -80.2028403 25.7591489, -80.2028246 25.7591303, -80.2023485 25.7594582, -80.2023642 25.7594768))",Southwest 3rd Avenue,left,60.1,6,
Southwest 3rd Avenue (right),25.7593692,-80.2026501,"POLYGON((-80.2024199 25.7595424, -80.2028960 25.7592145, -80.2028803 25.7591959, -80.2024042 25.7595238, -80.2024199 25.7595424))",Southwest 3rd Avenue,right,60.1,6,
Southwest 6th Street (left),25.7681971,-80.1946515,"POLYGON((-80.1943519 25.7682805, -80.1949578 25.7681363, -80.1949512 25.7681137, -80.1943453 25.7682579, -80.1943519 25.7682805))",Southwest 6th Street,left,62.8,7,
Southwest 6th Street (right),25.7682770,-80.1946750,"POLYGON((-80.1943753 25.7683604, -80.1949812 25.7682162, -80.1949746 25.7681936, -80.1943687 25.7683378, -80.1943753 25.7683604))",Southwest 6th Street,right,62.8,7,
way/132683355 (left),25.7638340,-80.1952722,"POLYGON((-80.1951883 25.7639199, -80.1953737 25.7637653, -80.1953561 25.7637481, -80.1951707 25.7639028, -80.1951883 25.7639199))",way/132683355,left,25.3,1,
way/132683355 (right),25.7638947,-80.1953345,"POLYGON((-80.1952506 25.7639806, -80.1954360 25.7638259, -80.1954184 25.7638088, -80.1952330 25.7639634, -80.1952506 25.7639806))",way/132683355,right,25.3,1,
Northwest 7th Street (left),25.7804337,-80.2076930,"POLYGON((-80.2075290 25.7804509, -80.2078580 25.7804398, -80.2078570 25.7804164, -80.2075280 25.7804275, -80.2075290 25.7804509))",Northwest 7th Street,left,33.0,2,
Northwest 7th Street (right),25.7805162,-80.2076964,"POLYGON((-80.2075324 25.7805335, -80.2078614 25.7805224, -80.2078604 25.7804990, -80.2075314 25.7805101, -80.2075324 25.7805335))",Northwest 7th Street,right,33.0,2,
Northwest 7th Street (left),25.7804496,-80.2072360,"POLYGON((-80.2069441 25.7804717, -80.2075289 25.7804509, -80.2075279 25.7804275, -80.2069431 25.7804483, -80.2069441 25.7804717))",Northwest 7th Street,left,58.7,6,
Northwest 7th Street (right),25.7805322,-80.2072396,"POLYGON((-80.2069477 25.7805543, -80.2075325 25.7805335, -80.2075315 25.7805101, -80.2069467 25.7805309, -80.2069477 25.7805543))",Northwest 7th Street,right,58.7,6,
Southwest 25th Road (left),25.7553995,-80.2067667,"POLYGON((-80.2072453 25.7559541, -80.2063088 25.7548308, -80.2062880 25.7548448, -80.2072245 25.7559681, -80.2072453 25.7559541))",Southwest 25th Road,left,156.4,21,
Southwest 25th Road (right),25.7553498,-80.2068400,"POLYGON((-80.2073187 25.7559045, -80.2063822 25.7547812, -80.2063614 25.7547952, -80.2072979 25.7559185, -80.2073187 25.7559045))",Southwest 25th Road,right,156.4,21,
Northeast 14th Street (left),25.7882934,-80.1895377,"POLYGON((-80.1899194 25.7882740, -80.1891554 25.7882893, -80.1891560 25.7883127, -80.1899200 25.7882974, -80.1899194 25.7882740))",Northeast 14th Street,left,76.6,9,
Northeast 14th Street (right),25.7882107,-80.1895357,"POLYGON((-80.1899174 25.7881914, -80.1891534 25.7882067, -80.1891540 25.7882301, -80.1899180 25.7882148, -80.1899174 25.7881914))",Northeast 14th Street,right,76.6,9,
Northwest 1st Place (left),25.7898330,-80.1983823,"POLYGON((-80.1983602 25.7895023, -80.1983785 25.7901644, -80.1984044 25.7901638, -80.1983861 25.7895017, -80.1983602 25.7895023))",Northwest 1st Place,left,73.7,8,
Northwest 1st Place (right),25.7898351,-80.1982906,"POLYGON((-80.1982685 25.7895043, -80.1982868 25.7901664, -80.1983127 25.7901658, -80.1982944 25.7895037, -80.1982685 25.7895043))",Northwest 1st Place,right,73.7,8,
Northwest 1st Place (left),25.7909601,-80.1984194,"POLYGON((-80.1983849 25.7903980, -80.1984279 25.7915230, -80.1984538 25.7915222, -80.1984108 25.7903972, -80.1983849 25.7903980))",Northwest 1st Place,left,125.3,16,
Northwest 1st Place (right),25.7909629,-80.1983276,"POLYGON((-80.1982932 25.7904008, -80.1983362 25.7915258, -80.1983621 25.7915250, -80.1983191 25.7904000, -80.1982932 25.7904008))",Northwest 1st Place,right,125.3,16,
Northwest 1st Place (left),25.7921690,-80.1984525,"POLYGON((-80.1984279 25.7915235, -80.1984512 25.7928149, -80.1984772 25.7928145, -80.1984539 25.7915231, -80.1984279 25.7915235))",Northwest 1st Place,left,143.8,19,
Northwest 1st Place (right),25.7921704,-80.1983608,"POLYGON((-80.1983361 25.7915249, -80.1983594 25.7928163, -80.1983854 25.7928159, -80.1983621 25.7915245, -80.1983361 25.7915249))",Northwest 1st Place,right,143.8,19,
Northwest 1st Place (left),25.7934599,-80.1984785,"POLYGON((-80.1984512 25.7928148, -80.1984799 25.7941054, -80.1985059 25.7941049, -80.1984772 25.7928143, -80.1984512 25.7928148))",Northwest 1st Place,left,143.7,19,
Northwest 1st Place (right),25.7934615,-80.1983868,"POLYGON((-80.1983594 25.7928165, -80.1983881 25.7941071, -80.1984141 25.7941066, -80.1983854 25.7928160, -80.1983594 25.7928165))",Northwest 1st Place,right,143.7,19,
Northwest 1st Place (left),25.7947622,-80.1985128,"POLYGON((-80.1984799 25.7941052, -80.1985198 25.7954198, -80.1985457 25.7954192, -80.1985058 25.7941046, -80.1984799 25.7941052))",Northwest 1st Place,left,146.4,19,
Northwest 1st Place (right),25.7947644,-80.1984211,"POLYGON((-80.1983882 25.7941074, -80.1984281 25.7954220, -80.1984540 25.7954214, -80.1984141 25.7941068, -80.1983882 25.7941074))",Northwest 1st Place,right,146.4,19,
Southwest 2nd Avenue (left),25.7709688,-80.1975634,"POLYGON((-80.1975845 25.7714361, -80.1975682 25.7705013, -80.1975423 25.7705016, -80.1975586 25.7714364, -80.1975845 25.7714361))",Southwest 2nd Avenue,left,104.1,13,
Southwest 2nd Avenue (right),25.7709676,-80.1976551,"POLYGON((-80.1976762 25.7714348, -80.1976599 25.7705000, -80.1976340 25.7705003, -80.1976503 25.7714351, -80.1976762 25.7714348))",Southwest 2nd Avenue,right,104.1,13,
Southwest 2nd Avenue (left),25.7655967,-80.1974411,"POLYGON((-80.1974176 25.7653287, -80.1974387 25.7658656, -80.1974646 25.7658647, -80.1974435 25.7653279, -80.1974176 25.7653287))",Southwest 2nd Avenue,left,59.8,6,
Southwest 2nd Avenue (right),25.7655997,-80.1973494,"POLYGON((-80.1973259 25.7653317, -80.1973470 25.7658685, -80.1973729 25.7658677, -80.1973518 25.7653308, -80.1973259 25.7653317))",Southwest 2nd Avenue,right,59.8,6,
Brickell Bay Drive (left),25.7610178,-80.1898314,"POLYGON((-80.1898170 25.7613741, -80.1898716 25.7606632, -80.1898457 25.7606616, -80.1897911 25.7613725, -80.1898170 25.7613741))",Brickell Bay Drive,left,79.3,9,
Brickell Bay Drive (right),25.7610236,-80.1899229,"POLYGON((-80.1899086 25.7613798, -80.1899632 25.7606689, -80.1899373 25.7606673, -80.1898827 25.7613782, -80.1899086 25.7613798))",Brickell Bay Drive,right,79.3,9,
Brickell Bay Drive (left),25.7602923,-80.1899419,"POLYGON((-80.1898718 25.7606632, -80.1900375 25.7599259, -80.1900120 25.7599213, -80.1898464 25.7606586, -80.1898718 25.7606632))",Brickell Bay Drive,left,83.7,10,
Brickell Bay Drive (right),25.7603086,-80.1900319,"POLYGON((-80.1899618 25.7606796, -80.1901274 25.7599423, -80.1901020 25.7599377, -80.1899363 25.7606750, -80.1899618 25.7606796))",Brickell Bay Drive,right,83.7,10,
Northeast 11th Street (left),25.7848151,-80.1903178,"POLYGON((-80.1900028 25.7848334, -80.1906333 25.7848203, -80.1906327 25.7847969, -80.1900022 25.7848100, -80.1900028 25.7848334))",Northeast 11th Street,left,63.2,7,
Northeast 11th Street (right),25.7848978,-80.1903199,"POLYGON((-80.1900050 25.7849160, -80.1906355 25.7849029, -80.1906349 25.7848795, -80.1900044 25.7848926, -80.1900050 25.7849160))",Northeast 11th Street,right,63.2,7,
Northwest 10th Street (left),25.7836625,-80.1993174,"POLYGON((-80.1997357 25.7836394, -80.1988983 25.7836621, -80.1988991 25.7836855, -80.1997365 25.7836628, -80.1997357 25.7836394))",Northwest 10th Street,left,84.0,10,
Northwest 10th Street (right),25.7835798,-80.1993146,"POLYGON((-80.1997329 25.7835568, -80.1988955 25.7835795, -80.1988963 25.7836029, -80.1997337 25.7835802, -80.1997329 25.7835568))",Northwest 10th Street,right,84.0,10,
Northwest 10th Street (left),25.7836887,-80.1984785,"POLYGON((-80.1988986 25.7836621, -80.1980573 25.7836920, -80.1980583 25.7837154, -80.1988996 25.7836855, -80.1988986 25.7836621))",Northwest 10th Street,left,84.4,10,
Northwest 10th Street (right),25.7836062,-80.1984748,"POLYGON((-80.1988950 25.7835795, -80.1980537 25.7836094, -80.1980547 25.7836328, -80.1988960 25.7836029, -80.1988950 25.7835795))",Northwest 10th Street,right,84.4,10,
Northwest 10th Street (left),25.7835040,-80.2049267,"POLYGON((-80.2067783 25.7834391, -80.2030742 25.7835454, -80.2030751 25.7835688, -80.2067791 25.7834625, -80.2067783 25.7834391))",Northwest 10th Street,left,371.5,53,
Northwest 10th Street (right),25.7834213,-80.2049237,"POLYGON((-80.2067753 25.7833565, -80.2030713 25.7834628, -80.2030721 25.7834862, -80.2067762 25.7833799, -80.2067753 25.7833565))",Northwest 10th Street,right,371.5,53,
Northwest 11th Street (left),25.7842277,-80.2072203,"POLYGON((-80.2067914 25.7843287, -80.2076551 25.7841494, -80.2076493 25.7841267, -80.2067856 25.7843059, -80.2067914 25.7843287))",Northwest 11th Street,left,88.8,10,
Northwest 11th Street (right),25.7843082,-80.2072410,"POLYGON((-80.2068120 25.7844092, -80.2076757 25.7842300, -80.2076699 25.7842072, -80.2068062 25.7843865, -80.2068120 25.7844092))",Northwest 11th Street,right,88.8,10,
Northwest 11th Street (left),25.7841095,-80.2081383,"POLYGON((-80.2076542 25.7841498, -80.2086241 25.7840924, -80.2086224 25.7840691, -80.2076525 25.7841265, -80.2076542 25.7841498))",Northwest 11th Street,left,97.4,12,
Northwest 11th Street (right),25.7841919,-80.2081444,"POLYGON((-80.2076603 25.7842323, -80.2086302 25.7841749, -80.2086285 25.7841516, -80.2076586 25.7842090, -80.2076603 25.7842323))",Northwest 11th Street,right,97.4,12,
Northwest 11th Street (left),25.7844752,-80.2014393,"POLYGON((-80.1997693 25.7845391, -80.2031101 25.7844346, -80.2031092 25.7844112, -80.1997684 25.7845157, -80.1997693 25.7845391))",Northwest 11th Street,left,335.1,47,
Northwest 11th Street (right),25.7845577,-80.2014424,"POLYGON((-80.1997725 25.7846217, -80.2031133 25.7845172, -80.2031124 25.7844938, -80.1997716 25.7845983, -80.1997725 25.7846217))",Northwest 11th Street,right,335.1,47,
Northwest 1st Avenue (left),25.7841982,-80.1959992,"POLYGON((-80.1959584 25.7837191, -80.1960140 25.7846786, -80.1960399 25.7846774, -80.1959843 25.7837179, -80.1959584 25.7837191))",Northwest 1st Avenue,left,107.0,13,
Northwest 1st Avenue (right),25.7842026,-80.1959075,"POLYGON((-80.1958668 25.7837234, -80.1959224 25.7846829, -80.1959483 25.7846817, -80.1958927 25.7837222, -80.1958668 25.7837234))",Northwest 1st Avenue,right,107.0,13,
Northwest 1st Avenue (left),25.7779654,-80.1952489,"POLYGON((-80.1953022 25.7789332, -80.1952216 25.7769968, -80.1951957 25.7769977, -80.1952763 25.7789341, -80.1953022 25.7789332))",Northwest 1st Avenue,left,215.7,29,
Northwest 1st Avenue (right),25.7779624,-80.1953407,"POLYGON((-80.1953939 25.7789301, -80.1953133 25.7769937, -80.1952874 25.7769946, -80.1953680 25.7789310, -80.1953939 25.7789301))",Northwest 1st Avenue,right,215.7,29,
Northwest 1st Avenue (left),25.7765579,-80.1951953,"POLYGON((-80.1952216 25.7769965, -80.1951949 25.7761187, -80.1951690 25.7761193, -80.1951957 25.7769972, -80.1952216 25.7769965))",Northwest 1st Avenue,left,97.8,12,
Northwest 1st Avenue (right),25.7765557,-80.1952870,"POLYGON((-80.1953133 25.7769943, -80.1952866 25.7761164, -80.1952607 25.7761171, -80.1952874 25.7769949, -80.1953133 25.7769943))",Northwest 1st Avenue,right,97.8,12,
Southwest 1st Avenue (left),25.7727181,-80.1955728,"POLYGON((-80.1955503 25.7724488, -80.1955694 25.7729883, -80.1955953 25.7729875, -80.1955762 25.7724480, -80.1955503 25.7724488))",Southwest 1st Avenue,left,60.1,6,
Southwest 1st Avenue (right),25.7727208,-80.1954811,"POLYGON((-80.1954586 25.7724514, -80.1954777 25.7729909, -80.1955036 25.7729901, -80.1954845 25.7724506, -80.1954586 25.7724514))",Southwest 1st Avenue,right,60.1,6,
Southwest 6th Street (left),25.7680074,-80.2033344,"POLYGON((-80.2024996 25.7680420, -80.2041700 25.7679963, -80.2041692 25.7679729, -80.2024988 25.7680186, -80.2024996 25.7680420))",Southwest 6th Street,left,167.5,22,
Southwest 6th Street (right),25.7680901,-80.2033372,"POLYGON((-80.2025024 25.7681246, -80.2041728 25.7680789, -80.2041720 25.7680555, -80.2025016 25.7681012, -80.2025024 25.7681246))",Southwest 6th Street,right,167.5,22,
Southwest 6th Street (left),25.7679720,-80.2045868,"POLYGON((-80.2041699 25.7679963, -80.2050045 25.7679710, -80.2050036 25.7679476, -80.2041690 25.7679729, -80.2041699 25.7679963))",Southwest 6th Street,left,83.7,10,
Southwest 6th Street (right),25.7680545,-80.2045898,"POLYGON((-80.2041730 25.7680789, -80.2050076 25.7680536, -80.2050067 25.7680302, -80.2041721 25.7680555, -80.2041730 25.7680789))",Southwest 6th Street,right,83.7,10,
Southwest 6th Street (left),25.7679462,-80.2054249,"POLYGON((-80.2050045 25.7679710, -80.2058463 25.7679448, -80.2058454 25.7679214, -80.2050036 25.7679476, -80.2050045 25.7679710))",Southwest 6th Street,left,84.4,10,
Southwest 6th Street (right),25.7680288,-80.2054281,"POLYGON((-80.2050076 25.7680536, -80.2058494 25.7680274, -80.2058485 25.7680040, -80.2050067 25.7680302, -80.2050076 25.7680536))",Southwest 6th Street,right,84.4,10,
Southwest 6th Street (left),25.7679216,-80.2062588,"POLYGON((-80.2058464 25.7679448, -80.2066720 25.7679218, -80.2066712 25.7678984, -80.2058456 25.7679214, -80.2058464 25.7679448))",Southwest 6th Street,left,82.8,10,
Southwest 6th Street (right),25.7680042,-80.2062616,"POLYGON((-80.2058492 25.7680274, -80.2066748 25.7680044, -80.2066740 25.7679810, -80.2058484 25.7680040, -80.2058492 25.7680274))",Southwest 6th Street,right,82.8,10,
Southwest 6th Street (left),25.7678975,-80.2070893,"POLYGON((-80.2066719 25.7679218, -80.2075075 25.7678966, -80.2075066 25.7678732, -80.2066710 25.7678984, -80.2066719 25.7679218))",Southwest 6th Street,left,83.8,10,
Southwest 6th Street (right),25.7679801,-80.2070923,"POLYGON((-80.2066750 25.7680044, -80.2075106 25.7679792, -80.2075097 25.7679558, -80.2066741 25.7679810, -80.2066750 25.7680044))",Southwest 6th Street,right,83.8,10,
Southwest 6th Street (left),25.7681029,-80.1999933,"POLYGON((-80.1991631 25.7681363, -80.2008242 25.7680929, -80.2008234 25.7680695, -80.1991624 25.7681129, -80.1991631 25.7681363))",Southwest 6th Street,left,166.6,22,
Southwest 6th Street (right),25.7681855,-80.1999959,"POLYGON((-80.1991658 25.7682189, -80.2008268 25.7681755, -80.2008261 25.7681521, -80.1991650 25.7681955, -80.1991658 25.7682189))",Southwest 6th Street,right,166.6,22,
Southwest 6th Street (left),25.7680558,-80.2016613,"POLYGON((-80.2008240 25.7680929, -80.2024995 25.7680420, -80.2024986 25.7680186, -80.2008231 25.7680695, -80.2008240 25.7680929))",Southwest 6th Street,left,168.1,22,
Southwest 6th Street (right),25.7681383,-80.2016644,"POLYGON((-80.2008271 25.7681755, -80.2025026 25.7681246, -80.2025017 25.7681012, -80.2008262 25.7681521, -80.2008271 25.7681755))",Southwest 6th Street,right,168.1,22,
Miamarina Parkway Drive (left),25.7775433,-80.1873327,"POLYGON((-80.1872020 25.7773592, -80.1874408 25.7777389, -80.1874634 25.7777274, -80.1872245 25.7773476, -80.1872020 25.7773592))",Miamarina Parkway Drive,left,48.6,4,
Miamarina Parkway Drive (right),25.7775840,-80.1872528,"POLYGON((-80.1871221 25.7773999, -80.1873610 25.7777797, -80.1873835 25.7777681, -80.1871447 25.7773884, -80.1871221 25.7773999))",Miamarina Parkway Drive,right,48.6,4,
Northeast 4th Street (left),25.7780013,-80.1925037,"POLYGON((-80.1920736 25.7780273, -80.1929347 25.7779987, -80.1929337 25.7779753, -80.1920726 25.7780039, -80.1920736 25.7780273))",Northeast 4th Street,left,86.4,10,
Northeast 4th Street (right),25.7780839,-80.1925070,"POLYGON((-80.1920770 25.7781099, -80.1929381 25.7780813, -80.1929371 25.7780579, -80.1920760 25.7780865, -80.1920770 25.7781099))",Northeast 4th Street,right,86.4,10,
way/161932701 (left),25.7799861,-80.1866218,"POLYGON((-80.1869632 25.7799612, -80.1862794 25.7799877, -80.1862805 25.7800111, -80.1869643 25.7799845, -80.1869632 25.7799612))",way/161932701,left,68.6,7,
way/161932701 (right),25.7799036,-80.1866179,"POLYGON((-80.1869592 25.7798786, -80.1862754 25.7799052, -80.1862765 25.7799285, -80.1869603 25.7799020, -80.1869592 25.7798786))",way/161932701,right,68.6,7,
way/161932715 (left),25.7800200,-80.1859993,"POLYGON((-80.1862867 25.7799872, -80.1857098 25.7800296, -80.1857119 25.7800529, -80.1862888 25.7800105, -80.1862867 25.7799872))",way/161932715,left,58.0,6,
way/161932715 (right),25.7799377,-80.1859918,"POLYGON((-80.1862792 25.7799048, -80.1857023 25.7799472, -80.1857044 25.7799705, -80.1862813 25.7799281, -80.1862792 25.7799048))",way/161932715,right,58.0,6,
way/161932716 (left),25.7799325,-80.1874508,"POLYGON((-80.1879361 25.7798805, -80.1869630 25.7799613, -80.1869654 25.7799845, -80.1879385 25.7799037, -80.1879361 25.7798805))",way/161932716,left,98.0,12,
way/161932716 (right),25.7798502,-80.1874423,"POLYGON((-80.1879277 25.7797982, -80.1869546 25.7798790, -80.1869570 25.7799022, -80.1879301 25.7798214, -80.1879277 25.7797982))",way/161932716,right,98.0,12,
way/161932724 (left),25.7799529,-80.1873103,"POLYGON((-80.1869669 25.7799023, -80.1876485 25.7800265, -80.1876536 25.7800036, -80.1869720 25.7798794, -80.1869669 25.7799023))",way/161932724,left,69.7,8,
way/161932724 (right),25.7800340,-80.1872920,"POLYGON((-80.1869487 25.7799833, -80.1876303 25.7801075, -80.1876354 25.7800846, -80.1869538 25.7799604, -80.1869487 25.7799833))",way/161932724,right,69.7,8,
Northwest North River Drive (left),25.7784934,-80.2062650,"POLYGON((-80.2063506 25.7785893, -80.2062011 25.7783846, -80.2061795 25.7783974, -80.2063289 25.7786021, -80.2063506 25.7785893))",Northwest North River Drive,left,27.3,1,
Northwest North River Drive (right),25.7784479,-80.2063417,"POLYGON((-80.2064272 25.7785439, -80.2062778 25.7783392, -80.2062561 25.7783520, -80.2064056 25.7785567, -80.2064272 25.7785439))",Northwest North River Drive,right,27.3,1,
Northwest North River Drive (left),25.7782400,-80.2060986,"POLYGON((-80.2059723 25.7781290, -80.2062055 25.7783664, -80.2062250 25.7783510, -80.2059917 25.7781135, -80.2059723 25.7781290))",Northwest North River Drive,left,35.3,2,
Northwest North River Drive (right),25.7782947,-80.2060299,"POLYGON((-80.2059035 25.7781837, -80.2061368 25.7784212, -80.2061562 25.7784057, -80.2059230 25.7781683, -80.2059035 25.7781837))",Northwest North River Drive,right,35.3,2,
North Bayshore Drive (left),25.7887039,-80.1877786,"POLYGON((-80.1879487 25.7882957, -80.1875845 25.7891034, -80.1876085 25.7891122, -80.1879728 25.7883044, -80.1879487 25.7882957))",North Bayshore Drive,left,97.1,12,
North Bayshore Drive (right),25.7886729,-80.1876936,"POLYGON((-80.1878637 25.7882646, -80.1874994 25.7890724, -80.1875235 25.7890811, -80.1878877 25.7882734, -80.1878637 25.7882646))",North Bayshore Drive,right,97.1,12,
North Bayshore Drive (left),25.7901120,-80.1871524,"POLYGON((-80.1872299 25.7895758, -80.1870492 25.7906447, -80.1870748 25.7906482, -80.1872556 25.7895793, -80.1872299 25.7895758))",North Bayshore Drive,left,120.4,15,
North Bayshore Drive (right),25.7900996,-80.1870616,"POLYGON((-80.1871392 25.7895634, -80.1869584 25.7906323, -80.1869841 25.7906358, -80.1871648 25.7895669, -80.1871392 25.7895634))",North Bayshore Drive,right,120.4,15,
North Bayshore Drive (left),25.7910805,-80.1870793,"POLYGON((-80.1870549 25.7906078, -80.1870777 25.7915538, -80.1871036 25.7915533, -80.1870808 25.7906072, -80.1870549 25.7906078))",North Bayshore Drive,left,105.3,13,
North Bayshore Drive (right),25.7910823,-80.1869875,"POLYGON((-80.1869632 25.7906095, -80.1869860 25.7915556, -80.1870119 25.7915550, -80.1869891 25.7906090, -80.1869632 25.7906095))",North Bayshore Drive,right,105.3,13,
North Miami Avenue (left),25.7794622,-80.1937546,"POLYGON((-80.1937838 25.7799438, -80.1937513 25.7789799, -80.1937254 25.7789806, -80.1937579 25.7799445, -80.1937838 25.7799438))",North Miami Avenue,left,107.3,13,
North Miami Avenue (right),25.7794597,-80.1938463,"POLYGON((-80.1938755 25.7799413, -80.1938430 25.7789774, -80.1938171 25.7789781, -80.1938496 25.7799420, -80.1938755 25.7799413))",North Miami Avenue,right,107.3,13,
Northeast 15th Street (left),25.7896064,-80.1858637,"POLYGON((-80.1854554 25.7896366, -80.1862732 25.7895995, -80.1862719 25.7895762, -80.1854541 25.7896133, -80.1854554 25.7896366))",Northeast 15th Street,left,82.1,9,
Northeast 15th Street (right),25.7896889,-80.1858683,"POLYGON((-80.1854601 25.7897191, -80.1862779 25.7896820, -80.1862766 25.7896587, -80.1854588 25.7896958, -80.1854601 25.7897191))",Northeast 15th Street,right,82.1,9,
Northeast 15th Street (left),25.7894814,-80.1902962,"POLYGON((-80.1890936 25.7895137, -80.1914994 25.7894725, -80.1914989 25.7894491, -80.1890931 25.7894903, -80.1890936 25.7895137))",Northeast 15th Street,left,241.2,33,
Northeast 15th Street (right),25.7895640,-80.1902980,"POLYGON((-80.1890953 25.7895963, -80.1915011 25.7895551, -80.1915006 25.7895317, -80.1890948 25.7895729, -80.1890953 25.7895963))",Northeast 15th Street,right,241.2,33,
Northeast 17th Terrace (left),25.7922789,-80.1874278,"POLYGON((-80.1876084 25.7923808, -80.1872623 25.7921580, -80.1872472 25.7921770, -80.1875933 25.7923998, -80.1876084 25.7923808))",Northeast 17th Terrace,left,42.6,4,
Northeast 17th Terrace (right),25.7922116,-80.1874812,"POLYGON((-80.1876618 25.7923135, -80.1873157 25.7920907, -80.1873006 25.7921097, -80.1876467 25.7923325, -80.1876618 25.7923135))",Northeast 17th Terrace,right,42.6,4,
Northeast 1st Street (left),25.7751537,-80.1911323,"POLYGON((-80.1902992 25.7751928, -80.1919663 25.7751379, -80.1919653 25.7751145, -80.1902982 25.7751694, -80.1902992 25.7751928))",Northeast 1st Street,left,167.2,22,
Northeast 1st Street (right),25.7752362,-80.1911356,"POLYGON((-80.1903026 25.7752754, -80.1919697 25.7752205, -80.1919687 25.7751971, -80.1903016 25.7752520, -80.1903026 25.7752754))",Northeast 1st Street,right,167.2,22,
Northeast 3rd Street (left),25.7771283,-80.1893346,"POLYGON((-80.1883065 25.7771685, -80.1903636 25.7771115, -80.1903628 25.7770881, -80.1883057 25.7771451, -80.1883065 25.7771685))",Northeast 3rd Street,left,206.3,28,
Northeast 3rd Street (right),25.7772109,-80.1893375,"POLYGON((-80.1883093 25.7772511, -80.1903664 25.7771941, -80.1903656 25.7771707, -80.1883085 25.7772277, -80.1883093 25.7772511))",Northeast 3rd Street,right,206.3,28,
Northwest 14th Street (left),25.7880170,-80.2008812,"POLYGON((-80.1999348 25.7880578, -80.2018284 25.7879995, -80.2018275 25.7879761, -80.1999339 25.7880344, -80.1999348 25.7880578))",Northwest 14th Street,left,189.9,26,
Northwest 14th Street (right),25.7880995,-80.2008843,"POLYGON((-80.1999380 25.7881404, -80.2018316 25.7880821, -80.2018307 25.7880587, -80.1999371 25.7881170, -80.1999380 25.7881404))",Northwest 14th Street,right,189.9,26,
Northwest 1st Avenue (left),25.7747511,-80.1955477,"POLYGON((-80.1955709 25.7750563, -80.1955504 25.7744453, -80.1955245 25.7744460, -80.1955450 25.7750570, -80.1955709 25.7750563))",Northwest 1st Avenue,left,68.0,7,
Northwest 1st Avenue (right),25.7747487,-80.1956394,"POLYGON((-80.1956626 25.7750538, -80.1956421 25.7744428, -80.1956162 25.7744435, -80.1956367 25.7750545, -80.1956626 25.7750538))",Northwest 1st Avenue,right,68.0,7,
Northwest 2nd Avenue (left),25.7793220,-80.1978523,"POLYGON((-80.1978783 25.7798148, -80.1978522 25.7788286, -80.1978263 25.7788292, -80.1978524 25.7798153, -80.1978783 25.7798148))",Northwest 2nd Avenue,left,109.8,14,
Northwest 2nd Avenue (right),25.7793200,-80.1979440,"POLYGON((-80.1979700 25.7798128, -80.1979439 25.7788267, -80.1979180 25.7788272, -80.1979441 25.7798134, -80.1979700 25.7798128))",Northwest 2nd Avenue,right,109.8,14,
Northwest 2nd Avenue (left),25.7783618,-80.1978233,"POLYGON((-80.1978522 25.7788292, -80.1978204 25.7778936, -80.1977945 25.7778943, -80.1978263 25.7788299, -80.1978522 25.7788292))",Northwest 2nd Avenue,left,104.2,13,
Northwest 2nd Avenue (right),25.7783592,-80.1979151,"POLYGON((-80.1979439 25.7788267, -80.1979121 25.7778911, -80.1978862 25.7778918, -80.1979180 25.7788274, -80.1979439 25.7788267))",Northwest 2nd Avenue,right,104.2,13,
Northwest 2nd Avenue (left),25.7774138,-80.1977932,"POLYGON((-80.1978204 25.7778938, -80.1977919 25.7769332, -80.1977660 25.7769338, -80.1977945 25.7778944, -80.1978204 25.7778938))",Northwest 2nd Avenue,left,107.0,13,
Northwest 2nd Avenue (right),25.7774116,-80.1978849,"POLYGON((-80.1979121 25.7778916, -80.1978836 25.7769310, -80.1978577 25.7769316, -80.1978862 25.7778922, -80.1979121 25.7778916))",Northwest 2nd Avenue,right,107.0,13,
Northwest 3rd Avenue (left),25.7884413,-80.2000001,"POLYGON((-80.1999689 25.7880860, -80.2000055 25.7887977, -80.2000314 25.7887967, -80.1999948 25.7880849, -80.1999689 25.7880860))",Northwest 3rd Avenue,left,79.3,9,
Northwest 3rd Avenue (right),25.7884452,-80.1999085,"POLYGON((-80.1998772 25.7880898, -80.1999138 25.7888016, -80.1999397 25.7888005, -80.1999031 25.7880888, -80.1998772 25.7880898))",Northwest 3rd Avenue,right,79.3,9,
Northwest 3rd Avenue (left),25.7891570,-80.2000277,"POLYGON((-80.2000055 25.7887984, -80.2000240 25.7895161, -80.2000499 25.7895156, -80.2000314 25.7887979, -80.2000055 25.7887984))",Northwest 3rd Avenue,left,79.9,9,
Northwest 3rd Avenue (right),25.7891589,-80.1999360,"POLYGON((-80.1999138 25.7888003, -80.1999323 25.7895180, -80.1999582 25.7895175, -80.1999397 25.7887998, -80.1999138 25.7888003))",Northwest 3rd Avenue,right,79.9,9,
Northwest 3rd Avenue (left),25.7898808,-80.2000405,"POLYGON((-80.2000240 25.7895165, -80.2000310 25.7902454, -80.2000570 25.7902451, -80.2000500 25.7895163, -80.2000240 25.7895165))",Northwest 3rd Avenue,left,81.1,9,
Northwest 3rd Avenue (right),25.7898816,-80.1999487,"POLYGON((-80.1999322 25.7895173, -80.1999392 25.7902461, -80.1999652 25.7902459, -80.1999582 25.7895170, -80.1999322 25.7895173))",Northwest 3rd Avenue,right,81.1,9,
Northwest 3rd Avenue (left),25.7905971,-80.2000525,"POLYGON((-80.2000310 25.7902450, -80.2000480 25.7909497, -80.2000739 25.7909491, -80.2000569 25.7902444, -80.2000310 25.7902450))",Northwest 3rd Avenue,left,78.5,9,
Northwest 3rd Avenue (right),25.7905988,-80.1999607,"POLYGON((-80.1999393 25.7902468, -80.1999563 25.7909515, -80.1999822 25.7909509, -80.1999652 25.7902462, -80.1999393 25.7902468))",Northwest 3rd Avenue,right,78.5,9,
Northwest 3rd Avenue (left),25.7913040,-80.2000703,"POLYGON((-80.2000480 25.7909495, -80.2000666 25.7916590, -80.2000925 25.7916584, -80.2000739 25.7909490, -80.2000480 25.7909495))",Northwest 3rd Avenue,left,79.0,9,
Northwest 3rd Avenue (right),25.7913059,-80.1999785,"POLYGON((-80.1999563 25.7909515, -80.1999749 25.7916609, -80.2000008 25.7916604, -80.1999822 25.7909509, -80.1999563 25.7909515))",Northwest 3rd Avenue,right,79.0,9,
South Miami Avenue (left),25.7677378,-80.1934236,"POLYGON((-80.1933737 25.7673721, -80.1934478 25.7681056, -80.1934736 25.7681035, -80.1933995 25.7673700, -80.1933737 25.7673721))",South Miami Avenue,left,82.0,9,
South Miami Avenue (right),25.7677453,-80.1933323,"POLYGON((-80.1932823 25.7673796, -80.1933564 25.7681131, -80.1933822 25.7681110, -80.1933081 25.7673775, -80.1932823 25.7673796))",South Miami Avenue,right,82.0,9,
Southeast 1st Avenue (left),25.7737804,-80.1919586,"POLYGON((-80.1919330 25.7733562, -80.1919583 25.7742052, -80.1919842 25.7742046, -80.1919589 25.7733556, -80.1919330 25.7733562))",Southeast 1st Avenue,left,94.5,11,
Southeast 1st Avenue (right),25.7737826,-80.1918669,"POLYGON((-80.1918413 25.7733584, -80.1918666 25.7742074, -80.1918925 25.7742068, -80.1918672 25.7733578, -80.1918413 25.7733584))",Southeast 1st Avenue,right,94.5,11,
Southeast 1st Street (left),25.7734057,-80.1916774,"POLYGON((-80.1919013 25.7733866, -80.1914525 25.7734014, -80.1914535 25.7734248, -80.1919023 25.7734100, -80.1919013 25.7733866))",Southeast 1st Street,left,45.0,4,
Southeast 1st Street (right),25.7733231,-80.1916740,"POLYGON((-80.1918979 25.7733040, -80.1914491 25.7733188, -80.1914501 25.7733422, -80.1918989 25.7733274, -80.1918979 25.7733040))",Southeast 1st Street,right,45.0,4,
Southeast 4th Street (left),25.7713858,-80.1925081,"POLYGON((-80.1930961 25.7713916, -80.1919210 25.7713566, -80.1919201 25.7713800, -80.1930952 25.7714150, -80.1930961 25.7713916))",Southeast 4th Street,left,117.9,15,
Southeast 4th Street (right),25.7713032,-80.1925111,"POLYGON((-80.1930991 25.7713090, -80.1919240 25.7712740, -80.1919231 25.7712974, -80.1930982 25.7713324, -80.1930991 25.7713090))",Southeast 4th Street,right,117.9,15,
Southwest 11th Street (left),25.7630262,-80.2089360,"POLYGON((-80.2087403 25.7630414, -80.2091322 25.7630345, -80.2091316 25.7630111, -80.2087397 25.7630180, -80.2087403 25.7630414))",Southwest 11th Street,left,39.3,3,
Southwest 11th Street (right),25.7631089,-80.2089377,"POLYGON((-80.2087421 25.7631240, -80.2091340 25.7631171, -80.2091334 25.7630937, -80.2087415 25.7631006, -80.2087421 25.7631240))",Southwest 11th Street,right,39.3,3,
Southwest 11th Street (left),25.7630060,-80.2097768,"POLYGON((-80.2091318 25.7630345, -80.2104226 25.7630009, -80.2104218 25.7629775, -80.2091311 25.7630111, -80.2091318 25.7630345))",Southwest 11th Street,left,129.5,17,
Southwest 11th Street (right),25.7630886,-80.2097795,"POLYGON((-80.2091345 25.7631171, -80.2104252 25.7630835, -80.2104245 25.7630601, -80.2091337 25.7630937, -80.2091345 25.7631171))",Southwest 11th Street,right,129.5,17,
Southwest 11th Street (left),25.7629484,-80.2123769,"POLYGON((-80.2104227 25.7630009, -80.2143318 25.7629194, -80.2143312 25.7628960, -80.2104221 25.7629775, -80.2104227 25.7630009))",Southwest 11th Street,left,392.0,56,
Southwest 11th Street (right),25.7630311,-80.2123791,"POLYGON((-80.2104248 25.7630835, -80.2143339 25.7630020, -80.2143333 25.7629786, -80.2104242 25.7630601, -80.2104248 25.7630835))",Southwest 11th Street,right,392.0,56,
Southwest 11th Street (left),25.7633413,-80.1981499,"POLYGON((-80.1973128 25.7633795, -80.1989879 25.7633264, -80.1989870 25.7633030, -80.1973119 25.7633561, -80.1973128 25.7633795))",Southwest 11th Street,left,168.0,22,
Southwest 11th Street (right),25.7634238,-80.1981531,"POLYGON((-80.1973160 25.7634621, -80.1989911 25.7634090, -80.1989902 25.7633856, -80.1973151 25.7634387, -80.1973160 25.7634621))",Southwest 11th Street,right,168.0,22,
Southwest 1st Court (left),25.7678306,-80.1958475,"POLYGON((-80.1958114 25.7673054, -80.1958577 25.7683566, -80.1958836 25.7683557, -80.1958373 25.7673045, -80.1958114 25.7673054))",Southwest 1st Court,left,117.1,15,
Southwest 1st Court (right),25.7678338,-80.1957558,"POLYGON((-80.1957197 25.7673087, -80.1957660 25.7683599, -80.1957919 25.7683590, -80.1957456 25.7673078, -80.1957197 25.7673087))",Southwest 1st Court,right,117.1,15,
Southwest 1st Avenue (left),25.7641469,-80.1957013,"POLYGON((-80.1956793 25.7639196, -80.1956974 25.7643749, -80.1957233 25.7643741, -80.1957052 25.7639188, -80.1956793 25.7639196))",Southwest 1st Avenue,left,50.7,5,
Southwest 1st Avenue (right),25.7641498,-80.1956096,"POLYGON((-80.1955876 25.7639226, -80.1956057 25.7643779, -80.1956316 25.7643771, -80.1956135 25.7639218, -80.1955876 25.7639226))",Southwest 1st Avenue,right,50.7,5,
Southwest 1st Avenue (left),25.7668214,-80.1957990,"POLYGON((-80.1957607 25.7663385, -80.1958114 25.7673054, -80.1958373 25.7673043, -80.1957866 25.7663374, -80.1957607 25.7663385))",Southwest 1st Avenue,left,107.8,13,
Southwest 1st Avenue (right),25.7668253,-80.1957073,"POLYGON((-80.1956690 25.7663424, -80.1957197 25.7673093, -80.1957456 25.7673082, -80.1956949 25.7663413, -80.1956690 25.7663424))",Southwest 1st Avenue,right,107.8,13,
Southwest 1st Avenue (left),25.7637113,-80.1951604,"POLYGON((-80.1951807 25.7639401, -80.1951661 25.7634818, -80.1951402 25.7634825, -80.1951548 25.7639407, -80.1951807 25.7639401))",Southwest 1st Avenue,left,51.0,5,
Southwest 1st Avenue (right),25.7637089,-80.1952522,"POLYGON((-80.1952724 25.7639377, -80.1952578 25.7634795, -80.1952319 25.7634801, -80.1952465 25.7639384, -80.1952724 25.7639377))",Southwest 1st Avenue,right,51.0,5,
Southwest 1st Avenue (left),25.7633633,-80.1951471,"POLYGON((-80.1951661 25.7634824, -80.1951539 25.7632433, -80.1951280 25.7632443, -80.1951402 25.7634834, -80.1951661 25.7634824))",Southwest 1st Avenue,left,26.6,1,
Southwest 1st Avenue (right),25.7633596,-80.1952387,"POLYGON((-80.1952578 25.7634786, -80.1952456 25.7632395, -80.1952197 25.7632405, -80.1952319 25.7634796, -80.1952578 25.7634786))",Southwest 1st Avenue,right,26.6,1,
Southwest 1st Street (left),25.7733102,-80.1949473,"POLYGON((-80.1955467 25.7732808, -80.1943469 25.7733162, -80.1943478 25.7733396, -80.1955476 25.7733042, -80.1955467 25.7732808))",Southwest 1st Street,left,120.3,15,
Southwest 1st Street (right),25.7732276,-80.1949442,"POLYGON((-80.1955437 25.7731982, -80.1943439 25.7732336, -80.1943448 25.7732570, -80.1955446 25.7732216, -80.1955437 25.7731982))",Southwest 1st Street,right,120.3,15,
Southwest 2nd Avenue (left),25.7619347,-80.1973076,"POLYGON((-80.1972899 25.7617960, -80.1972993 25.7620741, -80.1973252 25.7620734, -80.1973158 25.7617953, -80.1972899 25.7617960))",Southwest 2nd Avenue,left,31.0,2,
Southwest 2nd Avenue (right),25.7619372,-80.1972158,"POLYGON((-80.1971982 25.7617985, -80.1972076 25.7620766, -80.1972335 25.7620759, -80.1972241 25.7617978, -80.1971982 25.7617985))",Southwest 2nd Avenue,right,31.0,2,
Southwest 2nd Avenue (left),25.7638869,-80.1973776,"POLYGON((-80.1973469 25.7634081, -80.1973823 25.7643664, -80.1974082 25.7643656, -80.1973728 25.7634073, -80.1973469 25.7634081))",Southwest 2nd Avenue,left,106.7,13,
Southwest 2nd Avenue (right),25.7638896,-80.1972858,"POLYGON((-80.1972552 25.7634109, -80.1972906 25.7643692, -80.1973165 25.7643684, -80.1972811 25.7634101, -80.1972552 25.7634109))",Southwest 2nd Avenue,right,106.7,13,
Southwest 3rd Avenue (left),25.7617656,-80.1990201,"POLYGON((-80.1989236 25.7618548, -80.1991335 25.7616942, -80.1991167 25.7616764, -80.1989068 25.7618370, -80.1989236 25.7618548))",Southwest 3rd Avenue,left,27.6,1,
Southwest 3rd Avenue (right),25.7618286,-80.1990796,"POLYGON((-80.1989830 25.7619178, -80.1991929 25.7617572, -80.1991761 25.7617394, -80.1989662 25.7619000, -80.1989830 25.7619178))",Southwest 3rd Avenue,right,27.6,1,
Southwest 9th Street (left),25.7652739,-80.1979236,"POLYGON((-80.1973837 25.7653002, -80.1984643 25.7652711, -80.1984636 25.7652477, -80.1973829 25.7652768, -80.1973837 25.7653002))",Southwest 9th Street,left,108.4,13,
Southwest 9th Street (right),25.7653566,-80.1979264,"POLYGON((-80.1973864 25.7653828, -80.1984671 25.7653537, -80.1984663 25.7653303, -80.1973857 25.7653594, -80.1973864 25.7653828))",Southwest 9th Street,right,108.4,13,
Northwest 10th Street (left),25.7836000,-80.2015391,"POLYGON((-80.2030742 25.7835454, -80.2000032 25.7836311, -80.2000040 25.7836545, -80.2030750 25.7835688, -80.2030742 25.7835454))",Northwest 10th Street,left,308.0,43,
Northwest 10th Street (right),25.7835173,-80.2015363,"POLYGON((-80.2030714 25.7834628, -80.2000004 25.7835485, -80.2000012 25.7835719, -80.2030722 25.7834862, -80.2030714 25.7834628))",Northwest 10th Street,right,308.0,43,
Northwest 11th Street (left),25.7843987,-80.2039454,"POLYGON((-80.2031101 25.7844346, -80.2047814 25.7843862, -80.2047806 25.7843628, -80.2031093 25.7844112, -80.2031101 25.7844346))",Northwest 11th Street,left,167.6,22,
Northwest 11th Street (right),25.7844813,-80.2039483,"POLYGON((-80.2031131 25.7845172, -80.2047844 25.7844688, -80.2047836 25.7844454, -80.2031123 25.7844938, -80.2031131 25.7845172))",Northwest 11th Street,right,167.6,22,
Northwest 11th Street (left),25.7843528,-80.2055672,"POLYGON((-80.2047815 25.7843862, -80.2063538 25.7843428, -80.2063530 25.7843194, -80.2047807 25.7843628, -80.2047815 25.7843862))",Northwest 11th Street,left,157.7,21,
Northwest 11th Street (right),25.7844354,-80.2055701,"POLYGON((-80.2047843 25.7844688, -80.2063566 25.7844254, -80.2063558 25.7844020, -80.2047835 25.7844454, -80.2047843 25.7844688))",Northwest 11th Street,right,157.7,21,
Northwest 3rd Avenue (left),25.7840879,-80.1997985,"POLYGON((-80.1997676 25.7836088, -80.1998034 25.7845677, -80.1998293 25.7845669, -80.1997935 25.7836080, -80.1997676 25.7836088))",Northwest 3rd Avenue,left,106.8,13,
Northwest 3rd Avenue (right),25.7840906,-80.1997067,"POLYGON((-80.1996759 25.7836116, -80.1997117 25.7845705, -80.1997376 25.7845697, -80.1997018 25.7836108, -80.1996759 25.7836116))",Northwest 3rd Avenue,right,106.8,13,
Northwest 3rd Avenue (left),25.7944656,-80.2003022,"POLYGON((-80.2003443 25.7953584, -80.2002860 25.7935721, -80.2002601 25.7935727, -80.2003184 25.7953591, -80.2003443 25.7953584))",Northwest 3rd Avenue,left,198.9,27,
Northwest 3rd Avenue (right),25.7944631,-80.2003939,"POLYGON((-80.2004360 25.7953560, -80.2003777 25.7935696, -80.2003518 25.7935703, -80.2004101 25.7953566, -80.2004360 25.7953560))",Northwest 3rd Avenue,right,198.9,27,
Northwest 3rd Avenue (left),25.7927539,-80.2001529,"POLYGON((-80.2002839 25.7935002, -80.2000476 25.7920043, -80.2000219 25.7920076, -80.2002582 25.7935035, -80.2002839 25.7935002))",Northwest 3rd Avenue,left,168.2,22,
Northwest 3rd Avenue (right),25.7927423,-80.2002438,"POLYGON((-80.2003748 25.7934886, -80.2001385 25.7919927, -80.2001128 25.7919960, -80.2003491 25.7934919, -80.2003748 25.7934886))",Northwest 3rd Avenue,right,168.2,22,
Northwest 3rd Avenue (left),25.7847630,-80.1998245,"POLYGON((-80.1998034 25.7845676, -80.1998197 25.7849593, -80.1998456 25.7849584, -80.1998293 25.7845667, -80.1998034 25.7845676))",Northwest 3rd Avenue,left,43.6,4,
Northwest 3rd Avenue (right),25.7847661,-80.1997328,"POLYGON((-80.1997117 25.7845707, -80.1997280 25.7849624, -80.1997539 25.7849615, -80.1997376 25.7845698, -80.1997117 25.7845707))",Northwest 3rd Avenue,right,43.6,4,
Northwest 3rd Avenue (left),25.7854204,-80.1998544,"POLYGON((-80.1998197 25.7849591, -80.1998631 25.7858825, -80.1998890 25.7858816, -80.1998456 25.7849582, -80.1998197 25.7849591))",Northwest 3rd Avenue,left,102.9,13,
Northwest 3rd Avenue (right),25.7854238,-80.1997626,"POLYGON((-80.1997280 25.7849626, -80.1997714 25.7858860, -80.1997973 25.7858851, -80.1997539 25.7849617, -80.1997280 25.7849626))",Northwest 3rd Avenue,right,102.9,13,
Northwest 3rd Avenue (left),25.7863486,-80.1998974,"POLYGON((-80.1998631 25.7858826, -80.1999057 25.7868155, -80.1999316 25.7868145, -80.1998890 25.7858816, -80.1998631 25.7858826))",Northwest 3rd Avenue,left,103.9,13,
Northwest 3rd Avenue (right),25.7863519,-80.1998056,"POLYGON((-80.1997714 25.7858860, -80.1998140 25.7868189, -80.1998399 25.7868179, -80.1997973 25.7858850, -80.1997714 25.7858860))",Northwest 3rd Avenue,right,103.9,13,
Northwest 3rd Avenue (left),25.7874502,-80.1999502,"POLYGON((-80.1999057 25.7868154, -80.1999689 25.7880861, -80.1999948 25.7880850, -80.1999316 25.7868143, -80.1999057 25.7868154))",Northwest 3rd Avenue,left,141.6,18,
Northwest 3rd Avenue (right),25.7874539,-80.1998586,"POLYGON((-80.1998140 25.7868191, -80.1998772 25.7880898, -80.1999031 25.7880887, -80.1998399 25.7868180, -80.1998140 25.7868191))",Northwest 3rd Avenue,right,141.6,18,
Northwest 5th Avenue (left),25.7791813,-80.2028693,"POLYGON((-80.2029003 25.7796592, -80.2028643 25.7787026, -80.2028384 25.7787034, -80.2028744 25.7796600, -80.2029003 25.7796592))",Northwest 5th Avenue,left,106.6,13,
Northwest 5th Avenue (right),25.7791785,-80.2029611,"POLYGON((-80.2029920 25.7796564, -80.2029560 25.7786998, -80.2029301 25.7787006, -80.2029661 25.7796572, -80.2029920 25.7796564))",Northwest 5th Avenue,right,106.6,13,
Northwest 5th Avenue (left),25.7782201,-80.2028328,"POLYGON((-80.2028643 25.7787026, -80.2028273 25.7777368, -80.2028014 25.7777376, -80.2028384 25.7787034, -80.2028643 25.7787026))",Northwest 5th Avenue,left,107.6,13,
Northwest 5th Avenue (right),25.7782173,-80.2029246,"POLYGON((-80.2029560 25.7786998, -80.2029190 25.7777340, -80.2028931 25.7777348, -80.2029301 25.7787006, -80.2029560 25.7786998))",Northwest 5th Avenue,right,107.6,13,
Northwest 5th Avenue (left),25.7839915,-80.2030463,"POLYGON((-80.2030783 25.7844653, -80.2030403 25.7835168, -80.2030144 25.7835177, -80.2030524 25.7844661, -80.2030783 25.7844653))",Northwest 5th Avenue,left,105.7,13,
Northwest 5th Avenue (right),25.7839885,-80.2031381,"POLYGON((-80.2031700 25.7844623, -80.2031320 25.7835139, -80.2031061 25.7835147, -80.2031441 25.7844632, -80.2031700 25.7844623))",Northwest 5th Avenue,right,105.7,13,
Southeast 1st Street (left),25.7734728,-80.1898662,"POLYGON((-80.1902416 25.7734380, -80.1894891 25.7734843, -80.1894909 25.7735076, -80.1902433 25.7734613, -80.1902416 25.7734380))",Southeast 1st Street,left,75.6,9,
Southeast 1st Street (right),25.7733903,-80.1898600,"POLYGON((-80.1902353 25.7733555, -80.1894829 25.7734018, -80.1894846 25.7734251, -80.1902371 25.7733788, -80.1902353 25.7733555))",Southeast 1st Street,right,75.6,9,
Southeast 3rd Avenue (left),25.7730399,-80.1890171,"POLYGON((-80.1889916 25.7726082, -80.1890166 25.7734722, -80.1890425 25.7734716, -80.1890175 25.7726076, -80.1889916 25.7726082))",Southeast 3rd Avenue,left,96.2,12,
Southeast 3rd Avenue (right),25.7730420,-80.1889253,"POLYGON((-80.1888999 25.7726103, -80.1889249 25.7734743, -80.1889508 25.7734737, -80.1889258 25.7726097, -80.1888999 25.7726103))",Southeast 3rd Avenue,right,96.2,12,
West Flagler Street (left),25.7740328,-80.1962672,"POLYGON((-80.1960153 25.7740503, -80.1965198 25.7740387, -80.1965191 25.7740153, -80.1960147 25.7740269, -80.1960153 25.7740503))",West Flagler Street,left,50.6,5,
West Flagler Street (right),25.7741154,-80.1962696,"POLYGON((-80.1960177 25.7741329, -80.1965221 25.7741213, -80.1965215 25.7740979, -80.1960170 25.7741095, -80.1960177 25.7741329))",West Flagler Street,right,50.6,5,
Northeast 19th Street (left),25.7948924,-80.1886198,"POLYGON((-80.1890190 25.7948717, -80.1882199 25.7948897, -80.1882206 25.7949131, -80.1890197 25.7948951, -80.1890190 25.7948717))",Northeast 19th Street,left,80.1,9,
Northeast 19th Street (right),25.7948098,-80.1886175,"POLYGON((-80.1890167 25.7947891, -80.1882176 25.7948071, -80.1882183 25.7948305, -80.1890174 25.7948125, -80.1890167 25.7947891))",Northeast 19th Street,right,80.1,9,
Northeast 19th Street (left),25.7948898,-80.1879774,"POLYGON((-80.1882210 25.7948899, -80.1877352 25.7948663, -80.1877338 25.7948896, -80.1882196 25.7949132, -80.1882210 25.7948899))",Northeast 19th Street,left,48.8,5,
Northeast 19th Street (right),25.7948072,-80.1879823,"POLYGON((-80.1882259 25.7948074, -80.1877401 25.7947838, -80.1877387 25.7948071, -80.1882245 25.7948307, -80.1882259 25.7948074))",Northeast 19th Street,right,48.8,5,
South Miami Avenue (left),25.7722974,-80.1934863,"POLYGON((-80.1935064 25.7725226, -80.1934922 25.7720714, -80.1934663 25.7720721, -80.1934805 25.7725233, -80.1935064 25.7725226))",South Miami Avenue,left,50.2,5,
South Miami Avenue (right),25.7722950,-80.1935781,"POLYGON((-80.1935981 25.7725203, -80.1935839 25.7720691, -80.1935580 25.7720698, -80.1935722 25.7725210, -80.1935981 25.7725203))",South Miami Avenue,right,50.2,5,
Southwest 1st Avenue (left),25.7658729,-80.1952452,"POLYGON((-80.1952735 25.7663596, -80.1952428 25.7653856, -80.1952169 25.7653863, -80.1952476 25.7663602, -80.1952735 25.7663596))",Southwest 1st Avenue,left,108.5,13,
Southwest 1st Avenue (right),25.7658706,-80.1953369,"POLYGON((-80.1953652 25.7663572, -80.1953345 25.7653833, -80.1953086 25.7653839, -80.1953393 25.7663579, -80.1953652 25.7663572))",Southwest 1st Avenue,right,108.5,13,
Northwest North River Drive (left),25.7786844,-80.2063846,"POLYGON((-80.2064462 25.7787758, -80.2063465 25.7785832, -80.2063230 25.7785931, -80.2064227 25.7787857, -80.2064462 25.7787758))",Northwest North River Drive,left,23.7,1,
Northwest North River Drive (right),25.7786496,-80.2064678,"POLYGON((-80.2065294 25.7787409, -80.2064297 25.7785483, -80.2064062 25.7785582, -80.2065059 25.7787508, -80.2065294 25.7787409))",Northwest North River Drive,right,23.7,1,
Southwest North River Drive (left),25.7718936,-80.1990374,"POLYGON((-80.1994168 25.7723331, -80.1986788 25.7714402, -80.1986580 25.7714541, -80.1993960 25.7723471, -80.1994168 25.7723331))",Southwest North River Drive,left,123.9,16,
Southwest North River Drive (right),25.7718443,-80.1991110,"POLYGON((-80.1994904 25.7722838, -80.1987524 25.7713908, -80.1987316 25.7714048, -80.1994696 25.7722977, -80.1994904 25.7722838))",Southwest North River Drive,right,123.9,16,
Northeast 14th Street (left),25.7883876,-80.1919232,"POLYGON((-80.1923610 25.7883634, -80.1914844 25.7883884, -80.1914853 25.7884118, -80.1923619 25.7883868, -80.1923610 25.7883634))",Northeast 14th Street,left,87.9,10,
Northeast 14th Street (right),25.7883050,-80.1919202,"POLYGON((-80.1923581 25.7882808, -80.1914815 25.7883058, -80.1914824 25.7883292, -80.1923590 25.7883042, -80.1923581 25.7882808))",Northeast 14th Street,right,87.9,10,
Northeast 14th Street (left),25.7883761,-80.1910618,"POLYGON((-80.1914843 25.7883886, -80.1906409 25.7883404, -80.1906393 25.7883637, -80.1914827 25.7884119, -80.1914843 25.7883886))",Northeast 14th Street,left,84.7,10,
Northeast 14th Street (right),25.7882937,-80.1910676,"POLYGON((-80.1914901 25.7883061, -80.1906467 25.7882579, -80.1906451 25.7882812, -80.1914885 25.7883294, -80.1914901 25.7883061))",Northeast 14th Street,right,84.7,10,
Northwest 2nd Avenue (left),25.7743578,-80.1976763,"POLYGON((-80.1976987 25.7746808, -80.1976799 25.7740342, -80.1976540 25.7740348, -80.1976728 25.7746814, -80.1976987 25.7746808))",Northwest 2nd Avenue,left,72.0,8,
Northwest 2nd Avenue (right),25.7743556,-80.1977681,"POLYGON((-80.1977904 25.7746786, -80.1977716 25.7740320, -80.1977457 25.7740326, -80.1977645 25.7746792, -80.1977904 25.7746786))",Northwest 2nd Avenue,right,72.0,8,
Northwest 2nd Avenue (left),25.7755223,-80.1978235,"POLYGON((-80.1977943 25.7750820, -80.1978268 25.7759634, -80.1978527 25.7759626, -80.1978202 25.7750812, -80.1977943 25.7750820))",Northwest 2nd Avenue,left,98.2,12,
Northwest 2nd Avenue (right),25.7755251,-80.1977318,"POLYGON((-80.1977026 25.7750848, -80.1977351 25.7759662, -80.1977610 25.7759654, -80.1977285 25.7750840, -80.1977026 25.7750848))",Northwest 2nd Avenue,right,98.2,12,
Northwest 3rd Street (left),25.7770026,-80.1967165,"POLYGON((-80.1970155 25.7769816, -80.1964166 25.7770002, -80.1964175 25.7770236, -80.1970164 25.7770050, -80.1970155 25.7769816))",Northwest 3rd Street,left,60.1,6,
Northwest 3rd Street (right),25.7769200,-80.1967134,"POLYGON((-80.1970124 25.7768990, -80.1964135 25.7769176, -80.1964144 25.7769410, -80.1970133 25.7769224, -80.1970124 25.7768990))",Northwest 3rd Street,right,60.1,6,
Northwest 3rd Street (left),25.7770245,-80.1958361,"POLYGON((-80.1964163 25.7770002, -80.1952553 25.7770253, -80.1952559 25.7770487, -80.1964169 25.7770236, -80.1964163 25.7770002))",Northwest 3rd Street,left,116.4,15,
Northwest 3rd Street (right),25.7769418,-80.1958339,"POLYGON((-80.1964141 25.7769176, -80.1952531 25.7769427, -80.1952537 25.7769661, -80.1964147 25.7769410, -80.1964141 25.7769176))",Northwest 3rd Street,right,116.4,15,
Southwest 2nd Avenue (left),25.7669971,-80.1974104,"POLYGON((-80.1974418 25.7672597, -80.1974049 25.7667330, -80.1973791 25.7667345, -80.1974159 25.7672612, -80.1974418 25.7672597))",Southwest 2nd Avenue,left,58.7,6,
Southwest 2nd Avenue (right),25.7669919,-80.1975020,"POLYGON((-80.1975333 25.7672545, -80.1974965 25.7667278, -80.1974706 25.7667293, -80.1975075 25.7672560, -80.1975333 25.7672545))",Southwest 2nd Avenue,right,58.7,6,
Southwest 2nd Avenue (left),25.7660066,-80.1974580,"POLYGON((-80.1974406 25.7659106, -80.1974495 25.7661037, -80.1974754 25.7661027, -80.1974665 25.7659096, -80.1974406 25.7659106))",Southwest 2nd Avenue,left,21.5,0,
Southwest 2nd Avenue (right),25.7660101,-80.1973663,"POLYGON((-80.1973489 25.7659140, -80.1973578 25.7661071, -80.1973837 25.7661061, -80.1973748 25.7659130, -80.1973489 25.7659140))",Southwest 2nd Avenue,right,21.5,0,
West Flagler Street (left),25.7740672,-80.1951248,"POLYGON((-80.1946798 25.7740932, -80.1955707 25.7740646, -80.1955698 25.7740412, -80.1946789 25.7740698, -80.1946798 25.7740932))",West Flagler Street,left,89.4,11,
West Flagler Street (right),25.7741498,-80.1951281,"POLYGON((-80.1946831 25.7741758, -80.1955740 25.7741472, -80.1955731 25.7741238, -80.1946822 25.7741524, -80.1946831 25.7741758))",West Flagler Street,right,89.4,11,
Herald Plaza (left),25.7889670,-80.1865644,"POLYGON((-80.1865258 25.7883184, -80.1865770 25.7896163, -80.1866029 25.7896155, -80.1865517 25.7883176, -80.1865258 25.7883184))",Herald Plaza,left,144.6,19,
Herald Plaza (right),25.7889699,-80.1864726,"POLYGON((-80.1864341 25.7883214, -80.1864853 25.7896193, -80.1865112 25.7896185, -80.1864600 25.7883206, -80.1864341 25.7883214))",Herald Plaza,right,144.6,19,
Northeast 3rd Street (left),25.7770768,-80.1912005,"POLYGON((-80.1903636 25.7771115, -80.1920382 25.7770655, -80.1920374 25.7770421, -80.1903628 25.7770881, -80.1903636 25.7771115))",Northeast 3rd Street,left,167.9,22,
Northeast 3rd Street (right),25.7771594,-80.1912033,"POLYGON((-80.1903664 25.7771941, -80.1920410 25.7771481, -80.1920402 25.7771247, -80.1903656 25.7771707, -80.1903664 25.7771941))",Northeast 3rd Street,right,167.9,22,
Northeast 3rd Street (left),25.7770256,-80.1928785,"POLYGON((-80.1920380 25.7770655, -80.1937201 25.7770091, -80.1937191 25.7769857, -80.1920370 25.7770421, -80.1920380 25.7770655))",Northeast 3rd Street,left,168.7,22,
Northeast 3rd Street (right),25.7771082,-80.1928820,"POLYGON((-80.1920414 25.7771481, -80.1937235 25.7770917, -80.1937225 25.7770683, -80.1920404 25.7771247, -80.1920414 25.7771481))",Northeast 3rd Street,right,168.7,22,
Northwest 1st Avenue (left),25.7832437,-80.1958693,"POLYGON((-80.1958927 25.7837222, -80.1958718 25.7827647, -80.1958459 25.7827651, -80.1958668 25.7837226, -80.1958927 25.7837222))",Northwest 1st Avenue,left,106.6,13,
Northwest 1st Avenue (right),25.7832420,-80.1959610,"POLYGON((-80.1959844 25.7837206, -80.1959635 25.7827631, -80.1959376 25.7827635, -80.1959585 25.7837210, -80.1959844 25.7837206))",Northwest 1st Avenue,right,106.6,13,
Northwest 1st Avenue (left),25.7822823,-80.1958350,"POLYGON((-80.1958718 25.7827654, -80.1958241 25.7817981, -80.1957982 25.7817992, -80.1958459 25.7827665, -80.1958718 25.7827654))",Northwest 1st Avenue,left,107.8,13,
Northwest 1st Avenue (right),25.7822786,-80.1959267,"POLYGON((-80.1959635 25.7827617, -80.1959158 25.7817944, -80.1958899 25.7817955, -80.1959376 25.7827628, -80.1959635 25.7827617))",Northwest 1st Avenue,right,107.8,13,
Northwest 1st Avenue (left),25.7808391,-80.1955696,"POLYGON((-80.1953340 25.7798732, -80.1957798 25.7818097, -80.1958052 25.7818050, -80.1953594 25.7798684, -80.1953340 25.7798732))",Northwest 1st Avenue,left,220.2,30,
Northwest 1st Avenue (right),25.7808558,-80.1954798,"POLYGON((-80.1952442 25.7798899, -80.1956900 25.7818265, -80.1957154 25.7818217, -80.1952696 25.7798852, -80.1952442 25.7798899))",Northwest 1st Avenue,right,220.2,30,
Northwest 8th Street (left),25.7817024,-80.2003651,"POLYGON((-80.2004669 25.7816889, -80.2002627 25.7816925, -80.2002633 25.7817159, -80.2004675 25.7817123, -80.2004669 25.7816889))",Northwest 8th Street,left,20.5,0,
Northwest 8th Street (right),25.7816198,-80.2003633,"POLYGON((-80.2004651 25.7816063, -80.2002609 25.7816099, -80.2002615 25.7816333, -80.2004657 25.7816297, -80.2004651 25.7816063))",Northwest 8th Street,right,20.5,0,
Northwest 8th Street (left),25.7817405,-80.1988380,"POLYGON((-80.1996881 25.7817050, -80.1979871 25.7817525, -80.1979879 25.7817759, -80.1996889 25.7817284, -80.1996881 25.7817050))",Northwest 8th Street,left,170.6,23,
Northwest 8th Street (right),25.7816578,-80.1988352,"POLYGON((-80.1996853 25.7816224, -80.1979843 25.7816699, -80.1979851 25.7816933, -80.1996861 25.7816458, -80.1996853 25.7816224))",Northwest 8th Street,right,170.6,23,
Northeast 8th Street (left),25.7820298,-80.1894187,"POLYGON((-80.1895460 25.7820194, -80.1892917 25.7820168, -80.1892914 25.7820402, -80.1895457 25.7820428, -80.1895460 25.7820194))",Northeast 8th Street,left,25.5,1,
Northeast 8th Street (right),25.7819472,-80.1894198,"POLYGON((-80.1895471 25.7819368, -80.1892928 25.7819342, -80.1892925 25.7819576, -80.1895468 25.7819602, -80.1895471 25.7819368))",Northeast 8th Street,right,25.5,1,
Northwest 17th Street (left),25.7915572,-80.2044166,"POLYGON((-80.2042913 25.7915731, -80.2045429 25.7915647, -80.2045419 25.7915413, -80.2042903 25.7915497, -80.2042913 25.7915731))",Northwest 17th Street,left,25.2,1,
Northwest 17th Street (right),25.7916398,-80.2044200,"POLYGON((-80.2042947 25.7916557, -80.2045463 25.7916473, -80.2045453 25.7916239, -80.2042937 25.7916323, -80.2042947 25.7916557))",Northwest 17th Street,right,25.2,1,
Northwest 19th Street (left),25.7935389,-80.2036881,"POLYGON((-80.2041571 25.7935460, -80.2032203 25.7935085, -80.2032192 25.7935319, -80.2041559 25.7935693, -80.2041571 25.7935460))",Northwest 19th Street,left,94.0,11,
Northwest 19th Street (right),25.7934564,-80.2036922,"POLYGON((-80.2041611 25.7934634, -80.2032244 25.7934260, -80.2032232 25.7934493, -80.2041600 25.7934868, -80.2041611 25.7934634))",Northwest 19th Street,right,94.0,11,
Northwest 19th Street (left),25.7935193,-80.2019007,"POLYGON((-80.2024198 25.7935106, -80.2013818 25.7935046, -80.2013816 25.7935280, -80.2024196 25.7935340, -80.2024198 25.7935106))",Northwest 19th Street,left,104.0,13,
Northwest 19th Street (right),25.7934367,-80.2019013,"POLYGON((-80.2024204 25.7934280, -80.2013824 25.7934220, -80.2013822 25.7934454, -80.2024202 25.7934514, -80.2024204 25.7934280))",Northwest 19th Street,right,104.0,13,
Northwest 19th Street (left),25.7935266,-80.2008502,"POLYGON((-80.2013827 25.7935046, -80.2003171 25.7935251, -80.2003177 25.7935485, -80.2013833 25.7935280, -80.2013827 25.7935046))",Northwest 19th Street,left,106.8,13,
Northwest 19th Street (right),25.7934439,-80.2008482,"POLYGON((-80.2013807 25.7934220, -80.2003151 25.7934425, -80.2003157 25.7934659, -80.2013813 25.7934454, -80.2013807 25.7934220))",Northwest 19th Street,right,106.8,13,
Northwest 2nd Avenue (left),25.7822082,-80.1980454,"POLYGON((-80.1980190 25.7817222, -80.1980458 25.7826949, -80.1980717 25.7826943, -80.1980449 25.7817216, -80.1980190 25.7817222))",Northwest 2nd Avenue,left,108.3,13,
Northwest 2nd Avenue (right),25.7822103,-80.1979536,"POLYGON((-80.1979273 25.7817242, -80.1979541 25.7826969, -80.1979800 25.7826963, -80.1979532 25.7817236, -80.1979273 25.7817242))",Northwest 2nd Avenue,right,108.3,13,
Northwest 2nd Avenue (left),25.7802900,-80.1979804,"POLYGON((-80.1979441 25.7798124, -80.1979908 25.7807687, -80.1980167 25.7807676, -80.1979700 25.7798114, -80.1979441 25.7798124))",Northwest 2nd Avenue,left,106.6,13,
Northwest 2nd Avenue (right),25.7802937,-80.1978887,"POLYGON((-80.1978524 25.7798161, -80.1978991 25.7807723, -80.1979250 25.7807713, -80.1978783 25.7798150, -80.1978524 25.7798161))",Northwest 2nd Avenue,right,106.6,13,
Northwest 2nd Avenue (left),25.7812453,-80.1980179,"POLYGON((-80.1979908 25.7807691, -80.1980190 25.7817222, -80.1980449 25.7817215, -80.1980167 25.7807684, -80.1979908 25.7807691))",Northwest 2nd Avenue,left,106.1,13,
Northwest 2nd Avenue (right),25.7812475,-80.1979261,"POLYGON((-80.1978991 25.7807713, -80.1979273 25.7817244, -80.1979532 25.7817237, -80.1979250 25.7807706, -80.1978991 25.7807713))",Northwest 2nd Avenue,right,106.1,13,
Northwest 4th Court (left),25.7938046,-80.2024752,"POLYGON((-80.2024529 25.7934802, -80.2024716 25.7941296, -80.2024975 25.7941290, -80.2024788 25.7934796, -80.2024529 25.7934802))",Northwest 4th Court,left,72.3,8,
Northwest 4th Court (right),25.7938068,-80.2023835,"POLYGON((-80.2023612 25.7934824, -80.2023799 25.7941318, -80.2024058 25.7941312, -80.2023871 25.7934818, -80.2023612 25.7934824))",Northwest 4th Court,right,72.3,8,
Northwest 4th Court (left),25.7943906,-80.2024921,"POLYGON((-80.2024716 25.7941296, -80.2024867 25.7946522, -80.2025126 25.7946515, -80.2024975 25.7941290, -80.2024716 25.7941296))",Northwest 4th Court,left,58.2,6,
Northwest 4th Court (right),25.7943927,-80.2024004,"POLYGON((-80.2023799 25.7941318, -80.2023950 25.7946543, -80.2024209 25.7946537, -80.2024058 25.7941311, -80.2023799 25.7941318))",Northwest 4th Court,right,58.2,6,
Northwest 4th Court (left),25.7949745,-80.2025075,"POLYGON((-80.2024867 25.7946522, -80.2025023 25.7952973, -80.2025283 25.7952968, -80.2025127 25.7946517, -80.2024867 25.7946522))",Northwest 4th Court,left,71.8,8,
Northwest 4th Court (right),25.7949763,-80.2024157,"POLYGON((-80.2023949 25.7946540, -80.2024105 25.7952991, -80.2024365 25.7952986, -80.2024209 25.7946535, -80.2023949 25.7946540))",Northwest 4th Court,right,71.8,8,
Northwest 5th Avenue (left),25.7811040,-80.2029400,"POLYGON((-80.2029720 25.7815828, -80.2029339 25.7806244, -80.2029080 25.7806252, -80.2029461 25.7815836, -80.2029720 25.7815828))",Northwest 5th Avenue,left,106.8,13,
Northwest 5th Avenue (right),25.7811010,-80.2030317,"POLYGON((-80.2030637 25.7815798, -80.2030256 25.7806214, -80.2029997 25.7806222, -80.2030378 25.7815806, -80.2030637 25.7815798))",Northwest 5th Avenue,right,106.8,13,
Northwest 5th Avenue (left),25.7801420,-80.2029041,"POLYGON((-80.2029339 25.7806242, -80.2029003 25.7796591, -80.2028744 25.7796599, -80.2029080 25.7806250, -80.2029339 25.7806242))",Northwest 5th Avenue,left,107.5,13,
Northwest 5th Avenue (right),25.7801395,-80.2029959,"POLYGON((-80.2030256 25.7806216, -80.2029920 25.7796565, -80.2029661 25.7796573, -80.2029997 25.7806224, -80.2030256 25.7806216))",Northwest 5th Avenue,right,107.5,13,
Northwest 8th Street (left),25.7816022,-80.2009960,"POLYGON((-80.2006648 25.7816245, -80.2013280 25.7816033, -80.2013271 25.7815799, -80.2006639 25.7816011, -80.2006648 25.7816245))",Northwest 8th Street,left,66.5,7,
Northwest 8th Street (right),25.7816848,-80.2009992,"POLYGON((-80.2006681 25.7817071, -80.2013313 25.7816859, -80.2013304 25.7816625, -80.2006672 25.7816837, -80.2006681 25.7817071))",Northwest 8th Street,right,66.5,7,
Northwest 8th Street (left),25.7815660,-80.2021655,"POLYGON((-80.2013281 25.7816033, -80.2030038 25.7815521, -80.2030029 25.7815287, -80.2013272 25.7815799, -80.2013281 25.7816033))",Northwest 8th Street,left,168.1,22,
Northwest 8th Street (right),25.7816486,-80.2021686,"POLYGON((-80.2013312 25.7816859, -80.2030069 25.7816347, -80.2030060 25.7816113, -80.2013303 25.7816625, -80.2013312 25.7816859))",Northwest 8th Street,right,168.1,22,
Northwest 8th Street (left),25.7817809,-80.1974596,"POLYGON((-80.1979873 25.7817525, -80.1969310 25.7817860, -80.1969320 25.7818094, -80.1979882 25.7817759, -80.1979873 25.7817525))",Northwest 8th Street,left,105.9,13,
Northwest 8th Street (right),25.7816984,-80.1974564,"POLYGON((-80.1979840 25.7816699, -80.1969278 25.7817034, -80.1969287 25.7817268, -80.1979850 25.7816933, -80.1979840 25.7816699))",Northwest 8th Street,right,105.9,13,
Northwest 8th Street (left),25.7818124,-80.1965176,"POLYGON((-80.1969312 25.7817860, -80.1961030 25.7818154, -80.1961040 25.7818388, -80.1969322 25.7818094, -80.1969312 25.7817860))",Northwest 8th Street,left,83.1,10,
Northwest 8th Street (right),25.7817298,-80.1965140,"POLYGON((-80.1969276 25.7817034, -80.1960994 25.7817328, -80.1961004 25.7817562, -80.1969286 25.7817268, -80.1969276 25.7817034))",Northwest 8th Street,right,83.1,10,
Northwest 8th Street Road (left),25.7838798,-80.2092717,"POLYGON((-80.2095536 25.7841168, -80.2090081 25.7836264, -80.2089898 25.7836429, -80.2095352 25.7841333, -80.2095536 25.7841168))",Northwest 8th Street Road,left,77.3,9,
Northwest 8th Street Road (right),25.7838214,-80.2093365,"POLYGON((-80.2096184 25.7840583, -80.2090730 25.7835679, -80.2090546 25.7835844, -80.2096001 25.7840748, -80.2096184 25.7840583))",Northwest 8th Street Road,right,77.3,9,
Northwest 9th Street (left),25.7826037,-80.1998368,"POLYGON((-80.1996964 25.7826184, -80.1999777 25.7826125, -80.1999771 25.7825891, -80.1996958 25.7825950, -80.1996964 25.7826184))",Northwest 9th Street,left,28.2,1,
Northwest 9th Street (right),25.7826864,-80.1998389,"POLYGON((-80.1996986 25.7827010, -80.1999799 25.7826951, -80.1999793 25.7826717, -80.1996980 25.7826776, -80.1996986 25.7827010))",Northwest 9th Street,right,28.2,1,
Northwest 9th Street (left),25.7826400,-80.1984352,"POLYGON((-80.1980117 25.7826660, -80.1988598 25.7826374, -80.1988588 25.7826140, -80.1980107 25.7826426, -80.1980117 25.7826660))",Northwest 9th Street,left,85.1,10,
Northwest 9th Street (right),25.7827226,-80.1984387,"POLYGON((-80.1980151 25.7827486, -80.1988632 25.7827200, -80.1988622 25.7826966, -80.1980141 25.7827252, -80.1980151 25.7827486))",Northwest 9th Street,right,85.1,10,
Northwest 9th Street (left),25.7826162,-80.1992779,"POLYGON((-80.1988602 25.7826374, -80.1996964 25.7826184, -80.1996957 25.7825950, -80.1988595 25.7826140, -80.1988602 25.7826374))",Northwest 9th Street,left,83.8,10,
Northwest 9th Street (right),25.7826988,-80.1992803,"POLYGON((-80.1988625 25.7827200, -80.1996987 25.7827010, -80.1996980 25.7826776, -80.1988618 25.7826966, -80.1988625 25.7827200))",Northwest 9th Street,right,83.8,10,
North Bayshore Drive (left),25.7928337,-80.1867881,"POLYGON((-80.1871201 25.7919986, -80.1864317 25.7936606, -80.1864560 25.7936687, -80.1871444 25.7920068, -80.1871201 25.7919986))",North Bayshore Drive,left,197.5,27,
North Bayshore Drive (right),25.7928048,-80.1867020,"POLYGON((-80.1870341 25.7919698, -80.1863457 25.7936317, -80.1863700 25.7936399, -80.1870584 25.7919779, -80.1870341 25.7919698))",North Bayshore Drive,right,197.5,27,
North Bayshore Drive (left),25.7944228,-80.1867954,"POLYGON((-80.1864342 25.7936504, -80.1871326 25.7952040, -80.1871567 25.7951952, -80.1864583 25.7936416, -80.1864342 25.7936504))",North Bayshore Drive,left,186.6,25,
North Bayshore Drive (right),25.7944538,-80.1867104,"POLYGON((-80.1863491 25.7936814, -80.1870475 25.7952350, -80.1870716 25.7952262, -80.1863732 25.7936726, -80.1863491 25.7936814))",North Bayshore Drive,right,186.6,25,
North Bayshore Drive (left),25.7913730,-80.1871690,"POLYGON((-80.1872495 25.7921434, -80.1871145 25.7906009, -80.1870886 25.7906027, -80.1872236 25.7921452, -80.1872495 25.7921434))",North Bayshore Drive,left,172.2,23,
North Bayshore Drive (right),25.7913666,-80.1872606,"POLYGON((-80.1873410 25.7921369, -80.1872060 25.7905944, -80.1871801 25.7905962, -80.1873151 25.7921387, -80.1873410 25.7921369))",North Bayshore Drive,right,172.2,23,
North Bayshore Drive (left),25.7901028,-80.1871241,"POLYGON((-80.1871145 25.7906165, -80.1871596 25.7895899, -80.1871337 25.7895890, -80.1870885 25.7906156, -80.1871145 25.7906165))",North Bayshore Drive,left,114.4,14,
North Bayshore Drive (right),25.7901060,-80.1872158,"POLYGON((-80.1872062 25.7906198, -80.1872514 25.7895932, -80.1872254 25.7895923, -80.1871803 25.7906189, -80.1872062 25.7906198))",North Bayshore Drive,right,114.4,14,
North Bayshore Drive (left),25.7892398,-80.1873734,"POLYGON((-80.1873241 25.7893290, -80.1874445 25.7891634, -80.1874228 25.7891506, -80.1873024 25.7893162, -80.1873241 25.7893290))",North Bayshore Drive,left,22.0,1,
North Bayshore Drive (right),25.7892850,-80.1874502,"POLYGON((-80.1874008 25.7893742, -80.1875212 25.7892086, -80.1874995 25.7891958, -80.1873791 25.7893614, -80.1874008 25.7893742))",North Bayshore Drive,right,22.0,1,
North Bayshore Drive (left),25.7894541,-80.1872317,"POLYGON((-80.1871632 25.7895888, -80.1873229 25.7893307, -80.1873002 25.7893194, -80.1871405 25.7895775, -80.1871632 25.7895888))",North Bayshore Drive,left,32.9,2,
North Bayshore Drive (right),25.7894943,-80.1873119,"POLYGON((-80.1872434 25.7896290, -80.1874031 25.7893709, -80.1873804 25.7893596, -80.1872207 25.7896177, -80.1872434 25.7896290))",North Bayshore Drive,right,32.9,2,
North Bayshore Drive (left),25.7873688,-80.1880089,"POLYGON((-80.1880216 25.7870727, -80.1879702 25.7876630, -80.1879961 25.7876649, -80.1880475 25.7870745, -80.1880216 25.7870727))",North Bayshore Drive,left,65.9,7,
North Bayshore Drive (right),25.7873623,-80.1879173,"POLYGON((-80.1879301 25.7870662, -80.1878787 25.7876566, -80.1879046 25.7876584, -80.1879560 25.7870681, -80.1879301 25.7870662))",North Bayshore Drive,right,65.9,7,
North Bayshore Drive (left),25.7879731,-80.1879722,"POLYGON((-80.1879712 25.7876504, -80.1879472 25.7882950, -80.1879731 25.7882958, -80.1879972 25.7876512, -80.1879712 25.7876504))",North Bayshore Drive,left,71.8,8,
North Bayshore Drive (right),25.7879703,-80.1878804,"POLYGON((-80.1878795 25.7876476, -80.1878554 25.7882922, -80.1878814 25.7882930, -80.1879054 25.7876484, -80.1878795 25.7876476))",North Bayshore Drive,right,71.8,8,
North Bayshore Drive (left),25.7879672,-80.1880040,"POLYGON((-80.1880029 25.7882914, -80.1880311 25.7876440, -80.1880051 25.7876431, -80.1879770 25.7882905, -80.1880029 25.7882914))",North Bayshore Drive,left,72.1,8,
North Bayshore Drive (right),25.7879705,-80.1880958,"POLYGON((-80.1880947 25.7882946, -80.1881228 25.7876472, -80.1880969 25.7876463, -80.1880687 25.7882937, -80.1880947 25.7882946))",North Bayshore Drive,right,72.1,8,
North Bayshore Drive (left),25.7886677,-80.1877566,"POLYGON((-80.1875234 25.7890786, -80.1880125 25.7882680, -80.1879897 25.7882568, -80.1875006 25.7890675, -80.1875234 25.7890786))",North Bayshore Drive,left,102.7,13,
North Bayshore Drive (right),25.7887072,-80.1878372,"POLYGON((-80.1876041 25.7891181, -80.1880932 25.7883074, -80.1880704 25.7882963, -80.1875813 25.7891069, -80.1876041 25.7891181))",North Bayshore Drive,right,102.7,13,
Northeast 14th Street (left),25.7883168,-80.1885967,"POLYGON((-80.1891557 25.7882893, -80.1880369 25.7883209, -80.1880377 25.7883443, -80.1891565 25.7883127, -80.1891557 25.7882893))",Northeast 14th Street,left,112.2,14,
Northeast 14th Street (right),25.7882342,-80.1885939,"POLYGON((-80.1891529 25.7882067, -80.1880341 25.7882383, -80.1880349 25.7882617, -80.1891537 25.7882301, -80.1891529 25.7882067))",Northeast 14th Street,right,112.2,14,
Northeast 14th Street (left),25.7883477,-80.1872045,"POLYGON((-80.1879150 25.7883228, -80.1864936 25.7883491, -80.1864941 25.7883725, -80.1879155 25.7883462, -80.1879150 25.7883228))",Northeast 14th Street,left,142.5,19,
Northeast 14th Street (right),25.7882650,-80.1872027,"POLYGON((-80.1879131 25.7882402, -80.1864917 25.7882665, -80.1864922 25.7882899, -80.1879136 25.7882636, -80.1879131 25.7882402))",Northeast 14th Street,right,142.5,19,
Northeast 18th Street (left),25.7936496,-80.1868628,"POLYGON((-80.1864211 25.7936726, -80.1873053 25.7936501, -80.1873045 25.7936267, -80.1864203 25.7936492, -80.1864211 25.7936726))",Northeast 18th Street,left,88.7,10,
Northeast 18th Street (right),25.7937323,-80.1868654,"POLYGON((-80.1864237 25.7937552, -80.1873079 25.7937327, -80.1873071 25.7937093, -80.1864229 25.7937318, -80.1864237 25.7937552))",Northeast 18th Street,right,88.7,10,
Northeast 18th Street (left),25.7936317,-80.1875676,"POLYGON((-80.1873053 25.7936501, -80.1878306 25.7936367, -80.1878298 25.7936133, -80.1873045 25.7936267, -80.1873053 25.7936501))",Northeast 18th Street,left,52.7,5,
Northeast 18th Street (right),25.7937143,-80.1875701,"POLYGON((-80.1873079 25.7937327, -80.1878332 25.7937193, -80.1878324 25.7936959, -80.1873071 25.7937093, -80.1873079 25.7937327))",Northeast 18th Street,right,52.7,5,
Northeast 18th Street (left),25.7936204,-80.1880107,"POLYGON((-80.1878306 25.7936367, -80.1881915 25.7936275, -80.1881907 25.7936041, -80.1878298 25.7936133, -80.1878306 25.7936367))",Northeast 18th Street,left,36.2,3,
Northeast 18th Street (right),25.7937030,-80.1880132,"POLYGON((-80.1878332 25.7937193, -80.1881941 25.7937101, -80.1881933 25.7936867, -80.1878324 25.7936959, -80.1878332 25.7937193))",Northeast 18th Street,right,36.2,3,
Northeast 18th Street (left),25.7936056,-80.1885923,"POLYGON((-80.1881915 25.7936275, -80.1889939 25.7936071, -80.1889931 25.7935837, -80.1881907 25.7936041, -80.1881915 25.7936275))",Northeast 18th Street,left,80.5,9,
Northeast 18th Street (right),25.7936882,-80.1885949,"POLYGON((-80.1881941 25.7937101, -80.1889965 25.7936897, -80.1889957 25.7936663, -80.1881933 25.7936867, -80.1881941 25.7937101))",Northeast 18th Street,right,80.5,9,
Northwest 1st Street (left),25.7748701,-80.1987888,"POLYGON((-80.1986754 25.7749130, -80.1989098 25.7748496, -80.1989023 25.7748272, -80.1986679 25.7748906, -80.1986754 25.7749130))",Northwest 1st Street,left,24.5,1,
Northwest 1st Street (right),25.7749493,-80.1988153,"POLYGON((-80.1987018 25.7749922, -80.1989362 25.7749288, -80.1989287 25.7749064, -80.1986943 25.7749698, -80.1987018 25.7749922))",Northwest 1st Street,right,24.5,1,
Northwest 3rd Avenue (left),25.7755249,-80.1992086,"POLYGON((-80.1990399 25.7751507, -80.1993529 25.7759072, -80.1993772 25.7758991, -80.1990642 25.7751425, -80.1990399 25.7751507))",Northwest 3rd Avenue,left,89.9,11,
Northwest 3rd Avenue (right),25.7755537,-80.1991225,"POLYGON((-80.1989539 25.7751795, -80.1992669 25.7759361, -80.1992912 25.7759279, -80.1989782 25.7751714, -80.1989539 25.7751795))",Northwest 3rd Avenue,right,89.9,11,
Northwest 3rd Street (left),25.7769320,-80.1991223,"POLYGON((-80.1995024 25.7769080, -80.1987414 25.7769326, -80.1987423 25.7769560, -80.1995033 25.7769314, -80.1995024 25.7769080))",Northwest 3rd Street,left,76.3,9,
Northwest 3rd Street (right),25.7768494,-80.1991191,"POLYGON((-80.1994991 25.7768254, -80.1987381 25.7768500, -80.1987390 25.7768734, -80.1995000 25.7768488, -80.1994991 25.7768254))",Northwest 3rd Street,right,76.3,9,
Northwest 1st Avenue (left),25.7887603,-80.1965965,"POLYGON((-80.1965512 25.7881939, -80.1966158 25.7893280, -80.1966417 25.7893268, -80.1965771 25.7881927, -80.1965512 25.7881939))",Northwest 1st Avenue,left,126.4,16,
Northwest 1st Avenue (right),25.7887646,-80.1965048,"POLYGON((-80.1964596 25.7881981, -80.1965242 25.7893322, -80.1965501 25.7893310, -80.1964855 25.7881969, -80.1964596 25.7881981))",Northwest 1st Avenue,right,126.4,16,
Northwest 1st Avenue (left),25.7898896,-80.1966412,"POLYGON((-80.1966157 25.7893263, -80.1966407 25.7904534, -80.1966667 25.7904529, -80.1966417 25.7893258, -80.1966157 25.7893263))",Northwest 1st Avenue,left,125.5,16,
Northwest 1st Avenue (right),25.7898913,-80.1965494,"POLYGON((-80.1965239 25.7893280, -80.1965489 25.7904551, -80.1965749 25.7904546, -80.1965499 25.7893275, -80.1965239 25.7893280))",Northwest 1st Avenue,right,125.5,16,
Northwest 1st Avenue (left),25.7910177,-80.1966676,"POLYGON((-80.1966407 25.7904533, -80.1966686 25.7915826, -80.1966945 25.7915821, -80.1966666 25.7904528, -80.1966407 25.7904533))",Northwest 1st Avenue,left,125.7,16,
Northwest 1st Avenue (right),25.7910196,-80.1965759,"POLYGON((-80.1965490 25.7904552, -80.1965769 25.7915845, -80.1966028 25.7915840, -80.1965749 25.7904547, -80.1965490 25.7904552))",Northwest 1st Avenue,right,125.7,16,
Northwest 1st Avenue (left),25.7922254,-80.1966937,"POLYGON((-80.1966686 25.7915828, -80.1966929 25.7928685, -80.1967189 25.7928681, -80.1966946 25.7915824, -80.1966686 25.7915828))",Northwest 1st Avenue,left,143.1,19,
Northwest 1st Avenue (right),25.7922269,-80.1966020,"POLYGON((-80.1965768 25.7915842, -80.1966011 25.7928699, -80.1966271 25.7928695, -80.1966028 25.7915838, -80.1965768 25.7915842))",Northwest 1st Avenue,right,143.1,19,
Northwest 1st Avenue (left),25.7935174,-80.1967344,"POLYGON((-80.1966929 25.7928678, -80.1967499 25.7941678, -80.1967758 25.7941669, -80.1967188 25.7928669, -80.1966929 25.7928678))",Northwest 1st Avenue,left,144.8,19,
Northwest 1st Avenue (right),25.7935206,-80.1966426,"POLYGON((-80.1966012 25.7928711, -80.1966582 25.7941711, -80.1966841 25.7941702, -80.1966271 25.7928702, -80.1966012 25.7928711))",Northwest 1st Avenue,right,144.8,19,
Southwest 5th Avenue (left),25.7666305,-80.2024977,"POLYGON((-80.2024679 25.7661509, -80.2025016 25.7671109, -80.2025275 25.7671101, -80.2024938 25.7661502, -80.2024679 25.7661509))",Southwest 5th Avenue,left,106.9,13,
Southwest 5th Avenue (right),25.7666332,-80.2024060,"POLYGON((-80.2023762 25.7661536, -80.2024099 25.7671135, -80.2024358 25.7671128, -80.2024021 25.7661528, -80.2023762 25.7661536))",Southwest 5th Avenue,right,106.9,13,
Southwest 6th Avenue (left),25.7656187,-80.2040394,"POLYGON((-80.2040712 25.7660993, -80.2040336 25.7651373, -80.2040077 25.7651382, -80.2040453 25.7661001, -80.2040712 25.7660993))",Southwest 6th Avenue,left,107.1,13,
Southwest 6th Avenue (right),25.7656158,-80.2041312,"POLYGON((-80.2041629 25.7660963, -80.2041253 25.7651344, -80.2040994 25.7651352, -80.2041370 25.7660972, -80.2041629 25.7660963))",Southwest 6th Avenue,right,107.1,13,
Southwest 6th Avenue (left),25.7646559,-80.2040036,"POLYGON((-80.2040336 25.7651372, -80.2039995 25.7641737, -80.2039736 25.7641745, -80.2040077 25.7651380, -80.2040336 25.7651372))",Southwest 6th Avenue,left,107.3,13,
Southwest 6th Avenue (right),25.7646532,-80.2040953,"POLYGON((-80.2041253 25.7651346, -80.2040912 25.7641711, -80.2040653 25.7641719, -80.2040994 25.7651354, -80.2041253 25.7651346))",Southwest 6th Avenue,right,107.3,13,
Southwest 6th Avenue (left),25.7636797,-80.2039782,"POLYGON((-80.2039995 25.7641738, -80.2039829 25.7631853, -80.2039569 25.7631856, -80.2039736 25.7641742, -80.2039995 25.7641738))",Southwest 6th Avenue,left,110.1,14,
Southwest 6th Avenue (right),25.7636785,-80.2040700,"POLYGON((-80.2040913 25.7641726, -80.2040746 25.7631840, -80.2040487 25.7631844, -80.2040653 25.7641729, -80.2040913 25.7641726))",Southwest 6th Avenue,right,110.1,14,
Northwest 1st Street (left),25.7746244,-80.2120607,"POLYGON((-80.2146877 25.7745308, -80.2094329 25.7746946, -80.2094338 25.7747180, -80.2146886 25.7745542, -80.2146877 25.7745308))",Northwest 1st Street,left,527.1,76,
Northwest 1st Street (right),25.7745418,-80.2120576,"POLYGON((-80.2146845 25.7744482, -80.2094297 25.7746120, -80.2094306 25.7746354, -80.2146854 25.7744716, -80.2146845 25.7744482))",Northwest 1st Street,right,527.1,76,
Northwest 1st Street (left),25.7747285,-80.2085997,"POLYGON((-80.2094330 25.7746946, -80.2077657 25.7747389, -80.2077664 25.7747623, -80.2094337 25.7747180, -80.2094330 25.7746946))",Northwest 1st Street,left,167.2,22,
Northwest 1st Street (right),25.7746458,-80.2085970,"POLYGON((-80.2094303 25.7746120, -80.2077630 25.7746563, -80.2077637 25.7746797, -80.2094310 25.7746354, -80.2094303 25.7746120))",Northwest 1st Street,right,167.2,22,
Northwest 3rd Street (left),25.7765517,-80.2121224,"POLYGON((-80.2147401 25.7764571, -80.2095037 25.7766230, -80.2095046 25.7766464, -80.2147410 25.7764805, -80.2147401 25.7764571))",Northwest 3rd Street,left,525.2,76,
Northwest 3rd Street (right),25.7764692,-80.2121191,"POLYGON((-80.2147369 25.7763745, -80.2095005 25.7765404, -80.2095014 25.7765638, -80.2147378 25.7763979, -80.2147369 25.7763745))",Northwest 3rd Street,right,525.2,76,
Northwest 3rd Street (left),25.7766589,-80.2086715,"POLYGON((-80.2095037 25.7766230, -80.2078385 25.7766714, -80.2078394 25.7766948, -80.2095045 25.7766464, -80.2095037 25.7766230))",Northwest 3rd Street,left,167.0,22,
Northwest 3rd Street (right),25.7765763,-80.2086686,"POLYGON((-80.2095007 25.7765404, -80.2078356 25.7765888, -80.2078364 25.7766122, -80.2095016 25.7765638, -80.2095007 25.7765404))",Northwest 3rd Street,right,167.0,22,
Southwest 4th Street (left),25.7699397,-80.2032267,"POLYGON((-80.2025734 25.7699704, -80.2038808 25.7699324, -80.2038800 25.7699090, -80.2025726 25.7699470, -80.2025734 25.7699704))",Southwest 4th Street,left,131.1,17,
Southwest 4th Street (right),25.7700223,-80.2032297,"POLYGON((-80.2025764 25.7700530, -80.2038838 25.7700150, -80.2038830 25.7699916, -80.2025756 25.7700296, -80.2025764 25.7700530))",Southwest 4th Street,right,131.1,17,
Southwest 5th Street (left),25.7689452,-80.2071277,"POLYGON((-80.2075463 25.7689204, -80.2067081 25.7689466, -80.2067090 25.7689700, -80.2075472 25.7689438, -80.2075463 25.7689204))",Southwest 5th Street,left,84.1,10,
Southwest 5th Street (right),25.7688626,-80.2071245,"POLYGON((-80.2075432 25.7688378, -80.2067050 25.7688640, -80.2067059 25.7688874, -80.2075441 25.7688612, -80.2075432 25.7688378))",Southwest 5th Street,right,84.1,10,
Southwest 5th Street (left),25.7689694,-80.2062937,"POLYGON((-80.2067080 25.7689466, -80.2058787 25.7689687, -80.2058794 25.7689921, -80.2067087 25.7689700, -80.2067080 25.7689466))",Southwest 5th Street,left,83.2,10,
Southwest 5th Street (right),25.7688867,-80.2062910,"POLYGON((-80.2067053 25.7688640, -80.2058760 25.7688861, -80.2058767 25.7689095, -80.2067060 25.7688874, -80.2067053 25.7688640))",Southwest 5th Street,right,83.2,10,
Southeast 14th Street (left),25.7598872,-80.1897048,"POLYGON((-80.1900625 25.7599613, -80.1893538 25.7597906, -80.1893471 25.7598132, -80.1900558 25.7599838, -80.1900625 25.7599613))",Southeast 14th Street,left,73.5,8,
Southeast 14th Street (right),25.7598074,-80.1897286,"POLYGON((-80.1900863 25.7598814, -80.1893776 25.7597108, -80.1893709 25.7597333, -80.1900796 25.7599040, -80.1900863 25.7598814))",Southeast 14th Street,right,73.5,8,
Northeast 11th Street (left),25.7848317,-80.1897157,"POLYGON((-80.1894301 25.7848533, -80.1900023 25.7848334, -80.1900013 25.7848100, -80.1894291 25.7848299, -80.1894301 25.7848533))",Northeast 11th Street,left,57.4,6,
Northeast 11th Street (right),25.7849142,-80.1897193,"POLYGON((-80.1894337 25.7849359, -80.1900059 25.7849160, -80.1900049 25.7848926, -80.1894327 25.7849125, -80.1894337 25.7849359))",Northeast 11th Street,right,57.4,6,
Northeast 4th Street (left),25.7780895,-80.1894633,"POLYGON((-80.1885236 25.7781306, -80.1904039 25.7780717, -80.1904030 25.7780483, -80.1885227 25.7781072, -80.1885236 25.7781306))",Northeast 4th Street,left,188.6,25,
Northeast 4th Street (right),25.7781720,-80.1894665,"POLYGON((-80.1885268 25.7782132, -80.1904071 25.7781543, -80.1904062 25.7781309, -80.1885259 25.7781898, -80.1885268 25.7782132))",Northeast 4th Street,right,188.6,25,
Southeast 3rd Street (left),25.7718590,-80.1874184,"POLYGON((-80.1875012 25.7717922, -80.1873206 25.7719068, -80.1873355 25.7719259, -80.1875162 25.7718113, -80.1875012 25.7717922))",Southeast 3rd Street,left,22.2,1,
Southeast 3rd Street (right),25.7717915,-80.1873655,"POLYGON((-80.1874484 25.7717246, -80.1872677 25.7718392, -80.1872827 25.7718583, -80.1874633 25.7717437, -80.1874484 25.7717246))",Southeast 3rd Street,right,22.2,1,
South Miami Avenue (left),25.7649702,-80.1933005,"POLYGON((-80.1932669 25.7644874, -80.1933083 25.7654540, -80.1933342 25.7654531, -80.1932928 25.7644865, -80.1932669 25.7644874))",South Miami Avenue,left,107.7,13,
South Miami Avenue (right),25.7649734,-80.1932089,"POLYGON((-80.1931752 25.7644905, -80.1932166 25.7654571, -80.1932425 25.7654562, -80.1932011 25.7644896, -80.1931752 25.7644905))",South Miami Avenue,right,107.7,13,
South Miami Avenue (left),25.7657051,-80.1933327,"POLYGON((-80.1933083 25.7654539, -80.1933312 25.7659572, -80.1933571 25.7659562, -80.1933342 25.7654529, -80.1933083 25.7654539))",South Miami Avenue,left,56.1,6,
South Miami Avenue (right),25.7657084,-80.1932410,"POLYGON((-80.1932166 25.7654573, -80.1932395 25.7659606, -80.1932654 25.7659596, -80.1932425 25.7654563, -80.1932166 25.7654573))",South Miami Avenue,right,56.1,6,
South Miami Avenue (left),25.7592262,-80.1939133,"POLYGON((-80.1937502 25.7596611, -80.1941006 25.7587993, -80.1940763 25.7587913, -80.1937259 25.7596531, -80.1937502 25.7596611))",South Miami Avenue,left,102.2,12,
South Miami Avenue (right),25.7592546,-80.1939994,"POLYGON((-80.1938364 25.7596895, -80.1941868 25.7588277, -80.1941625 25.7588197, -80.1938121 25.7596815, -80.1938364 25.7596895))",South Miami Avenue,right,102.2,12,
Northeast 2nd Street (left),25.7763110,-80.1877414,"POLYGON((-80.1879768 25.7762920, -80.1875051 25.7763066, -80.1875060 25.7763300, -80.1879777 25.7763154, -80.1879768 25.7762920))",Northeast 2nd Street,left,47.3,4,
Northeast 2nd Street (right),25.7762284,-80.1877383,"POLYGON((-80.1879737 25.7762094, -80.1875020 25.7762240, -80.1875029 25.7762474, -80.1879746 25.7762328, -80.1879737 25.7762094))",Northeast 2nd Street,right,47.3,4,
North Miami Avenue (left),25.7765600,-80.1936517,"POLYGON((-80.1936884 25.7770400, -80.1936408 25.7760790, -80.1936149 25.7760801, -80.1936625 25.7770411, -80.1936884 25.7770400))",North Miami Avenue,left,107.1,13,
North Miami Avenue (right),25.7765564,-80.1937433,"POLYGON((-80.1937801 25.7770363, -80.1937325 25.7760753, -80.1937066 25.7760764, -80.1937542 25.7770374, -80.1937801 25.7770363))",North Miami Avenue,right,107.1,13,
Northeast 1st Street (left),25.7752491,-80.1882347,"POLYGON((-80.1878348 25.7752737, -80.1886354 25.7752479, -80.1886345 25.7752245, -80.1878339 25.7752503, -80.1878348 25.7752737))",Northeast 1st Street,left,80.3,9,
Northeast 1st Street (right),25.7753317,-80.1882379,"POLYGON((-80.1878381 25.7753563, -80.1886387 25.7753305, -80.1886378 25.7753071, -80.1878372 25.7753329, -80.1878381 25.7753563))",Northeast 1st Street,right,80.3,9,
Northeast 1st Street (left),25.7752137,-80.1893146,"POLYGON((-80.1886354 25.7752479, -80.1899948 25.7752029, -80.1899938 25.7751795, -80.1886344 25.7752245, -80.1886354 25.7752479))",Northeast 1st Street,left,136.4,18,
Northeast 1st Street (right),25.7752963,-80.1893180,"POLYGON((-80.1886388 25.7753305, -80.1899982 25.7752855, -80.1899972 25.7752621, -80.1886378 25.7753071, -80.1886388 25.7753305))",Northeast 1st Street,right,136.4,18,
South Miami Avenue (left),25.7577841,-80.1954204,"POLYGON((-80.1945417 25.7584016, -80.1963148 25.7571851, -80.1962991 25.7571665, -80.1945260 25.7583831, -80.1945417 25.7584016))",South Miami Avenue,left,223.5,31,
South Miami Avenue (right),25.7578498,-80.1954760,"POLYGON((-80.1945973 25.7584674, -80.1963704 25.7572508, -80.1963547 25.7572323, -80.1945816 25.7584488, -80.1945973 25.7584674))",South Miami Avenue,right,223.5,31,
South Miami Avenue (left),25.7568793,-80.1967371,"POLYGON((-80.1963147 25.7571852, -80.1971753 25.7565920, -80.1971595 25.7565734, -80.1962989 25.7571666, -80.1963147 25.7571852))",South Miami Avenue,left,108.7,13,
South Miami Avenue (right),25.7569449,-80.1967929,"POLYGON((-80.1963705 25.7572508, -80.1972311 25.7566576, -80.1972153 25.7566390, -80.1963547 25.7572322, -80.1963705 25.7572508))",South Miami Avenue,right,108.7,13,
South Miami Avenue (left),25.7562813,-80.1976042,"POLYGON((-80.1971753 25.7565920, -80.1980489 25.7559892, -80.1980331 25.7559706, -80.1971595 25.7565734, -80.1971753 25.7565920))",South Miami Avenue,left,110.3,14,
South Miami Avenue (right),25.7563469,-80.1976600,"POLYGON((-80.1972311 25.7566576, -80.1981047 25.7560548, -80.1980889 25.7560362, -80.1972153 25.7566390, -80.1972311 25.7566576))",South Miami Avenue,right,110.3,14,
South Miami Avenue (left),25.7556780,-80.1984821,"POLYGON((-80.1980490 25.7559891, -80.1989310 25.7553855, -80.1989153 25.7553669, -80.1980333 25.7559705, -80.1980490 25.7559891))",South Miami Avenue,left,111.1,14,
South Miami Avenue (right),25.7557438,-80.1985377,"POLYGON((-80.1981045 25.7560549, -80.1989865 25.7554513, -80.1989708 25.7554327, -80.1980888 25.7560363, -80.1981045 25.7560549))",South Miami Avenue,right,111.1,14,
South Miami Avenue (left),25.7550937,-80.1993325,"POLYGON((-80.1989309 25.7553856, -80.1997500 25.7548203, -80.1997342 25.7548017, -80.1989151 25.7553670, -80.1989309 25.7553856))",South Miami Avenue,left,103.5,13,
South Miami Avenue (right),25.7551592,-80.1993884,"POLYGON((-80.1989867 25.7554512, -80.1998058 25.7548859, -80.1997900 25.7548673, -80.1989709 25.7554326, -80.1989867 25.7554512))",South Miami Avenue,right,103.5,13,
Southwest 15th Road (left),25.7590238,-80.1946486,"POLYGON((-80.1942154 25.7587831, -80.1950677 25.7592841, -80.1950819 25.7592646, -80.1942296 25.7587636, -80.1942154 25.7587831))",Southwest 15th Road,left,102.0,12,
Southwest 15th Road (right),25.7590931,-80.1945985,"POLYGON((-80.1941652 25.7588523, -80.1950175 25.7593533, -80.1950317 25.7593338, -80.1941794 25.7588328, -80.1941652 25.7588523))",Southwest 15th Road,right,102.0,12,
Southwest 15th Road (left),25.7594284,-80.1953326,"POLYGON((-80.1950678 25.7592842, -80.1955831 25.7595921, -80.1955974 25.7595726, -80.1950821 25.7592647, -80.1950678 25.7592842))",Southwest 15th Road,left,62.0,6,
Southwest 15th Road (right),25.7594973,-80.1952819,"POLYGON((-80.1950171 25.7593531, -80.1955324 25.7596610, -80.1955467 25.7596415, -80.1950314 25.7593336, -80.1950171 25.7593531))",Southwest 15th Road,right,62.0,6,
Southwest 15th Road (left),25.7597495,-80.1958734,"POLYGON((-80.1955829 25.7595920, -80.1961495 25.7599266, -80.1961638 25.7599071, -80.1955972 25.7595725, -80.1955829 25.7595920))",Southwest 15th Road,left,67.9,7,
Southwest 15th Road (right),25.7598187,-80.1958230,"POLYGON((-80.1955326 25.7596611, -80.1960992 25.7599957, -80.1961135 25.7599762, -80.1955469 25.7596416, -80.1955326 25.7596611))",Southwest 15th Road,right,67.9,7,
Southwest 25th Road (left),25.7591760,-80.2099813,"POLYGON((-80.2095537 25.7586924, -80.2103882 25.7596739, -80.2104088 25.7596597, -80.2095743 25.7586782, -80.2095537 25.7586924))",Southwest 25th Road,left,137.6,18,
Southwest 25th Road (right),25.7592263,-80.2099084,"POLYGON((-80.2094809 25.7587426, -80.2103154 25.7597241, -80.2103360 25.7597099, -80.2095015 25.7587284, -80.2094809 25.7587426))",Southwest 25th Road,right,137.6,18,
Southwest 25th Road (left),25.7602382,-80.2108706,"POLYGON((-80.2103885 25.7596742, -80.2113318 25.7608161, -80.2113526 25.7608022, -80.2104093 25.7596603, -80.2103885 25.7596742))",Southwest 25th Road,left,158.4,21,
Southwest 25th Road (right),25.7602875,-80.2107969,"POLYGON((-80.2103149 25.7597235, -80.2112582 25.7608654, -80.2112790 25.7608515, -80.2103357 25.7597096, -80.2103149 25.7597235))",Southwest 25th Road,right,158.4,21,
Southwest 3rd Avenue (left),25.7597312,-80.2018306,"POLYGON((-80.2021637 25.7594847, -80.2014816 25.7599593, -80.2014975 25.7599777, -80.2021796 25.7595031, -80.2021637 25.7594847))",Southwest 3rd Avenue,left,86.4,10,
Southwest 3rd Avenue (right),25.7596658,-80.2017745,"POLYGON((-80.2021076 25.7594193, -80.2014255 25.7598939, -80.2014414 25.7599123, -80.2021235 25.7594377, -80.2021076 25.7594193))",Southwest 3rd Avenue,right,86.4,10,
Southwest 3rd Avenue (left),25.7601319,-80.2012532,"POLYGON((-80.2014815 25.7599593, -80.2010091 25.7602860, -80.2010249 25.7603045, -80.2014973 25.7599778, -80.2014815 25.7599593))",Southwest 3rd Avenue,left,59.7,6,
Southwest 3rd Avenue (right),25.7600664,-80.2011974,"POLYGON((-80.2014257 25.7598938, -80.2009533 25.7602205, -80.2009691 25.7602390, -80.2014415 25.7599123, -80.2014257 25.7598938))",Southwest 3rd Avenue,right,59.7,6,
Southwest 3rd Avenue (left),25.7604157,-80.2008409,"POLYGON((-80.2010090 25.7602861, -80.2006571 25.7605267, -80.2006728 25.7605453, -80.2010247 25.7603047, -80.2010090 25.7602861))",Southwest 3rd Avenue,left,44.3,4,
Southwest 3rd Avenue (right),25.7603499,-80.2007854,"POLYGON((-80.2009535 25.7602203, -80.2006016 25.7604609, -80.2006173 25.7604795, -80.2009692 25.7602389, -80.2009535 25.7602203))",Southwest 3rd Avenue,right,44.3,4,
Southwest 3rd Avenue (left),25.7607798,-80.2003123,"POLYGON((-80.2006572 25.7605266, -80.1999516 25.7610144, -80.1999674 25.7610329, -80.2006730 25.7605451, -80.2006572 25.7605266))",Southwest 3rd Avenue,left,89.2,11,
Southwest 3rd Avenue (right),25.7607142,-80.2002565,"POLYGON((-80.2006014 25.7604611, -80.1998958 25.7609489, -80.1999116 25.7609674, -80.2006172 25.7604796, -80.2006014 25.7604611))",Southwest 3rd Avenue,right,89.2,11,
Southwest 3rd Avenue (left),25.7535740,-80.2107750,"POLYGON((-80.2124750 25.7523888, -80.2090592 25.7547406, -80.2090750 25.7547591, -80.2124908 25.7524074, -80.2124750 25.7523888))",Southwest 3rd Avenue,left,431.1,62,
Southwest 3rd Avenue (right),25.7535083,-80.2107193,"POLYGON((-80.2124193 25.7523232, -80.2090035 25.7546749, -80.2090193 25.7546935, -80.2124351 25.7523417, -80.2124193 25.7523232))",Southwest 3rd Avenue,right,431.1,62,
Southwest 3rd Avenue (left),25.7550771,-80.2085910,"POLYGON((-80.2089777 25.7547976, -80.2081886 25.7553380, -80.2082043 25.7553566, -80.2089934 25.7548162, -80.2089777 25.7547976))",Southwest 3rd Avenue,left,99.4,12,
Southwest 3rd Avenue (right),25.7550113,-80.2085355,"POLYGON((-80.2089222 25.7547318, -80.2081331 25.7552722, -80.2081488 25.7552908, -80.2089379 25.7547504, -80.2089222 25.7547318))",Southwest 3rd Avenue,right,99.4,12,
Southwest 3rd Avenue (left),25.7556812,-80.2077133,"POLYGON((-80.2081192 25.7553842, -80.2072916 25.7559597, -80.2073074 25.7559782, -80.2081350 25.7554027, -80.2081192 25.7553842))",Southwest 3rd Avenue,left,104.8,13,
Southwest 3rd Avenue (right),25.7556158,-80.2076572,"POLYGON((-80.2080631 25.7553188, -80.2072355 25.7558943, -80.2072513 25.7559128, -80.2080789 25.7553373, -80.2080631 25.7553188))",Southwest 3rd Avenue,right,104.8,13,
Southwest 3rd Avenue (left),25.7562869,-80.2068340,"POLYGON((-80.2071947 25.7560169, -80.2064574 25.7565385, -80.2064734 25.7565569, -80.2072107 25.7560353, -80.2071947 25.7560169))",Southwest 3rd Avenue,left,94.0,11,
Southwest 3rd Avenue (right),25.7562219,-80.2067774,"POLYGON((-80.2071380 25.7559519, -80.2064007 25.7564735, -80.2064167 25.7564919, -80.2071540 25.7559703, -80.2071380 25.7559519))",Southwest 3rd Avenue,right,94.0,11,
Southwest 3rd Avenue (left),25.7568553,-80.2060129,"POLYGON((-80.2063882 25.7565839, -80.2056220 25.7571080, -80.2056377 25.7571266, -80.2064039 25.7566025, -80.2063882 25.7565839))",Southwest 3rd Avenue,left,96.5,12,
Southwest 3rd Avenue (right),25.7567894,-80.2059575,"POLYGON((-80.2063327 25.7565181, -80.2055665 25.7570422, -80.2055822 25.7570608, -80.2063484 25.7565367, -80.2063327 25.7565181))",Southwest 3rd Avenue,right,96.5,12,
Southwest 3rd Avenue (left),25.7574377,-80.2051629,"POLYGON((-80.2055587 25.7571517, -80.2047514 25.7577051, -80.2047671 25.7577237, -80.2055744 25.7571703, -80.2055587 25.7571517))",Southwest 3rd Avenue,left,101.7,12,
Southwest 3rd Avenue (right),25.7573719,-80.2051074,"POLYGON((-80.2055032 25.7570859, -80.2046959 25.7576393, -80.2047116 25.7576579, -80.2055189 25.7571045, -80.2055032 25.7570859))",Southwest 3rd Avenue,right,101.7,12,
Southwest 3rd Avenue (left),25.7579940,-80.2043544,"POLYGON((-80.2047515 25.7577050, -80.2039415 25.7582645, -80.2039573 25.7582831, -80.2047673 25.7577236, -80.2047515 25.7577050))",Southwest 3rd Avenue,left,102.3,13,
Southwest 3rd Avenue (right),25.7579285,-80.2042986,"POLYGON((-80.2046957 25.7576394, -80.2038857 25.7581989, -80.2039015 25.7582175, -80.2047115 25.7576580, -80.2046957 25.7576394))",Southwest 3rd Avenue,right,102.3,13,
Southwest 3rd Avenue (left),25.7585560,-80.2035368,"POLYGON((-80.2039414 25.7582646, -80.2031165 25.7588288, -80.2031322 25.7588474, -80.2039571 25.7582832, -80.2039414 25.7582646))",Southwest 3rd Avenue,left,103.9,13,
Southwest 3rd Avenue (right),25.7584902,-80.2034813,"POLYGON((-80.2038859 25.7581988, -80.2030610 25.7587630, -80.2030767 25.7587816, -80.2039016 25.7582174, -80.2038859 25.7581988))",Southwest 3rd Avenue,right,103.9,13,
Southwest 3rd Avenue (left),25.7589560,-80.2029510,"POLYGON((-80.2031164 25.7588289, -80.2027700 25.7590645, -80.2027857 25.7590831, -80.2031321 25.7588475, -80.2031164 25.7588289))",Southwest 3rd Avenue,left,43.5,4,
Southwest 3rd Avenue (right),25.7588900,-80.2028958,"POLYGON((-80.2030611 25.7587629, -80.2027147 25.7589985, -80.2027304 25.7590171, -80.2030768 25.7587815, -80.2030611 25.7587629))",Southwest 3rd Avenue,right,43.5,4,
Southwest 4th Avenue (left),25.7569819,-80.2088226,"POLYGON((-80.2084366 25.7572757, -80.2092249 25.7567063, -80.2092087 25.7566881, -80.2084204 25.7572575, -80.2084366 25.7572757))",Southwest 4th Avenue,left,101.3,12,
Southwest 4th Avenue (right),25.7570464,-80.2088801,"POLYGON((-80.2084940 25.7573402, -80.2092823 25.7567708, -80.2092661 25.7567526, -80.2084778 25.7573220, -80.2084940 25.7573402))",Southwest 4th Avenue,right,101.3,12,
Southwest 4th Avenue (left),25.7563919,-80.2096798,"POLYGON((-80.2092984 25.7566546, -80.2100763 25.7561481, -80.2100611 25.7561291, -80.2092832 25.7566357, -80.2092984 25.7566546))",Southwest 4th Avenue,left,96.2,12,
Southwest 4th Avenue (right),25.7564588,-80.2097335,"POLYGON((-80.2093522 25.7567216, -80.2101301 25.7562150, -80.2101149 25.7561961, -80.2093370 25.7567026, -80.2093522 25.7567216))",Southwest 4th Avenue,right,96.2,12,
Southeast 15th Road (left),25.7567861,-80.1907564,"POLYGON((-80.1906506 25.7567539, -80.1908511 25.7568394, -80.1908622 25.7568183, -80.1906618 25.7567328, -80.1906506 25.7567539))",Southeast 15th Road,left,22.2,1,
Southeast 15th Road (right),25.7568608,-80.1907172,"POLYGON((-80.1906114 25.7568286, -80.1908118 25.7569141, -80.1908230 25.7568930, -80.1906225 25.7568075, -80.1906114 25.7568286))",Southeast 15th Road,right,22.2,1,
Southeast 15th Road (left),25.7572302,-80.1915508,"POLYGON((-80.1908535 25.7568407, -80.1922340 25.7576394, -80.1922481 25.7576197, -80.1908676 25.7568211, -80.1908535 25.7568407))",Southeast 15th Road,left,164.5,22,
Southeast 15th Road (right),25.7572998,-80.1915012,"POLYGON((-80.1908039 25.7569103, -80.1921844 25.7577089, -80.1921985 25.7576893, -80.1908180 25.7568906, -80.1908039 25.7569103))",Southeast 15th Road,right,164.5,22,
Southeast 15th Road (left),25.7583388,-80.1935409,"POLYGON((-80.1937872 25.7584682, -80.1933088 25.7581897, -80.1932947 25.7582093, -80.1937731 25.7584878, -80.1937872 25.7584682))",Southeast 15th Road,left,57.1,6,
Southeast 15th Road (right),25.7582693,-80.1935908,"POLYGON((-80.1938370 25.7583988, -80.1933586 25.7581203, -80.1933445 25.7581399, -80.1938229 25.7584184, -80.1938370 25.7583988))",Southeast 15th Road,right,57.1,6,
Southwest 15th Road (left),25.7612317,-80.1985265,"POLYGON((-80.1989133 25.7614400, -80.1981537 25.7610038, -80.1981397 25.7610234, -80.1988994 25.7614597, -80.1989133 25.7614400))",Southwest 15th Road,left,90.3,11,
Southwest 15th Road (right),25.7611621,-80.1985759,"POLYGON((-80.1989627 25.7613704, -80.1982030 25.7609341, -80.1981891 25.7609538, -80.1989487 25.7613900, -80.1989627 25.7613704))",Southwest 15th Road,right,90.3,11,
Southwest 15th Road (left),25.7607357,-80.1976740,"POLYGON((-80.1981536 25.7610037, -80.1972085 25.7604480, -80.1971943 25.7604676, -80.1981394 25.7610233, -80.1981536 25.7610037))",Southwest 15th Road,left,113.2,14,
Southwest 15th Road (right),25.7606664,-80.1977241,"POLYGON((-80.1982038 25.7609345, -80.1972587 25.7603788, -80.1972445 25.7603984, -80.1981896 25.7609541, -80.1982038 25.7609345))",Southwest 15th Road,right,113.2,14,
Southwest 15th Road (left),25.7628977,-80.2013613,"POLYGON((-80.2019939 25.7632623, -80.2007429 25.7625136, -80.2007286 25.7625330, -80.2019796 25.7632818, -80.2019939 25.7632623))",Southwest 15th Road,left,150.6,20,
Southwest 15th Road (right),25.7628288,-80.2014120,"POLYGON((-80.2020447 25.7631935, -80.2007937 25.7624447, -80.2007794 25.7624642, -80.2020304 25.7632129, -80.2020447 25.7631935))",Southwest 15th Road,right,150.6,20,
Southwest 15th Road (left),25.7622709,-80.2003057,"POLYGON((-80.2007435 25.7625139, -80.1998821 25.7620082, -80.1998679 25.7620278, -80.2007294 25.7625335, -80.2007435 25.7625139))",Southwest 15th Road,left,103.1,13,
Southwest 15th Road (right),25.7622016,-80.2003559,"POLYGON((-80.2007937 25.7624447, -80.1999322 25.7619390, -80.1999181 25.7619586, -80.2007795 25.7624643, -80.2007937 25.7624447))",Southwest 15th Road,right,103.1,13,
Southwest 3rd Avenue (left),25.7592396,-80.2025425,"POLYGON((-80.2027705 25.7590642, -80.2022985 25.7593967, -80.2023145 25.7594150, -80.2027865 25.7590825, -80.2027705 25.7590642))",Southwest 3rd Avenue,left,60.1,6,
Southwest 3rd Avenue (right),25.7591745,-80.2024859,"POLYGON((-80.2027139 25.7589991, -80.2022419 25.7593316, -80.2022579 25.7593499, -80.2027299 25.7590174, -80.2027139 25.7589991))",Southwest 3rd Avenue,right,60.1,6,
Southwest 3rd Avenue (left),25.7613725,-80.1993928,"POLYGON((-80.1995719 25.7612605, -80.1992002 25.7614645, -80.1992137 25.7614845, -80.1995854 25.7612805, -80.1995719 25.7612605))",Southwest 3rd Avenue,left,43.6,4,
Southwest 3rd Avenue (right),25.7613019,-80.1993450,"POLYGON((-80.1995241 25.7611899, -80.1991524 25.7613939, -80.1991659 25.7614139, -80.1995376 25.7612099, -80.1995241 25.7611899))",Southwest 3rd Avenue,right,43.6,4,
Miamarina Parkway Drive (left),25.7769951,-80.1860633,"POLYGON((-80.1849104 25.7766587, -80.1872079 25.7773537, -80.1872162 25.7773316, -80.1849187 25.7766365, -80.1849104 25.7766587))",Miamarina Parkway Drive,left,243.0,33,
Miamarina Parkway Drive (right),25.7770735,-80.1860341,"POLYGON((-80.1848812 25.7767370, -80.1871787 25.7774321, -80.1871870 25.7774099, -80.1848895 25.7767149, -80.1848812 25.7767370))",Miamarina Parkway Drive,right,243.0,33,
way/301237006 (left),25.7792514,-80.1822066,"POLYGON((-80.1823419 25.7792964, -80.1820825 25.7791853, -80.1820713 25.7792064, -80.1823307 25.7793175, -80.1823419 25.7792964))",way/301237006,left,28.8,2,
way/301237006 (right),25.7791767,-80.1822460,"POLYGON((-80.1823813 25.7792217, -80.1821219 25.7791106, -80.1821107 25.7791317, -80.1823701 25.7792428, -80.1823813 25.7792217))",way/301237006,right,28.8,2,
way/301237009 (left),25.7785415,-80.1805465,"POLYGON((-80.1820825 25.7791853, -80.1790217 25.7778766, -80.1790106 25.7778977, -80.1820714 25.7792064, -80.1820825 25.7791853))",way/301237009,left,339.6,48,
way/301237009 (right),25.7784668,-80.1805859,"POLYGON((-80.1821218 25.7791106, -80.1790610 25.7778019, -80.1790499 25.7778230, -80.1821107 25.7791317, -80.1821218 25.7791106))",way/301237009,right,339.6,48,
Southeast 15th Road (left),25.7583524,-80.1934816,"POLYGON((-80.1929317 25.7580487, -80.1940174 25.7586757, -80.1940314 25.7586560, -80.1929457 25.7580291, -80.1929317 25.7580487))",Southeast 15th Road,left,129.3,17,
Southeast 15th Road (right),25.7584219,-80.1934320,"POLYGON((-80.1928822 25.7581183, -80.1939679 25.7587452, -80.1939819 25.7587256, -80.1928962 25.7580986, -80.1928822 25.7581183))",Southeast 15th Road,right,129.3,17,
Southwest 15th Road (left),25.7600048,-80.1963247,"POLYGON((-80.1961480 25.7599258, -80.1964883 25.7601040, -80.1965014 25.7600838, -80.1961611 25.7599056, -80.1961480 25.7599258))",Southwest 15th Road,left,39.5,3,
Southwest 15th Road (right),25.7600762,-80.1962786,"POLYGON((-80.1961019 25.7599972, -80.1964422 25.7601754, -80.1964553 25.7601552, -80.1961150 25.7599770, -80.1961019 25.7599972))",Southwest 15th Road,right,39.5,3,
Southwest 15th Road (left),25.7603204,-80.1968721,"POLYGON((-80.1964901 25.7601049, -80.1972397 25.7605552, -80.1972541 25.7605358, -80.1965044 25.7600855, -80.1964901 25.7601049))",Southwest 15th Road,left,90.3,11,
Southwest 15th Road (right),25.7603891,-80.1968211,"POLYGON((-80.1964391 25.7601737, -80.1971888 25.7606240, -80.1972031 25.7606046, -80.1964535 25.7601543, -80.1964391 25.7601737))",Southwest 15th Road,right,90.3,11,
Southwest 15th Road (left),25.7607867,-80.1976710,"POLYGON((-80.1972389 25.7605548, -80.1980893 25.7610384, -80.1981032 25.7610186, -80.1972528 25.7605351, -80.1972389 25.7605548))",Southwest 15th Road,left,100.8,12,
Southwest 15th Road (right),25.7608566,-80.1976221,"POLYGON((-80.1971899 25.7606247, -80.1980403 25.7611082, -80.1980542 25.7610885, -80.1972038 25.7606049, -80.1971899 25.7606247))",Southwest 15th Road,right,100.8,12,
Southwest 15th Road (left),25.7589804,-80.1946340,"POLYGON((-80.1950329 25.7591694, -80.1942479 25.7587711, -80.1942352 25.7587914, -80.1950202 25.7591897, -80.1950329 25.7591694))",Southwest 15th Road,left,90.3,11,
Southwest 15th Road (right),25.7589084,-80.1946791,"POLYGON((-80.1950779 25.7590974, -80.1942929 25.7586991, -80.1942802 25.7587194, -80.1950652 25.7591177, -80.1950779 25.7590974))",Southwest 15th Road,right,90.3,11,
West Flagler Street (left),25.7742401,-80.2001365,"POLYGON((-80.1999433 25.7742467, -80.2003288 25.7742570, -80.2003296 25.7742336, -80.1999441 25.7742233, -80.1999433 25.7742467))",West Flagler Street,left,38.7,3,
West Flagler Street (right),25.7743228,-80.2001337,"POLYGON((-80.1999406 25.7743293, -80.2003261 25.7743396, -80.2003269 25.7743162, -80.1999414 25.7743059, -80.1999406 25.7743293))",West Flagler Street,right,38.7,3,
West Flagler Street (left),25.7742842,-80.2001162,"POLYGON((-80.1999200 25.7743338, -80.2003179 25.7742575, -80.2003125 25.7742346, -80.1999146 25.7743109, -80.1999200 25.7743338))",West Flagler Street,left,40.8,3,
West Flagler Street (right),25.7743650,-80.2001354,"POLYGON((-80.1999391 25.7744146, -80.2003370 25.7743383, -80.2003316 25.7743154, -80.1999337 25.7743917, -80.1999391 25.7744146))",West Flagler Street,right,40.8,3,
Southwest 4th Street (left),25.7705497,-80.1973825,"POLYGON((-80.1976024 25.7705304, -80.1971615 25.7705456, -80.1971625 25.7705690, -80.1976034 25.7705538, -80.1976024 25.7705304))",Southwest 4th Street,left,44.2,4,
Southwest 4th Street (right),25.7704671,-80.1973789,"POLYGON((-80.1975989 25.7704478, -80.1971580 25.7704630, -80.1971590 25.7704864, -80.1975999 25.7704712, -80.1975989 25.7704478))",Southwest 4th Street,right,44.2,4,
4th Avenue Circle West (left),25.7944036,-80.2017725,"POLYGON((-80.2017562 25.7941328, -80.2017629 25.7946747, -80.2017889 25.7946744, -80.2017822 25.7941325, -80.2017562 25.7941328))",4th Avenue Circle West,left,60.3,6,
4th Avenue Circle West (right),25.7944045,-80.2016808,"POLYGON((-80.2016644 25.7941337, -80.2016711 25.7946756, -80.2016971 25.7946753, -80.2016904 25.7941334, -80.2016644 25.7941337))",4th Avenue Circle West,right,60.3,6,
Northwest 19th Street (left),25.7936354,-80.1998299,"POLYGON((-80.2003206 25.7936008, -80.1993379 25.7936467, -80.1993392 25.7936700, -80.2003219 25.7936241, -80.2003206 25.7936008))",Northwest 19th Street,left,98.6,12,
Northwest 19th Street (right),25.7935529,-80.1998252,"POLYGON((-80.2003159 25.7935183, -80.1993332 25.7935642, -80.1993345 25.7935875, -80.2003172 25.7935416, -80.2003159 25.7935183))",Northwest 19th Street,right,98.6,12,
Northwest 19th Terrace (left),25.7941724,-80.2022709,"POLYGON((-80.2024388 25.7941600, -80.2021028 25.7941613, -80.2021030 25.7941847, -80.2024390 25.7941834, -80.2024388 25.7941600))",Northwest 19th Terrace,left,33.7,2,
Northwest 19th Terrace (right),25.7940897,-80.2022705,"POLYGON((-80.2024384 25.7940774, -80.2021024 25.7940787, -80.2021026 25.7941021, -80.2024386 25.7941008, -80.2024384 25.7940774))",Northwest 19th Terrace,right,33.7,2,
Northwest 19th Terrace (left),25.7941737,-80.2019132,"POLYGON((-80.2021028 25.7941613, -80.2017234 25.7941627, -80.2017235 25.7941861, -80.2021029 25.7941847, -80.2021028 25.7941613))",Northwest 19th Terrace,left,38.0,3,
Northwest 19th Terrace (right),25.7940911,-80.2019128,"POLYGON((-80.2021025 25.7940787, -80.2017231 25.7940801, -80.2017232 25.7941035, -80.2021026 25.7941021, -80.2021025 25.7940787))",Northwest 19th Terrace,right,38.0,3,
Northwest 19th Terrace (left),25.7941733,-80.2015615,"POLYGON((-80.2017231 25.7941627, -80.2014002 25.7941605, -80.2014000 25.7941839, -80.2017229 25.7941861, -80.2017231 25.7941627))",Northwest 19th Terrace,left,32.4,2,
Northwest 19th Terrace (right),25.7940907,-80.2015622,"POLYGON((-80.2017237 25.7940801, -80.2014008 25.7940779, -80.2014006 25.7941013, -80.2017235 25.7941035, -80.2017237 25.7940801))",Northwest 19th Terrace,right,32.4,2,
Northwest 19th Terrace (left),25.7941720,-80.2012322,"POLYGON((-80.2014004 25.7941605, -80.2010641 25.7941601, -80.2010640 25.7941835, -80.2014003 25.7941839, -80.2014004 25.7941605))",Northwest 19th Terrace,left,33.7,2,
Northwest 19th Terrace (right),25.7940894,-80.2012323,"POLYGON((-80.2014005 25.7940779, -80.2010642 25.7940775, -80.2010641 25.7941009, -80.2014004 25.7941013, -80.2014005 25.7940779))",Northwest 19th Terrace,right,33.7,2,
way/352828000 (left),25.7951290,-80.2013676,"POLYGON((-80.2013857 25.7952495, -80.2013754 25.7950075, -80.2013495 25.7950084, -80.2013598 25.7952504, -80.2013857 25.7952495))",way/352828000,left,27.0,1,
way/352828000 (right),25.7951258,-80.2014593,"POLYGON((-80.2014774 25.7952464, -80.2014671 25.7950044, -80.2014412 25.7950053, -80.2014515 25.7952473, -80.2014774 25.7952464))",way/352828000,right,27.0,1,
way/352828000 (left),25.7948479,-80.2013535,"POLYGON((-80.2013754 25.7950079, -80.2013575 25.7946867, -80.2013316 25.7946879, -80.2013495 25.7950091, -80.2013754 25.7950079))",way/352828000,left,35.8,3,
way/352828000 (right),25.7948437,-80.2014452,"POLYGON((-80.2014671 25.7950037, -80.2014492 25.7946825, -80.2014233 25.7946837, -80.2014412 25.7950049, -80.2014671 25.7950037))",way/352828000,right,35.8,3,
Southwest 25th Road (left),25.7554112,-80.2067445,"POLYGON((-80.2062678 25.7548605, -80.2072006 25.7559760, -80.2072213 25.7559619, -80.2062885 25.7548464, -80.2062678 25.7548605))",Southwest 25th Road,left,155.5,20,
Southwest 25th Road (right),25.7554609,-80.2066713,"POLYGON((-80.2061945 25.7549102, -80.2071273 25.7560257, -80.2071480 25.7560116, -80.2062152 25.7548961, -80.2061945 25.7549102))",Southwest 25th Road,right,155.5,20,
South 4th Street (left),25.7708680,-80.1943797,"POLYGON((-80.1946577 25.7708464, -80.1941006 25.7708662, -80.1941016 25.7708896, -80.1946587 25.7708698, -80.1946577 25.7708464))",South 4th Street,left,55.9,6,
South 4th Street (right),25.7707854,-80.1943760,"POLYGON((-80.1946541 25.7707638, -80.1940970 25.7707836, -80.1940980 25.7708070, -80.1946551 25.7707872, -80.1946541 25.7707638))",South 4th Street,right,55.9,6,
Water Avenue (left),25.7713045,-80.1947265,"POLYGON((-80.1947474 25.7715248, -80.1947315 25.7710836, -80.1947056 25.7710843, -80.1947215 25.7715255, -80.1947474 25.7715248))",Water Avenue,left,49.1,5,
Water Avenue (right),25.7713019,-80.1948182,"POLYGON((-80.1948391 25.7715221, -80.1948232 25.7710809, -80.1947973 25.7710816, -80.1948132 25.7715228, -80.1948391 25.7715221))",Water Avenue,right,49.1,5,
Water Avenue (left),25.7704892,-80.1947085,"POLYGON((-80.1947055 25.7702477, -80.1946856 25.7707299, -80.1947115 25.7707308, -80.1947314 25.7702485, -80.1947055 25.7702477))",Water Avenue,left,53.7,5,
Water Avenue (right),25.7704862,-80.1946168,"POLYGON((-80.1946138 25.7702446, -80.1945939 25.7707269, -80.1946198 25.7707277, -80.1946397 25.7702455, -80.1946138 25.7702446))",Water Avenue,right,53.7,5,
way/372780230 (left),25.7847256,-80.2076543,"POLYGON((-80.2084847 25.7846210, -80.2068206 25.7848070, -80.2068238 25.7848302, -80.2084879 25.7846442, -80.2084847 25.7846210))",way/372780230,left,168.1,22,
way/372780230 (right),25.7846436,-80.2076429,"POLYGON((-80.2084734 25.7845390, -80.2068093 25.7847250, -80.2068125 25.7847482, -80.2084766 25.7845622, -80.2084734 25.7845390))",way/372780230,right,168.1,22,
Northwest 1st Avenue (left),25.7810400,-80.1956038,"POLYGON((-80.1958282 25.7818156, -80.1954046 25.7802588, -80.1953794 25.7802644, -80.1958030 25.7818211, -80.1958282 25.7818156))",Northwest 1st Avenue,left,178.4,24,
Northwest 1st Avenue (right),25.7810203,-80.1956930,"POLYGON((-80.1959174 25.7817959, -80.1954938 25.7802392, -80.1954686 25.7802447, -80.1958922 25.7818015, -80.1959174 25.7817959))",Northwest 1st Avenue,right,178.4,24,
Northwest 1st Avenue (left),25.7822823,-80.1958050,"POLYGON((-80.1957772 25.7818006, -80.1958069 25.7827647, -80.1958328 25.7827640, -80.1958031 25.7817999, -80.1957772 25.7818006))",Northwest 1st Avenue,left,107.4,13,
Northwest 1st Avenue (right),25.7822846,-80.1957133,"POLYGON((-80.1956855 25.7818029, -80.1957152 25.7827670, -80.1957411 25.7827663, -80.1957114 25.7818022, -80.1956855 25.7818029))",Northwest 1st Avenue,right,107.4,13,
Northwest 1st Avenue (left),25.7832377,-80.1958952,"POLYGON((-80.1958040 25.7827452, -80.1959607 25.7837335, -80.1959864 25.7837302, -80.1958297 25.7827419, -80.1958040 25.7827452))",Northwest 1st Avenue,left,111.1,14,
Northwest 1st Avenue (right),25.7832494,-80.1958044,"POLYGON((-80.1957132 25.7827569, -80.1958699 25.7837452, -80.1958956 25.7837419, -80.1957389 25.7827536, -80.1957132 25.7827569))",Northwest 1st Avenue,right,111.1,14,
Northwest 1st Avenue (left),25.7834003,-80.1964283,"POLYGON((-80.1964053 25.7830936, -80.1964253 25.7837076, -80.1964512 25.7837069, -80.1964312 25.7830929, -80.1964053 25.7830936))",Northwest 1st Avenue,left,68.4,7,
Northwest 1st Avenue (right),25.7834027,-80.1963365,"POLYGON((-80.1963136 25.7830961, -80.1963336 25.7837101, -80.1963595 25.7837094, -80.1963395 25.7830954, -80.1963136 25.7830961))",Northwest 1st Avenue,right,68.4,7,
Northwest 1st Avenue (left),25.7841877,-80.1964540,"POLYGON((-80.1964253 25.7837075, -80.1964568 25.7846685, -80.1964827 25.7846678, -80.1964512 25.7837068, -80.1964253 25.7837075))",Northwest 1st Avenue,left,107.0,13,
Northwest 1st Avenue (right),25.7841901,-80.1963623,"POLYGON((-80.1963336 25.7837100, -80.1963651 25.7846710, -80.1963910 25.7846703, -80.1963595 25.7837093, -80.1963336 25.7837100))",Northwest 1st Avenue,right,107.0,13,
Northwest 1st Avenue (left),25.7848496,-80.1964744,"POLYGON((-80.1964568 25.7846686, -80.1964660 25.7850312, -80.1964919 25.7850306, -80.1964827 25.7846681, -80.1964568 25.7846686))",Northwest 1st Avenue,left,40.4,3,
Northwest 1st Avenue (right),25.7848515,-80.1963826,"POLYGON((-80.1963651 25.7846705, -80.1963743 25.7850330, -80.1964002 25.7850325, -80.1963910 25.7846699, -80.1963651 25.7846705))",Northwest 1st Avenue,right,40.4,3,
Northwest 1st Avenue (left),25.7855107,-80.1964831,"POLYGON((-80.1964660 25.7850315, -80.1964742 25.7859901, -80.1965002 25.7859899, -80.1964920 25.7850313, -80.1964660 25.7850315))",Northwest 1st Avenue,left,106.7,13,
Northwest 1st Avenue (right),25.7855114,-80.1963913,"POLYGON((-80.1963742 25.7850322, -80.1963824 25.7859908, -80.1964084 25.7859906, -80.1964002 25.7850320, -80.1963742 25.7850322))",Northwest 1st Avenue,right,106.7,13,
Northwest 9th Street (left),25.7827495,-80.1948629,"POLYGON((-80.1940813 25.7827854, -80.1956454 25.7827370, -80.1956445 25.7827136, -80.1940804 25.7827620, -80.1940813 25.7827854))",Northwest 9th Street,left,156.9,21,
Northwest 9th Street (right),25.7828321,-80.1948661,"POLYGON((-80.1940845 25.7828680, -80.1956486 25.7828196, -80.1956477 25.7827962, -80.1940836 25.7828446, -80.1940845 25.7828680))",Northwest 9th Street,right,156.9,21,
Northwest 9th Street (left),25.7828321,-80.1948661,"POLYGON((-80.1956488 25.7827962, -80.1940824 25.7828447, -80.1940833 25.7828680, -80.1956497 25.7828195, -80.1956488 25.7827962))",Northwest 9th Street,left,157.1,21,
Northwest 9th Street (right),25.7827495,-80.1948629,"POLYGON((-80.1956457 25.7827136, -80.1940793 25.7827621, -80.1940802 25.7827854, -80.1956466 25.7827369, -80.1956457 25.7827136))",Northwest 9th Street,right,157.1,21,
Northwest 1st Avenue (left),25.7792008,-80.1953583,"POLYGON((-80.1953686 25.7789270, -80.1953222 25.7794727, -80.1953481 25.7794745, -80.1953944 25.7789288, -80.1953686 25.7789270))",Northwest 1st Avenue,left,60.9,6,
Northwest 1st Avenue (right),25.7791944,-80.1952668,"POLYGON((-80.1952770 25.7789207, -80.1952307 25.7794664, -80.1952565 25.7794682, -80.1953029 25.7789225, -80.1952770 25.7789207))",Northwest 1st Avenue,right,60.9,6,
Water Avenue (left),25.7700905,-80.1946715,"POLYGON((-80.1946395 25.7702461, -80.1947286 25.7699407, -80.1947035 25.7699348, -80.1946145 25.7702402, -80.1946395 25.7702461))",Water Avenue,left,35.2,2,
Water Avenue (right),25.7701114,-80.1947603,"POLYGON((-80.1947283 25.7702671, -80.1948173 25.7699617, -80.1947923 25.7699558, -80.1947032 25.7702612, -80.1947283 25.7702671))",Water Avenue,right,35.2,2,
Venetian Way (left),25.7899055,-80.1813001,"POLYGON((-80.1814591 25.7898863, -80.1811398 25.7899013, -80.1811412 25.7899246, -80.1814605 25.7899096, -80.1814591 25.7898863))",Venetian Way,left,32.0,2,
Venetian Way (right),25.7898229,-80.1812954,"POLYGON((-80.1814543 25.7898038, -80.1811350 25.7898188, -80.1811364 25.7898421, -80.1814557 25.7898271, -80.1814543 25.7898038))",Venetian Way,right,32.0,2,
Venetian Way (left),25.7899544,-80.1802604,"POLYGON((-80.1811398 25.7899013, -80.1793796 25.7899842, -80.1793810 25.7900075, -80.1811412 25.7899246, -80.1811398 25.7899013))",Venetian Way,left,176.7,24,
Venetian Way (right),25.7898719,-80.1802556,"POLYGON((-80.1811350 25.7898188, -80.1793748 25.7899017, -80.1793762 25.7899250, -80.1811364 25.7898421, -80.1811350 25.7898188))",Venetian Way,right,176.7,24,
Southwest 2nd Avenue (left),25.7556250,-80.2049858,"POLYGON((-80.2046155 25.7558933, -80.2053719 25.7553752, -80.2053562 25.7553566, -80.2045998 25.7558747, -80.2046155 25.7558933))",Southwest 2nd Avenue,left,95.3,11,
Southwest 2nd Avenue (right),25.7556907,-80.2050414,"POLYGON((-80.2046710 25.7559591, -80.2054274 25.7554410, -80.2054117 25.7554224, -80.2046553 25.7559405, -80.2046710 25.7559591))",Southwest 2nd Avenue,right,95.3,11,
Southwest 2nd Avenue (left),25.7550786,-80.2057984,"POLYGON((-80.2054389 25.7553261, -80.2061731 25.7548501, -80.2061579 25.7548311, -80.2054237 25.7553072, -80.2054389 25.7553261))",Southwest 2nd Avenue,left,90.7,11,
Southwest 2nd Avenue (right),25.7551457,-80.2058520,"POLYGON((-80.2054925 25.7553932, -80.2062267 25.7549171, -80.2062115 25.7548982, -80.2054773 25.7553742, -80.2054925 25.7553932))",Southwest 2nd Avenue,right,90.7,11,
Northeast 3rd Street (left),25.7773958,-80.1873251,"POLYGON((-80.1874793 25.7773629, -80.1871671 25.7774056, -80.1871710 25.7774287, -80.1874831 25.7773860, -80.1874793 25.7773629))",Northeast 3rd Street,left,31.6,2,
Northeast 3rd Street (right),25.7773141,-80.1873114,"POLYGON((-80.1874655 25.7772812, -80.1871534 25.7773239, -80.1871572 25.7773470, -80.1874694 25.7773043, -80.1874655 25.7772812))",Northeast 3rd Street,right,31.6,2,
Northeast 9th Street (left),25.7829866,-80.1900696,"POLYGON((-80.1905676 25.7829531, -80.1895703 25.7829967, -80.1895716 25.7830200, -80.1905689 25.7829764, -80.1905676 25.7829531))",Northeast 9th Street,left,100.1,12,
Northeast 9th Street (right),25.7829040,-80.1900651,"POLYGON((-80.1905631 25.7828706, -80.1895658 25.7829142, -80.1895671 25.7829375, -80.1905644 25.7828939, -80.1905631 25.7828706))",Northeast 9th Street,right,100.1,12,
Northeast 17th Street (left),25.7913912,-80.1892517,"POLYGON((-80.1890165 25.7914030, -80.1894869 25.7914028, -80.1894869 25.7913794, -80.1890165 25.7913796, -80.1890165 25.7914030))",Northeast 17th Street,left,47.1,4,
Northeast 17th Street (right),25.7914738,-80.1892518,"POLYGON((-80.1890166 25.7914856, -80.1894870 25.7914854, -80.1894870 25.7914620, -80.1890166 25.7914622, -80.1890166 25.7914856))",Northeast 17th Street,right,47.1,4,
Miamarina Parkway Drive (left),25.7780611,-80.1878239,"POLYGON((-80.1875645 25.7779813, -80.1880737 25.7781627, -80.1880832 25.7781410, -80.1875741 25.7779595, -80.1875645 25.7779813))",Miamarina Parkway Drive,left,54.9,5,
Miamarina Parkway Drive (right),25.7781380,-80.1877901,"POLYGON((-80.1875308 25.7780581, -80.1880399 25.7782396, -80.1880495 25.7782178, -80.1875403 25.7780364, -80.1875308 25.7780581))",Miamarina Parkway Drive,right,54.9,5,
Northeast 17th Terrace (left),25.7924073,-80.1877503,"POLYGON((-80.1876493 25.7923344, -80.1878332 25.7924969, -80.1878514 25.7924802, -80.1876675 25.7923178, -80.1876493 25.7923344))",Northeast 17th Terrace,left,25.8,1,
Northeast 17th Terrace (right),25.7924663,-80.1876861,"POLYGON((-80.1875850 25.7923934, -80.1877689 25.7925558, -80.1877871 25.7925392, -80.1876032 25.7923767, -80.1875850 25.7923934))",Northeast 17th Terrace,right,25.8,1,
Northeast 17th Terrace (left),25.7924803,-80.1878209,"POLYGON((-80.1878759 25.7925775, -80.1877901 25.7923748, -80.1877658 25.7923831, -80.1878517 25.7925859, -80.1878759 25.7925775))",Northeast 17th Terrace,left,24.2,1,
Northeast 17th Terrace (right),25.7924509,-80.1879066,"POLYGON((-80.1879617 25.7925481, -80.1878758 25.7923453, -80.1878516 25.7923537, -80.1879374 25.7925564, -80.1879617 25.7925481))",Northeast 17th Terrace,right,24.2,1,
Northwest 15th Street (left),25.7893542,-80.2101158,"POLYGON((-80.2099698 25.7893650, -80.2102616 25.7893668, -80.2102618 25.7893434, -80.2099699 25.7893416, -80.2099698 25.7893650))",Northwest 15th Street,left,29.3,2,
Northwest 15th Street (right),25.7894368,-80.2101151,"POLYGON((-80.2099691 25.7894476, -80.2102610 25.7894494, -80.2102611 25.7894260, -80.2099693 25.7894242, -80.2099691 25.7894476))",Northwest 15th Street,right,29.3,2,
Northwest 15th Street (left),25.7893845,-80.2090176,"POLYGON((-80.2092816 25.7894492, -80.2087616 25.7892976, -80.2087536 25.7893198, -80.2092736 25.7894715, -80.2092816 25.7894492))",Northwest 15th Street,left,54.8,5,
Northwest 15th Street (right),25.7893059,-80.2090459,"POLYGON((-80.2093099 25.7893706, -80.2087899 25.7892189, -80.2087819 25.7892412, -80.2093019 25.7893928, -80.2093099 25.7893706))",Northwest 15th Street,right,54.8,5,
Northwest 15th Street (left),25.7893638,-80.2096198,"POLYGON((-80.2092720 25.7893860, -80.2099685 25.7893650, -80.2099676 25.7893416, -80.2092711 25.7893626, -80.2092720 25.7893860))",Northwest 15th Street,left,69.9,8,
Northwest 15th Street (right),25.7894464,-80.2096229,"POLYGON((-80.2092751 25.7894686, -80.2099716 25.7894476, -80.2099707 25.7894242, -80.2092742 25.7894452, -80.2092751 25.7894686))",Northwest 15th Street,right,69.9,8,
Northwest 9th Avenue (left),25.7891991,-80.2100804,"POLYGON((-80.2101411 25.7889688, -80.2099948 25.7894228, -80.2100197 25.7894294, -80.2101660 25.7889753, -80.2101411 25.7889688))",Northwest 9th Avenue,left,52.6,5,
Northwest 9th Avenue (right),25.7891760,-80.2099922,"POLYGON((-80.2100529 25.7889457, -80.2099066 25.7893998, -80.2099315 25.7894063, -80.2100778 25.7889523, -80.2100529 25.7889457))",Northwest 9th Avenue,right,52.6,5,
Northwest 19th Street (left),25.7941407,-80.1962266,"POLYGON((-80.1957380 25.7941654, -80.1967160 25.7941394, -80.1967153 25.7941160, -80.1957373 25.7941420, -80.1957380 25.7941654))",Northwest 19th Street,left,98.1,12,
Northwest 19th Street (right),25.7942233,-80.1962294,"POLYGON((-80.1957407 25.7942480, -80.1967187 25.7942220, -80.1967180 25.7941986, -80.1957400 25.7942246, -80.1957407 25.7942480))",Northwest 19th Street,right,98.1,12,
Key Way (left),25.7707524,-80.1951977,"POLYGON((-80.1956421 25.7707272, -80.1947524 25.7707543, -80.1947533 25.7707777, -80.1956430 25.7707506, -80.1956421 25.7707272))",Key Way,left,89.2,11,
Key Way (right),25.7706699,-80.1951946,"POLYGON((-80.1956390 25.7706446, -80.1947493 25.7706717, -80.1947502 25.7706951, -80.1956399 25.7706680, -80.1956390 25.7706446))",Key Way,right,89.2,11,
Southwest 4th Street (left),25.7705944,-80.1965525,"POLYGON((-80.1971634 25.7705455, -80.1959400 25.7706199, -80.1959417 25.7706432, -80.1971651 25.7705688, -80.1971634 25.7705455))",Southwest 4th Street,left,122.9,16,
Southwest 4th Street (right),25.7705119,-80.1965464,"POLYGON((-80.1971572 25.7704631, -80.1959338 25.7705375, -80.1959355 25.7705608, -80.1971589 25.7704864, -80.1971572 25.7704631))",Southwest 4th Street,right,122.9,16,
Northwest 4th Street (left),25.7776611,-80.2031630,"POLYGON((-80.2034422 25.7775378, -80.2028734 25.7777629, -80.2028839 25.7777843, -80.2034526 25.7775592, -80.2034422 25.7775378))",Northwest 4th Street,left,62.3,7,
Northwest 4th Street (right),25.7775854,-80.2031261,"POLYGON((-80.2034052 25.7774622, -80.2028365 25.7776873, -80.2028469 25.7777087, -80.2034157 25.7774836, -80.2034052 25.7774622))",Northwest 4th Street,right,62.3,7,
Northwest 4th Street (left),25.7776962,-80.2031701,"POLYGON((-80.2028600 25.7777062, -80.2034801 25.7777096, -80.2034803 25.7776862, -80.2028602 25.7776828, -80.2028600 25.7777062))",Northwest 4th Street,left,62.2,7,
Northwest 4th Street (right),25.7777788,-80.2031696,"POLYGON((-80.2028594 25.7777888, -80.2034795 25.7777922, -80.2034797 25.7777688, -80.2028596 25.7777654, -80.2028594 25.7777888))",Northwest 4th Street,right,62.2,7,
Southwest 20th Road (left),25.7629249,-80.2065588,"POLYGON((-80.2064603 25.7627584, -80.2066336 25.7631012, -80.2066572 25.7630915, -80.2064839 25.7627487, -80.2064603 25.7627584))",Southwest 20th Road,left,41.9,3,
Southwest 20th Road (right),25.7629592,-80.2064752,"POLYGON((-80.2063768 25.7627926, -80.2065501 25.7631354, -80.2065737 25.7631257, -80.2064004 25.7627829, -80.2063768 25.7627926))",Southwest 20th Road,right,41.9,3,
Southwest 7th Avenue (left),25.7616510,-80.2074337,"POLYGON((-80.2070296 25.7619430, -80.2078534 25.7613776, -80.2078377 25.7613590, -80.2070139 25.7619244, -80.2070296 25.7619430))",Southwest 7th Avenue,left,103.8,13,
Southwest 7th Avenue (right),25.7617168,-80.2074893,"POLYGON((-80.2070853 25.7620088, -80.2079091 25.7614434, -80.2078934 25.7614248, -80.2070696 25.7619902, -80.2070853 25.7620088))",Southwest 7th Avenue,right,103.8,13,
Southwest 7th Avenue (left),25.7611785,-80.2081246,"POLYGON((-80.2078536 25.7613775, -80.2084113 25.7609981, -80.2083956 25.7609795, -80.2078379 25.7613589, -80.2078536 25.7613775))",Southwest 7th Avenue,left,70.1,8,
Southwest 7th Avenue (right),25.7612445,-80.2081799,"POLYGON((-80.2079089 25.7614435, -80.2084666 25.7610641, -80.2084509 25.7610455, -80.2078932 25.7614249, -80.2079089 25.7614435))",Southwest 7th Avenue,right,70.1,8,
Southwest 25th Road (left),25.7578475,-80.2088555,"POLYGON((-80.2093011 25.7583601, -80.2084305 25.7573209, -80.2084098 25.7573350, -80.2092804 25.7583742, -80.2093011 25.7583601))",Southwest 25th Road,left,144.9,19,
Southwest 25th Road (right),25.7577978,-80.2089287,"POLYGON((-80.2093744 25.7583103, -80.2085038 25.7572711, -80.2084831 25.7572852, -80.2093537 25.7583244, -80.2093744 25.7583103))",Southwest 25th Road,right,144.9,19,
Southwest 25th Road (left),25.7578924,-80.2087854,"POLYGON((-80.2083401 25.7573824, -80.2092100 25.7584166, -80.2092306 25.7584025, -80.2083608 25.7573683, -80.2083401 25.7573824))",Southwest 25th Road,left,144.4,19,
Southwest 25th Road (right),25.7579424,-80.2087122,"POLYGON((-80.2082670 25.7574323, -80.2091368 25.7584665, -80.2091575 25.7584524, -80.2082876 25.7574182, -80.2082670 25.7574323))",Southwest 25th Road,right,144.4,19,
Southwest 5th Avenue (left),25.7573276,-80.2110038,"POLYGON((-80.2117520 25.7567986, -80.2102400 25.7578382, -80.2102557 25.7578567, -80.2117677 25.7568171, -80.2117520 25.7567986))",Southwest 5th Avenue,left,190.7,26,
Southwest 5th Avenue (right),25.7572620,-80.2109482,"POLYGON((-80.2116963 25.7567329, -80.2101843 25.7577725, -80.2102000 25.7577910, -80.2117120 25.7567514, -80.2116963 25.7567329))",Southwest 5th Avenue,right,190.7,26,
Southwest 5th Avenue (left),25.7580991,-80.2098813,"POLYGON((-80.2102400 25.7578382, -80.2095070 25.7583414, -80.2095227 25.7583600, -80.2102557 25.7578568, -80.2102400 25.7578382))",Southwest 5th Avenue,left,92.4,11,
Southwest 5th Avenue (right),25.7580333,-80.2098257,"POLYGON((-80.2101843 25.7577724, -80.2094513 25.7582756, -80.2094670 25.7582942, -80.2102000 25.7577910, -80.2101843 25.7577724))",Southwest 5th Avenue,right,92.4,11,
Southwest 4th Avenue (left),25.7563738,-80.2096608,"POLYGON((-80.2100274 25.7560976, -80.2092781 25.7566316, -80.2092942 25.7566499, -80.2100435 25.7561159, -80.2100274 25.7560976))",Southwest 4th Avenue,left,95.8,12,
Southwest 4th Avenue (right),25.7563089,-80.2096038,"POLYGON((-80.2099704 25.7560328, -80.2092211 25.7565668, -80.2092372 25.7565851, -80.2099865 25.7560511, -80.2099704 25.7560328))",Southwest 4th Avenue,right,95.8,12,
Southwest 4th Avenue (left),25.7569608,-80.2088040,"POLYGON((-80.2092048 25.7566841, -80.2083878 25.7572187, -80.2084031 25.7572376, -80.2092201 25.7567030, -80.2092048 25.7566841))",Southwest 4th Avenue,left,101.2,12,
Southwest 4th Avenue (right),25.7568940,-80.2087500,"POLYGON((-80.2091509 25.7566172, -80.2083339 25.7571518, -80.2083492 25.7571707, -80.2091662 25.7566361, -80.2091509 25.7566172))",Southwest 4th Avenue,right,101.2,12,
Southwest 5th Avenue (left),25.7605438,-80.2063357,"POLYGON((-80.2066271 25.7603247, -80.2060284 25.7607444, -80.2060443 25.7607628, -80.2066430 25.7603431, -80.2066271 25.7603247))",Southwest 5th Avenue,left,76.1,9,
Southwest 5th Avenue (right),25.7604785,-80.2062794,"POLYGON((-80.2065708 25.7602595, -80.2059721 25.7606792, -80.2059880 25.7606976, -80.2065867 25.7602779, -80.2065708 25.7602595))",Southwest 5th Avenue,right,76.1,9,
Southwest 5th Avenue (left),25.7609666,-80.2057259,"POLYGON((-80.2060281 25.7607446, -80.2054079 25.7611700, -80.2054237 25.7611886, -80.2060439 25.7607632, -80.2060281 25.7607446))",Southwest 5th Avenue,left,78.2,9,
Southwest 5th Avenue (right),25.7609008,-80.2056703,"POLYGON((-80.2059725 25.7606788, -80.2053523 25.7611042, -80.2053681 25.7611228, -80.2059883 25.7606974, -80.2059725 25.7606788))",Southwest 5th Avenue,right,78.2,9,
Southwest 23rd Road (left),25.7614876,-80.2093062,"POLYGON((-80.2089095 25.7610346, -80.2096823 25.7619547, -80.2097029 25.7619406, -80.2089302 25.7610205, -80.2089095 25.7610346))",Southwest 23rd Road,left,128.4,16,
Southwest 23rd Road (right),25.7615375,-80.2092331,"POLYGON((-80.2088364 25.7610845, -80.2096091 25.7620046, -80.2096298 25.7619905, -80.2088570 25.7610704, -80.2088364 25.7610845))",Southwest 23rd Road,right,128.4,16,
Southwest 23rd Road (left),25.7624789,-80.2100782,"POLYGON((-80.2096770 25.7619474, -80.2104576 25.7630233, -80.2104793 25.7630105, -80.2096988 25.7619346, -80.2096770 25.7619474))",Southwest 23rd Road,left,143.1,19,
Southwest 23rd Road (right),25.7625242,-80.2100013,"POLYGON((-80.2096002 25.7619926, -80.2103807 25.7630685, -80.2104025 25.7630557, -80.2096219 25.7619798, -80.2096002 25.7619926))",Southwest 23rd Road,right,143.1,19,
Southwest 7th Avenue (left),25.7604304,-80.2092093,"POLYGON((-80.2089315 25.7606410, -80.2095031 25.7602383, -80.2094871 25.7602199, -80.2089155 25.7606226, -80.2089315 25.7606410))",Southwest 7th Avenue,left,72.8,8,
Southwest 7th Avenue (right),25.7604955,-80.2092659,"POLYGON((-80.2089881 25.7607060, -80.2095597 25.7603033, -80.2095437 25.7602849, -80.2089721 25.7606876, -80.2089881 25.7607060))",Southwest 7th Avenue,right,72.8,8,
Southwest 7th Avenue (left),25.7599438,-80.2099151,"POLYGON((-80.2095036 25.7602379, -80.2103423 25.7596682, -80.2103267 25.7596496, -80.2094880 25.7602193, -80.2095036 25.7602379))",Southwest 7th Avenue,left,105.3,13,
Southwest 7th Avenue (right),25.7600097,-80.2099704,"POLYGON((-80.2095588 25.7603039, -80.2103975 25.7597342, -80.2103819 25.7597156, -80.2095432 25.7602853, -80.2095588 25.7603039))",Southwest 7th Avenue,right,105.3,13,
Southwest 7th Avenue (left),25.7594334,-80.2106611,"POLYGON((-80.2103421 25.7596684, -80.2109960 25.7592169, -80.2109802 25.7591983, -80.2103263 25.7596498, -80.2103421 25.7596684))",Southwest 7th Avenue,left,82.6,10,
Southwest 7th Avenue (right),25.7594989,-80.2107170,"POLYGON((-80.2103979 25.7597340, -80.2110518 25.7592825, -80.2110360 25.7592639, -80.2103821 25.7597154, -80.2103979 25.7597340))",Southwest 7th Avenue,right,82.6,10,
Southwest 26th Road (left),25.7547686,-80.2076601,"POLYGON((-80.2081428 25.7553327, -80.2071982 25.7541905, -80.2071774 25.7542045, -80.2081220 25.7553467, -80.2081428 25.7553327))",Southwest 26th Road,left,158.5,21,
Southwest 26th Road (right),25.7547192,-80.2077337,"POLYGON((-80.2082164 25.7552833, -80.2072718 25.7541411, -80.2072510 25.7541551, -80.2081956 25.7552973, -80.2082164 25.7552833))",Southwest 26th Road,right,158.5,21,
Southwest 26th Road (left),25.7560520,-80.2087307,"POLYGON((-80.2082305 25.7554748, -80.2092103 25.7566433, -80.2092310 25.7566292, -80.2082511 25.7554607, -80.2082305 25.7554748))",Southwest 26th Road,left,163.0,22,
Southwest 26th Road (right),25.7561018,-80.2086575,"POLYGON((-80.2081572 25.7555246, -80.2091371 25.7566931, -80.2091577 25.7566790, -80.2081779 25.7555105, -80.2081572 25.7555246))",Southwest 26th Road,right,163.0,22,
Southwest 26th Road (left),25.7572466,-80.2097676,"POLYGON((-80.2092646 25.7567065, -80.2102505 25.7578014, -80.2102706 25.7577867, -80.2092847 25.7566918, -80.2092646 25.7567065))",Southwest 26th Road,left,156.9,21,
Southwest 26th Road (right),25.7572986,-80.2096963,"POLYGON((-80.2091933 25.7567585, -80.2101792 25.7578534, -80.2101993 25.7578387, -80.2092134 25.7567438, -80.2091933 25.7567585))",Southwest 26th Road,right,156.9,21,
Southwest 25th Road (left),25.7566526,-80.2078307,"POLYGON((-80.2083309 25.7572105, -80.2073510 25.7560803, -80.2073306 25.7560946, -80.2083104 25.7572249, -80.2083309 25.7572105))",Southwest 25th Road,left,159.6,21,
Southwest 25th Road (right),25.7566017,-80.2079031,"POLYGON((-80.2084032 25.7571597, -80.2074234 25.7560294, -80.2074029 25.7560438, -80.2083828 25.7571740, -80.2084032 25.7571597))",Southwest 25th Road,right,159.6,21,
Southwest 22nd Road (left),25.7608397,-80.2074603,"POLYGON((-80.2070002 25.7603100, -80.2078997 25.7613833, -80.2079204 25.7613693, -80.2070209 25.7602960, -80.2070002 25.7603100))",Southwest 22nd Road,left,149.7,20,
Southwest 22nd Road (right),25.7608894,-80.2073870,"POLYGON((-80.2069269 25.7603598, -80.2078264 25.7614331, -80.2078471 25.7614191, -80.2069476 25.7603458, -80.2069269 25.7603598))",Southwest 22nd Road,right,149.7,20,
Southwest 22nd Road (left),25.7619462,-80.2083889,"POLYGON((-80.2078996 25.7613833, -80.2088576 25.7625231, -80.2088782 25.7625090, -80.2079203 25.7613692, -80.2078996 25.7613833))",Southwest 22nd Road,left,159.1,21,
Southwest 22nd Road (right),25.7619960,-80.2083158,"POLYGON((-80.2078265 25.7614332, -80.2087844 25.7625730, -80.2088051 25.7625589, -80.2078471 25.7614191, -80.2078265 25.7614332))",Southwest 22nd Road,right,159.1,21,
Southwest 5th Avenue (left),25.7588326,-80.2088142,"POLYGON((-80.2091185 25.7586095, -80.2084942 25.7590371, -80.2085099 25.7590557, -80.2091342 25.7586281, -80.2091185 25.7586095))",Southwest 5th Avenue,left,78.6,9,
Southwest 5th Avenue (right),25.7587668,-80.2087587,"POLYGON((-80.2090630 25.7585437, -80.2084387 25.7589713, -80.2084544 25.7589899, -80.2090787 25.7585623, -80.2090630 25.7585437))",Southwest 5th Avenue,right,78.6,9,
Southwest 5th Avenue (left),25.7593319,-80.2080900,"POLYGON((-80.2084944 25.7590370, -80.2076698 25.7596082, -80.2076856 25.7596267, -80.2085102 25.7590555, -80.2084944 25.7590370))",Southwest 5th Avenue,left,104.3,13,
Southwest 5th Avenue (right),25.7592663,-80.2080340,"POLYGON((-80.2084384 25.7589715, -80.2076138 25.7595427, -80.2076296 25.7595612, -80.2084542 25.7589900, -80.2084384 25.7589715))",Southwest 5th Avenue,right,104.3,13,
Southwest 5th Avenue (left),25.7598304,-80.2073694,"POLYGON((-80.2076697 25.7596082, -80.2070533 25.7600341, -80.2070691 25.7600527, -80.2076855 25.7596268, -80.2076697 25.7596082))",Southwest 5th Avenue,left,77.9,9,
Southwest 5th Avenue (right),25.7597649,-80.2073136,"POLYGON((-80.2076139 25.7595426, -80.2069975 25.7599685, -80.2070133 25.7599871, -80.2076297 25.7595612, -80.2076139 25.7595426))",Southwest 5th Avenue,right,77.9,9,
Northwest 15th Street (left),25.7897370,-80.2065683,"POLYGON((-80.2069442 25.7897174, -80.2061919 25.7897331, -80.2061925 25.7897565, -80.2069448 25.7897408, -80.2069442 25.7897174))",Northwest 15th Street,left,75.4,8,
Northwest 15th Street (right),25.7896543,-80.2065662,"POLYGON((-80.2069420 25.7896348, -80.2061897 25.7896505, -80.2061903 25.7896739, -80.2069426 25.7896582, -80.2069420 25.7896348))",Northwest 15th Street,right,75.4,8,
Southeast 3rd Avenue (left),25.7738871,-80.1889567,"POLYGON((-80.1889885 25.7742992, -80.1889508 25.7734741, -80.1889249 25.7734751, -80.1889626 25.7743002, -80.1889885 25.7742992))",Southeast 3rd Avenue,left,91.9,11,
Southeast 3rd Avenue (right),25.7738838,-80.1890484,"POLYGON((-80.1890802 25.7742958, -80.1890425 25.7734707, -80.1890166 25.7734717, -80.1890543 25.7742968, -80.1890802 25.7742958))",Southeast 3rd Avenue,right,91.9,11,
North Bayshore Drive (left),25.7873686,-80.1879803,"POLYGON((-80.1880319 25.7876551, -80.1879545 25.7870793, -80.1879288 25.7870821, -80.1880062 25.7876579, -80.1880319 25.7876551))",North Bayshore Drive,left,64.6,7,
North Bayshore Drive (right),25.7873587,-80.1880715,"POLYGON((-80.1881230 25.7876452, -80.1880456 25.7870694, -80.1880199 25.7870722, -80.1880973 25.7876480, -80.1881230 25.7876452))",North Bayshore Drive,right,64.6,7,
way/484587326 (left),25.7848325,-80.1889451,"POLYGON((-80.1887021 25.7848133, -80.1891845 25.7848748, -80.1891881 25.7848517, -80.1887057 25.7847902, -80.1887021 25.7848133))",way/484587326,left,48.8,5,
way/484587326 (right),25.7849143,-80.1889322,"POLYGON((-80.1886892 25.7848951, -80.1891716 25.7849566, -80.1891752 25.7849335, -80.1886928 25.7848720, -80.1886892 25.7848951))",way/484587326,right,48.8,5,
North Bayshore Drive (left),25.7920458,-80.1871990,"POLYGON((-80.1870876 25.7920038, -80.1872979 25.7921082, -80.1873104 25.7920877, -80.1871001 25.7919834, -80.1870876 25.7920038))",North Bayshore Drive,left,24.1,1,
North Bayshore Drive (right),25.7921181,-80.1871547,"POLYGON((-80.1870433 25.7920762, -80.1872536 25.7921805, -80.1872661 25.7921601, -80.1870558 25.7920557, -80.1870433 25.7920762))",North Bayshore Drive,right,24.1,1,
North Bayshore Drive (left),25.7917900,-80.1871042,"POLYGON((-80.1870776 25.7915519, -80.1871049 25.7920293, -80.1871308 25.7920281, -80.1871035 25.7915507, -80.1870776 25.7915519))",North Bayshore Drive,left,53.2,5,
North Bayshore Drive (right),25.7917943,-80.1870126,"POLYGON((-80.1869860 25.7915562, -80.1870133 25.7920336, -80.1870392 25.7920324, -80.1870119 25.7915550, -80.1869860 25.7915562))",North Bayshore Drive,right,53.2,5,
Northeast 17th Terrace (left),25.7924039,-80.1879964,"POLYGON((-80.1881684 25.7923870, -80.1878235 25.7923975, -80.1878244 25.7924209, -80.1881693 25.7924104, -80.1881684 25.7923870))",Northeast 17th Terrace,left,34.6,2,
Northeast 17th Terrace (right),25.7923214,-80.1879933,"POLYGON((-80.1881653 25.7923044, -80.1878204 25.7923149, -80.1878213 25.7923383, -80.1881662 25.7923278, -80.1881653 25.7923044))",Northeast 17th Terrace,right,34.6,2,
Northeast 17th Terrace (left),25.7923861,-80.1885751,"POLYGON((-80.1889808 25.7923619, -80.1881684 25.7923870, -80.1881693 25.7924104, -80.1889817 25.7923853, -80.1889808 25.7923619))",Northeast 17th Terrace,left,81.5,9,
Northeast 17th Terrace (right),25.7923036,-80.1885719,"POLYGON((-80.1889777 25.7922793, -80.1881653 25.7923044, -80.1881662 25.7923278, -80.1889786 25.7923027, -80.1889777 25.7922793))",Northeast 17th Terrace,right,81.5,9,
Brickell Key Drive (left),25.7659089,-80.1858009,"POLYGON((-80.1856785 25.7659947, -80.1859375 25.7658426, -80.1859234 25.7658230, -80.1856643 25.7659752, -80.1856785 25.7659947))",Brickell Key Drive,left,31.0,2,
Brickell Key Drive (right),25.7659781,-80.1858511,"POLYGON((-80.1857286 25.7660640, -80.1859877 25.7659118, -80.1859735 25.7658923, -80.1857145 25.7660444, -80.1857286 25.7660640))",Brickell Key Drive,right,31.0,2,
Brickell Key Drive (left),25.7658691,-80.1857903,"POLYGON((-80.1859357 25.7658183, -80.1856376 25.7658974, -80.1856449 25.7659198, -80.1859430 25.7658407, -80.1859357 25.7658183))",Brickell Key Drive,left,31.2,2,
Brickell Key Drive (right),25.7657898,-80.1857644,"POLYGON((-80.1859098 25.7657391, -80.1856117 25.7658182, -80.1856190 25.7658406, -80.1859171 25.7657615, -80.1859098 25.7657391))",Brickell Key Drive,right,31.2,2,
Southwest 3rd Avenue (left),25.7551416,-80.2086393,"POLYGON((-80.2082522 25.7554213, -80.2090422 25.7548806, -80.2090265 25.7548620, -80.2082365 25.7554027, -80.2082522 25.7554213))",Southwest 3rd Avenue,left,99.5,12,
Southwest 3rd Avenue (right),25.7552075,-80.2086949,"POLYGON((-80.2083077 25.7554871, -80.2090977 25.7549464, -80.2090820 25.7549278, -80.2082920 25.7554685, -80.2083077 25.7554871))",Southwest 3rd Avenue,right,99.5,12,
Southwest 27th Road (left),25.7553749,-80.2095453,"POLYGON((-80.2100990 25.7560016, -80.2090121 25.7547338, -80.2089916 25.7547481, -80.2100785 25.7560159, -80.2100990 25.7560016))",Southwest 27th Road,left,178.3,24,
Southwest 27th Road (right),25.7553243,-80.2096180,"POLYGON((-80.2101717 25.7559511, -80.2090848 25.7546833, -80.2090643 25.7546976, -80.2101512 25.7559654, -80.2101717 25.7559511))",Southwest 27th Road,right,178.3,24,
Southwest 27th Road (left),25.7535859,-80.2080285,"POLYGON((-80.2090131 25.7547349, -80.2070645 25.7524227, -80.2070438 25.7524368, -80.2089924 25.7547491, -80.2090131 25.7547349))",Southwest 27th Road,left,323.1,45,
Southwest 27th Road (right),25.7535359,-80.2081015,"POLYGON((-80.2090862 25.7546850, -80.2071376 25.7523727, -80.2071169 25.7523869, -80.2090655 25.7546991, -80.2090862 25.7546850))",Southwest 27th Road,right,323.1,45,
Southwest 7th Avenue (left),25.7723124,-80.2060458,"POLYGON((-80.2060121 25.7718236, -80.2060536 25.7728022, -80.2060795 25.7728013, -80.2060380 25.7718227, -80.2060121 25.7718236))",Southwest 7th Avenue,left,109.0,14,
Southwest 7th Avenue (right),25.7723156,-80.2059541,"POLYGON((-80.2059204 25.7718267, -80.2059619 25.7728053, -80.2059878 25.7728044, -80.2059463 25.7718258, -80.2059204 25.7718267))",Southwest 7th Avenue,right,109.0,14,
Southwest 2nd Street (left),25.7717053,-80.2084835,"POLYGON((-80.2076537 25.7717445, -80.2093143 25.7716894, -80.2093133 25.7716660, -80.2076527 25.7717211, -80.2076537 25.7717445))",Southwest 2nd Street,left,166.6,22,
Southwest 2nd Street (right),25.7717878,-80.2084869,"POLYGON((-80.2076571 25.7718271, -80.2093177 25.7717720, -80.2093167 25.7717486, -80.2076561 25.7718037, -80.2076571 25.7718271))",Southwest 2nd Street,right,166.6,22,
Southwest 2nd Street (left),25.7715930,-80.2119563,"POLYGON((-80.2093141 25.7716894, -80.2145993 25.7715200, -80.2145984 25.7714966, -80.2093132 25.7716660, -80.2093141 25.7716894))",Southwest 2nd Street,left,530.2,76,
Southwest 2nd Street (right),25.7716756,-80.2119595,"POLYGON((-80.2093174 25.7717720, -80.2146026 25.7716026, -80.2146017 25.7715792, -80.2093165 25.7717486, -80.2093174 25.7717720))",Southwest 2nd Street,right,530.2,76,
Southwest 7th Avenue (left),25.7715413,-80.2060158,"POLYGON((-80.2059936 25.7712594, -80.2060121 25.7718238, -80.2060380 25.7718231, -80.2060195 25.7712587, -80.2059936 25.7712594))",Southwest 7th Avenue,left,62.9,7,
Southwest 7th Avenue (right),25.7715437,-80.2059241,"POLYGON((-80.2059019 25.7712619, -80.2059204 25.7718263, -80.2059463 25.7718256, -80.2059278 25.7712612, -80.2059019 25.7712619))",Southwest 7th Avenue,right,62.9,7,
East Flagler Street (left),25.7742627,-80.1888016,"POLYGON((-80.1885837 25.7742805, -80.1890204 25.7742684, -80.1890196 25.7742450, -80.1885829 25.7742571, -80.1885837 25.7742805))",East Flagler Street,left,43.8,4,
East Flagler Street (right),25.7743454,-80.1888045,"POLYGON((-80.1885865 25.7743631, -80.1890232 25.7743510, -80.1890224 25.7743276, -80.1885857 25.7743397, -80.1885865 25.7743631))",East Flagler Street,right,43.8,4,
East Flagler Street (left),25.7742374,-80.1896431,"POLYGON((-80.1890203 25.7742684, -80.1902669 25.7742298, -80.1902660 25.7742064, -80.1890194 25.7742450, -80.1890203 25.7742684))",East Flagler Street,left,125.0,16,
East Flagler Street (right),25.7743200,-80.1896463,"POLYGON((-80.1890234 25.7743510, -80.1902700 25.7743124, -80.1902691 25.7742890, -80.1890225 25.7743276, -80.1890234 25.7743510))",East Flagler Street,right,125.0,16,
Northwest South River Drive (left),25.7775802,-80.2075173,"POLYGON((-80.2072636 25.7776011, -80.2077721 25.7775826, -80.2077710 25.7775592, -80.2072625 25.7775777, -80.2072636 25.7776011))",Northwest South River Drive,left,51.0,5,
Northwest South River Drive (right),25.7776627,-80.2075210,"POLYGON((-80.2072673 25.7776837, -80.2077758 25.7776652, -80.2077747 25.7776418, -80.2072662 25.7776603, -80.2072673 25.7776837))",Northwest South River Drive,right,51.0,5,
Northwest South River Drive (left),25.7774803,-80.2067273,"POLYGON((-80.2061644 25.7773791, -80.2072846 25.7776043, -80.2072902 25.7775815, -80.2061700 25.7773563, -80.2061644 25.7773791))",Northwest South River Drive,left,115.1,14,
Northwest South River Drive (right),25.7775609,-80.2067073,"POLYGON((-80.2061444 25.7774597, -80.2072646 25.7776849, -80.2072702 25.7776621, -80.2061500 25.7774369, -80.2061444 25.7774597))",Northwest South River Drive,right,115.1,14,
Southwest 7th Avenue (left),25.7692875,-80.2059367,"POLYGON((-80.2059106 25.7689381, -80.2059369 25.7696377, -80.2059628 25.7696369, -80.2059365 25.7689373, -80.2059106 25.7689381))",Southwest 7th Avenue,left,77.9,9,
Southwest 7th Avenue (right),25.7692903,-80.2058450,"POLYGON((-80.2058189 25.7689409, -80.2058452 25.7696405, -80.2058711 25.7696397, -80.2058448 25.7689401, -80.2058189 25.7689409))",Southwest 7th Avenue,right,77.9,9,
Southwest 6th Avenue (left),25.7692933,-80.2041717,"POLYGON((-80.2041962 25.7695963, -80.2041731 25.7689895, -80.2041472 25.7689903, -80.2041703 25.7695971, -80.2041962 25.7695963))",Southwest 6th Avenue,left,67.6,7,
Southwest 6th Avenue (right),25.7692905,-80.2042634,"POLYGON((-80.2042879 25.7695935, -80.2042648 25.7689867, -80.2042389 25.7689875, -80.2042620 25.7695943, -80.2042879 25.7695935))",Southwest 6th Avenue,right,67.6,7,
Southwest 6th Avenue (left),25.7685086,-80.2041426,"POLYGON((-80.2041731 25.7689895, -80.2041381 25.7680269, -80.2041122 25.7680276, -80.2041472 25.7689902, -80.2041731 25.7689895))",Southwest 6th Avenue,left,107.2,13,
Southwest 6th Avenue (right),25.7685058,-80.2042344,"POLYGON((-80.2042648 25.7689868, -80.2042298 25.7680242, -80.2042039 25.7680249, -80.2042389 25.7689875, -80.2042648 25.7689868))",Southwest 6th Avenue,right,107.2,13,
Southwest 4th Street (left),25.7698852,-80.2050775,"POLYGON((-80.2042416 25.7699220, -80.2059143 25.7698718, -80.2059135 25.7698484, -80.2042407 25.7698986, -80.2042416 25.7699220))",Southwest 4th Street,left,167.8,22,
Southwest 4th Street (right),25.7699678,-80.2050806,"POLYGON((-80.2042446 25.7700046, -80.2059174 25.7699544, -80.2059165 25.7699310, -80.2042438 25.7699812, -80.2042446 25.7700046))",Southwest 4th Street,right,167.8,22,
Southwest 3rd Street (left),25.7707462,-80.2084489,"POLYGON((-80.2076156 25.7707825, -80.2092829 25.7707334, -80.2092821 25.7707100, -80.2076148 25.7707591, -80.2076156 25.7707825))",Southwest 3rd Street,left,167.2,22,
Southwest 3rd Street (right),25.7708289,-80.2084518,"POLYGON((-80.2076186 25.7708651, -80.2092859 25.7708160, -80.2092851 25.7707926, -80.2076178 25.7708417, -80.2076186 25.7708651))",Southwest 3rd Street,right,167.2,22,
Southwest 3rd Street (left),25.7706378,-80.2119266,"POLYGON((-80.2092828 25.7707334, -80.2145714 25.7705656, -80.2145705 25.7705422, -80.2092819 25.7707100, -80.2092828 25.7707334))",Southwest 3rd Street,left,530.5,76,
Southwest 3rd Street (right),25.7707204,-80.2119299,"POLYGON((-80.2092860 25.7708160, -80.2145746 25.7706482, -80.2145737 25.7706248, -80.2092851 25.7707926, -80.2092860 25.7708160))",Southwest 3rd Street,right,530.5,76,
Southwest 7th Avenue (left),25.7703811,-80.2059773,"POLYGON((-80.2059483 25.7699005, -80.2059804 25.7708624, -80.2060063 25.7708617, -80.2059742 25.7698998, -80.2059483 25.7699005))",Southwest 7th Avenue,left,107.1,13,
Southwest 7th Avenue (right),25.7703836,-80.2058856,"POLYGON((-80.2058566 25.7699030, -80.2058887 25.7708649, -80.2059146 25.7708642, -80.2058825 25.7699023, -80.2058566 25.7699030))",Southwest 7th Avenue,right,107.1,13,
Southwest 5th Street (left),25.7689925,-80.2054621,"POLYGON((-80.2058788 25.7689687, -80.2050447 25.7689928, -80.2050455 25.7690162, -80.2058796 25.7689921, -80.2058788 25.7689687))",Southwest 5th Street,left,83.7,10,
Southwest 5th Street (right),25.7689098,-80.2054592,"POLYGON((-80.2058758 25.7688861, -80.2050417 25.7689102, -80.2050425 25.7689336, -80.2058766 25.7689095, -80.2058758 25.7688861))",Southwest 5th Street,right,83.7,10,
Southwest 5th Street (left),25.7690171,-80.2046263,"POLYGON((-80.2050447 25.7689928, -80.2042071 25.7690181, -80.2042080 25.7690415, -80.2050456 25.7690162, -80.2050447 25.7689928))",Southwest 5th Street,left,84.0,10,
Southwest 5th Street (right),25.7689346,-80.2046233,"POLYGON((-80.2050416 25.7689102, -80.2042040 25.7689355, -80.2042049 25.7689589, -80.2050425 25.7689336, -80.2050416 25.7689102))",Southwest 5th Street,right,84.0,10,
Southwest 5th Street (left),25.7690567,-80.2033724,"POLYGON((-80.2042072 25.7690181, -80.2025367 25.7690719, -80.2025376 25.7690953, -80.2042081 25.7690415, -80.2042072 25.7690181))",Southwest 5th Street,left,167.6,22,
Southwest 5th Street (right),25.7689741,-80.2033691,"POLYGON((-80.2042039 25.7689355, -80.2025334 25.7689893, -80.2025343 25.7690127, -80.2042048 25.7689589, -80.2042039 25.7689355))",Southwest 5th Street,right,167.6,22,
Southwest 5th Street (left),25.7691057,-80.2017048,"POLYGON((-80.2025365 25.7690719, -80.2008723 25.7691161, -80.2008730 25.7691395, -80.2025372 25.7690953, -80.2025365 25.7690719))",Southwest 5th Street,left,166.9,22,
Southwest 5th Street (right),25.7690231,-80.2017020,"POLYGON((-80.2025338 25.7689893, -80.2008696 25.7690335, -80.2008703 25.7690569, -80.2025345 25.7690127, -80.2025338 25.7689893))",Southwest 5th Street,right,166.9,22,
Southwest 7th Avenue (left),25.7674926,-80.2058740,"POLYGON((-80.2058417 25.7670125, -80.2058803 25.7679735, -80.2059062 25.7679727, -80.2058676 25.7670116, -80.2058417 25.7670125))",Southwest 7th Avenue,left,107.1,13,
Southwest 7th Avenue (right),25.7674955,-80.2057822,"POLYGON((-80.2057500 25.7670154, -80.2057886 25.7679765, -80.2058145 25.7679756, -80.2057759 25.7670146, -80.2057500 25.7670154))",Southwest 7th Avenue,right,107.1,13,
West Flagler Street (left),25.7740095,-80.1971152,"POLYGON((-80.1965193 25.7740387, -80.1977119 25.7740038, -80.1977111 25.7739804, -80.1965185 25.7740153, -80.1965193 25.7740387))",West Flagler Street,left,119.6,15,
West Flagler Street (right),25.7740922,-80.1971182,"POLYGON((-80.1965223 25.7741213, -80.1977149 25.7740864, -80.1977141 25.7740630, -80.1965215 25.7740979, -80.1965223 25.7741213))",West Flagler Street,right,119.6,15,
South 4th Street (left),25.7709018,-80.1938901,"POLYGON((-80.1935923 25.7709196, -80.1941884 25.7709074, -80.1941878 25.7708840, -80.1935918 25.7708962, -80.1935923 25.7709196))",South 4th Street,left,59.8,6,
South 4th Street (right),25.7709844,-80.1938921,"POLYGON((-80.1935944 25.7710022, -80.1941904 25.7709900, -80.1941899 25.7709666, -80.1935938 25.7709788, -80.1935944 25.7710022))",South 4th Street,right,59.8,6,
Northwest 14th Street (left),25.7880888,-80.1985106,"POLYGON((-80.1983302 25.7881157, -80.1986935 25.7880852, -80.1986911 25.7880619, -80.1983278 25.7880924, -80.1983302 25.7881157))",Northwest 14th Street,left,36.6,3,
Northwest 14th Street (right),25.7881711,-80.1985192,"POLYGON((-80.1983387 25.7881980, -80.1987020 25.7881675, -80.1986996 25.7881442, -80.1983363 25.7881747, -80.1983387 25.7881980))",Northwest 14th Street,right,36.6,3,
Northwest 14th Street (left),25.7880627,-80.1990650,"POLYGON((-80.1986953 25.7880851, -80.1994355 25.7880637, -80.1994347 25.7880403, -80.1986945 25.7880617, -80.1986953 25.7880851))",Northwest 14th Street,left,74.2,8,
Northwest 14th Street (right),25.7881453,-80.1990680,"POLYGON((-80.1986983 25.7881677, -80.1994385 25.7881463, -80.1994377 25.7881229, -80.1986975 25.7881443, -80.1986983 25.7881677))",Northwest 14th Street,right,74.2,8,
Northwest 1st Place (left),25.7879706,-80.1980917,"POLYGON((-80.1979847 25.7878181, -80.1981760 25.7881344, -80.1981987 25.7881232, -80.1980075 25.7878069, -80.1979847 25.7878181))",Northwest 1st Place,left,40.1,3,
Northwest 1st Place (right),25.7880102,-80.1980111,"POLYGON((-80.1979041 25.7878576, -80.1980953 25.7881739, -80.1981181 25.7881627, -80.1979268 25.7878464, -80.1979041 25.7878576))",Northwest 1st Place,right,40.1,3,
Northeast Miami Court (left),25.7899774,-80.1939442,"POLYGON((-80.1939195 25.7894148, -80.1939429 25.7905404, -80.1939689 25.7905400, -80.1939455 25.7894144, -80.1939195 25.7894148))",Northeast Miami Court,left,125.3,16,
Northeast Miami Court (right),25.7899790,-80.1938524,"POLYGON((-80.1938277 25.7894164, -80.1938511 25.7905420, -80.1938771 25.7905416, -80.1938537 25.7894160, -80.1938277 25.7894164))",Northeast Miami Court,right,125.3,16,
Northeast Miami Court (left),25.7915177,-80.1939845,"POLYGON((-80.1939429 25.7905402, -80.1940002 25.7924957, -80.1940261 25.7924951, -80.1939688 25.7905396, -80.1939429 25.7905402))",Northeast Miami Court,left,217.8,30,
Northeast Miami Court (right),25.7915198,-80.1938928,"POLYGON((-80.1938512 25.7905424, -80.1939085 25.7924979, -80.1939344 25.7924973, -80.1938771 25.7905418, -80.1938512 25.7905424))",Northeast Miami Court,right,217.8,30,
Southwest 20th Road (left),25.7552332,-80.2001548,"POLYGON((-80.1997962 25.7548259, -80.2004926 25.7556545, -80.2005133 25.7556404, -80.1998169 25.7548118, -80.1997962 25.7548259))",Southwest 20th Road,left,115.7,14,
Southwest 20th Road (right),25.7552830,-80.2000816,"POLYGON((-80.1997231 25.7548758, -80.2004195 25.7557044, -80.2004402 25.7556903, -80.1997438 25.7548617, -80.1997231 25.7548758))",Southwest 20th Road,right,115.7,14,
South Miami Avenue (left),25.7550871,-80.1993243,"POLYGON((-80.1997255 25.7547949, -80.1989072 25.7553608, -80.1989230 25.7553793, -80.1997413 25.7548134, -80.1997255 25.7547949))",South Miami Avenue,left,103.4,13,
South Miami Avenue (right),25.7550216,-80.1992684,"POLYGON((-80.1996697 25.7547294, -80.1988514 25.7552953, -80.1988672 25.7553138, -80.1996855 25.7547479, -80.1996697 25.7547294))",South Miami Avenue,right,103.4,13,
South Miami Avenue (left),25.7556717,-80.1984756,"POLYGON((-80.1989071 25.7553609, -80.1980282 25.7559639, -80.1980440 25.7559825, -80.1989229 25.7553795, -80.1989071 25.7553609))",South Miami Avenue,left,110.8,14,
South Miami Avenue (right),25.7556059,-80.1984199,"POLYGON((-80.1988515 25.7552951, -80.1979726 25.7558981, -80.1979884 25.7559167, -80.1988673 25.7553137, -80.1988515 25.7552951))",South Miami Avenue,right,110.8,14,
South Miami Avenue (left),25.7562742,-80.1975987,"POLYGON((-80.1980283 25.7559639, -80.1971533 25.7565660, -80.1971690 25.7565845, -80.1980440 25.7559824, -80.1980283 25.7559639))",South Miami Avenue,left,110.4,14,
South Miami Avenue (right),25.7562085,-80.1975429,"POLYGON((-80.1979726 25.7558982, -80.1970976 25.7565003, -80.1971133 25.7565188, -80.1979883 25.7559167, -80.1979726 25.7558982))",South Miami Avenue,right,110.4,14,
South Miami Avenue (left),25.7568720,-80.1967295,"POLYGON((-80.1971533 25.7565659, -80.1962900 25.7571595, -80.1963057 25.7571781, -80.1971691 25.7565845, -80.1971533 25.7565659))",South Miami Avenue,left,108.9,13,
South Miami Avenue (right),25.7568063,-80.1966739,"POLYGON((-80.1970977 25.7565002, -80.1962343 25.7570938, -80.1962501 25.7571124, -80.1971134 25.7565188, -80.1970977 25.7565002))",South Miami Avenue,right,108.9,13,
South Miami Avenue (left),25.7577240,-80.1954921,"POLYGON((-80.1962901 25.7571594, -80.1946784 25.7582701, -80.1946941 25.7582886, -80.1963059 25.7571780, -80.1962901 25.7571594))",South Miami Avenue,left,203.5,28,
South Miami Avenue (right),25.7576584,-80.1954364,"POLYGON((-80.1962344 25.7570938, -80.1946226 25.7582044, -80.1946384 25.7582230, -80.1962501 25.7571123, -80.1962344 25.7570938))",South Miami Avenue,right,203.5,28,
way/587326333 (left),25.7677889,-80.1949889,"POLYGON((-80.1950079 25.7679948, -80.1949958 25.7675825, -80.1949699 25.7675831, -80.1949820 25.7679954, -80.1950079 25.7679948))",way/587326333,left,45.9,4,
way/587326333 (right),25.7677868,-80.1950806,"POLYGON((-80.1950996 25.7679926, -80.1950875 25.7675803, -80.1950616 25.7675809, -80.1950737 25.7679932, -80.1950996 25.7679926))",way/587326333,right,45.9,4,
Southeast 6th Street (left),25.7683231,-80.1930053,"POLYGON((-80.1927408 25.7683293, -80.1932693 25.7683404, -80.1932699 25.7683170, -80.1927414 25.7683059, -80.1927408 25.7683293))",Southeast 6th Street,left,53.0,5,
Southeast 6th Street (right),25.7684058,-80.1930032,"POLYGON((-80.1927386 25.7684119, -80.1932671 25.7684230, -80.1932677 25.7683996, -80.1927392 25.7683885, -80.1927386 25.7684119))",Southeast 6th Street,right,53.0,5,
Southeast 5th Street (left),25.7686158,-80.1911269,"POLYGON((-80.1906028 25.7685159, -80.1916450 25.7687385, -80.1916510 25.7687157, -80.1906088 25.7684931, -80.1906028 25.7685159))",Southeast 5th Street,left,107.4,13,
Southeast 5th Street (right),25.7686962,-80.1911057,"POLYGON((-80.1905816 25.7685963, -80.1916238 25.7688189, -80.1916298 25.7687961, -80.1905876 25.7685735, -80.1905816 25.7685963))",Southeast 5th Street,right,107.4,13,
Southeast 5th Street (left),25.7684629,-80.1904112,"POLYGON((-80.1902136 25.7684328, -80.1906028 25.7685159, -80.1906088 25.7684931, -80.1902196 25.7684100, -80.1902136 25.7684328))",Southeast 5th Street,left,40.1,3,
Southeast 5th Street (right),25.7685434,-80.1903900,"POLYGON((-80.1901924 25.7685132, -80.1905816 25.7685963, -80.1905876 25.7685735, -80.1901984 25.7684904, -80.1901924 25.7685132))",Southeast 5th Street,right,40.1,3,
Southeast 2nd Avenue (left),25.7718847,-80.1900151,"POLYGON((-80.1900739 25.7719810, -80.1899803 25.7717793, -80.1899564 25.7717883, -80.1900499 25.7719901, -80.1900739 25.7719810))",Southeast 2nd Avenue,left,24.3,1,
Southeast 2nd Avenue (right),25.7718528,-80.1900998,"POLYGON((-80.1901585 25.7719492, -80.1900650 25.7717474, -80.1900410 25.7717565, -80.1901346 25.7719582, -80.1901585 25.7719492))",Southeast 2nd Avenue,right,24.3,1,
way/587577170 (left),25.7800432,-80.1877553,"POLYGON((-80.1876501 25.7800269, -80.1878531 25.7800818, -80.1878605 25.7800594, -80.1876575 25.7800045, -80.1876501 25.7800269))",way/587577170,left,21.2,0,
way/587577170 (right),25.7801223,-80.1877289,"POLYGON((-80.1876237 25.7801061, -80.1878267 25.7801610, -80.1878341 25.7801386, -80.1876311 25.7800837, -80.1876237 25.7801061))",way/587577170,right,21.2,0,
way/587577172 (left),25.7801058,-80.1879927,"POLYGON((-80.1878527 25.7800817, -80.1881256 25.7801524, -80.1881328 25.7801300, -80.1878599 25.7800593, -80.1878527 25.7800817))",way/587577172,left,28.5,1,
way/587577172 (right),25.7801853,-80.1879674,"POLYGON((-80.1878273 25.7801611, -80.1881002 25.7802318, -80.1881074 25.7802094, -80.1878345 25.7801387, -80.1878273 25.7801611))",way/587577172,right,28.5,1,
Northeast 2nd Avenue (left),25.7792094,-80.1903876,"POLYGON((-80.1904005 25.7793411, -80.1904006 25.7790777, -80.1903746 25.7790777, -80.1903745 25.7793411, -80.1904005 25.7793411))",Northeast 2nd Avenue,left,29.3,2,
Northeast 2nd Avenue (right),25.7792094,-80.1904793,"POLYGON((-80.1904923 25.7793411, -80.1904924 25.7790777, -80.1904664 25.7790777, -80.1904663 25.7793411, -80.1904923 25.7793411))",Northeast 2nd Avenue,right,29.3,2,
way/587577189 (left),25.7798250,-80.1881404,"POLYGON((-80.1883302 25.7797488, -80.1879415 25.7798793, -80.1879506 25.7799012, -80.1883393 25.7797707, -80.1883302 25.7797488))",way/587577189,left,41.6,3,
way/587577189 (right),25.7797476,-80.1881083,"POLYGON((-80.1882981 25.7796714, -80.1879094 25.7798019, -80.1879185 25.7798238, -80.1883072 25.7796933, -80.1882981 25.7796714))",way/587577189,right,41.6,3,
East Flagler Street (left),25.7742827,-80.1881431,"POLYGON((-80.1877036 25.7743082, -80.1885836 25.7742805, -80.1885827 25.7742571, -80.1877027 25.7742848, -80.1877036 25.7743082))",East Flagler Street,left,88.3,10,
East Flagler Street (right),25.7743652,-80.1881464,"POLYGON((-80.1877068 25.7743908, -80.1885868 25.7743631, -80.1885859 25.7743397, -80.1877059 25.7743674, -80.1877068 25.7743908))",East Flagler Street,right,88.3,10,
way/588324879 (left),25.7896188,-80.2016765,"POLYGON((-80.2017443 25.7894545, -80.2015849 25.7897736, -80.2016086 25.7897831, -80.2017680 25.7894640, -80.2017443 25.7894545))",way/588324879,left,39.0,3,
way/588324879 (right),25.7895849,-80.2015927,"POLYGON((-80.2016606 25.7894206, -80.2015012 25.7897397, -80.2015249 25.7897492, -80.2016843 25.7894301, -80.2016606 25.7894206))",way/588324879,right,39.0,3,
Northeast 14th Street (left),25.7883203,-80.1940974,"POLYGON((-80.1943469 25.7883010, -80.1938471 25.7883162, -80.1938480 25.7883396, -80.1943478 25.7883244, -80.1943469 25.7883010))",Northeast 14th Street,left,50.1,5,
Northeast 14th Street (right),25.7882377,-80.1940944,"POLYGON((-80.1943438 25.7882184, -80.1938440 25.7882336, -80.1938449 25.7882570, -80.1943447 25.7882418, -80.1943438 25.7882184))",Northeast 14th Street,right,50.1,5,
Northeast 14th Street (left),25.7883359,-80.1936089,"POLYGON((-80.1938472 25.7883162, -80.1933696 25.7883322, -80.1933706 25.7883556, -80.1938482 25.7883396, -80.1938472 25.7883162))",Northeast 14th Street,left,47.9,4,
Northeast 14th Street (right),25.7882533,-80.1936055,"POLYGON((-80.1938438 25.7882336, -80.1933662 25.7882496, -80.1933672 25.7882730, -80.1938448 25.7882570, -80.1938438 25.7882336))",Northeast 14th Street,right,47.9,4,
Northeast 14th Street (left),25.7883484,-80.1932195,"POLYGON((-80.1933695 25.7883322, -80.1930686 25.7883412, -80.1930695 25.7883646, -80.1933704 25.7883556, -80.1933695 25.7883322))",Northeast 14th Street,left,30.2,2,
Northeast 14th Street (right),25.7882658,-80.1932164,"POLYGON((-80.1933664 25.7882496, -80.1930655 25.7882586, -80.1930664 25.7882820, -80.1933673 25.7882730, -80.1933664 25.7882496))",Northeast 14th Street,right,30.2,2,
Northeast 14th Street (left),25.7883640,-80.1927153,"POLYGON((-80.1930686 25.7883412, -80.1923611 25.7883634, -80.1923621 25.7883868, -80.1930696 25.7883646, -80.1930686 25.7883412))",Northeast 14th Street,left,71.0,8,
Northeast 14th Street (right),25.7882814,-80.1927122,"POLYGON((-80.1930654 25.7882586, -80.1923579 25.7882808, -80.1923589 25.7883042, -80.1930664 25.7882820, -80.1930654 25.7882586))",Northeast 14th Street,right,71.0,8,
Northwest 14th Street (left),25.7878460,-80.2060404,"POLYGON((-80.2051634 25.7878892, -80.2069184 25.7878262, -80.2069174 25.7878028, -80.2051623 25.7878658, -80.2051634 25.7878892))",Northwest 14th Street,left,176.1,24,
Northwest 14th Street (right),25.7879286,-80.2060440,"POLYGON((-80.2051670 25.7879718, -80.2069221 25.7879088, -80.2069210 25.7878854, -80.2051660 25.7879484, -80.2051670 25.7879718))",Northwest 14th Street,right,176.1,24,
Northwest 14th Street (left),25.7878003,-80.2073693,"POLYGON((-80.2069185 25.7878262, -80.2078211 25.7877978, -80.2078202 25.7877744, -80.2069176 25.7878028, -80.2069185 25.7878262))",Northwest 14th Street,left,90.5,11,
Northwest 14th Street (right),25.7878829,-80.2073726,"POLYGON((-80.2069217 25.7879088, -80.2078243 25.7878804, -80.2078234 25.7878570, -80.2069208 25.7878854, -80.2069217 25.7879088))",Northwest 14th Street,right,90.5,11,
Northwest 14th Street (left),25.7877763,-80.2082723,"POLYGON((-80.2078214 25.7877978, -80.2087239 25.7877782, -80.2087233 25.7877548, -80.2078208 25.7877744, -80.2078214 25.7877978))",Northwest 14th Street,left,90.5,11,
Northwest 14th Street (right),25.7878589,-80.2082746,"POLYGON((-80.2078236 25.7878804, -80.2087261 25.7878608, -80.2087255 25.7878374, -80.2078230 25.7878570, -80.2078236 25.7878804))",Northwest 14th Street,right,90.5,11,
Northwest 14th Street (left),25.7877575,-80.2089501,"POLYGON((-80.2087232 25.7877782, -80.2091781 25.7877601, -80.2091770 25.7877368, -80.2087221 25.7877549, -80.2087232 25.7877782))",Northwest 14th Street,left,45.6,4,
Northwest 14th Street (right),25.7878400,-80.2089542,"POLYGON((-80.2087273 25.7878607, -80.2091822 25.7878426, -80.2091811 25.7878193, -80.2087262 25.7878374, -80.2087273 25.7878607))",Northwest 14th Street,right,45.6,4,
Northwest 1st Avenue (left),25.7954741,-80.1967950,"POLYGON((-80.1967499 25.7941683, -80.1968142 25.7967803, -80.1968402 25.7967798, -80.1967759 25.7941678, -80.1967499 25.7941683))",Northwest 1st Avenue,left,290.8,41,
Northwest 1st Avenue (right),25.7954759,-80.1967033,"POLYGON((-80.1966581 25.7941702, -80.1967224 25.7967822, -80.1967484 25.7967817, -80.1966841 25.7941697, -80.1966581 25.7941702))",Northwest 1st Avenue,right,290.8,41,
Northwest 19th Street (left),25.7941137,-80.1971960,"POLYGON((-80.1967159 25.7941394, -80.1976769 25.7941114, -80.1976761 25.7940880, -80.1967151 25.7941160, -80.1967159 25.7941394))",Northwest 19th Street,left,96.4,12,
Northwest 19th Street (right),25.7941963,-80.1971990,"POLYGON((-80.1967189 25.7942220, -80.1976799 25.7941940, -80.1976791 25.7941706, -80.1967181 25.7941986, -80.1967189 25.7942220))",Northwest 19th Street,right,96.4,12,
Southwest 7th Avenue (left),25.7655702,-80.2057135,"POLYGON((-80.2057478 25.7660511, -80.2057051 25.7650885, -80.2056792 25.7650894, -80.2057219 25.7660520, -80.2057478 25.7660511))",Southwest 7th Avenue,left,107.2,13,
Southwest 7th Avenue (right),25.7655670,-80.2058052,"POLYGON((-80.2058395 25.7660478, -80.2057968 25.7650852, -80.2057709 25.7650861, -80.2058136 25.7660487, -80.2058395 25.7660478))",Southwest 7th Avenue,right,107.2,13,
Southwest 7th Avenue (left),25.7646071,-80.2056743,"POLYGON((-80.2057051 25.7650885, -80.2056695 25.7641249, -80.2056436 25.7641257, -80.2056792 25.7650892, -80.2057051 25.7650885))",Southwest 7th Avenue,left,107.3,13,
Southwest 7th Avenue (right),25.7646043,-80.2057661,"POLYGON((-80.2057968 25.7650857, -80.2057612 25.7641222, -80.2057353 25.7641229, -80.2057709 25.7650865, -80.2057968 25.7650857))",Southwest 7th Avenue,right,107.3,13,
Southwest 7th Avenue (left),25.7636289,-80.2056377,"POLYGON((-80.2056695 25.7641250, -80.2056319 25.7631319, -80.2056060 25.7631327, -80.2056436 25.7641258, -80.2056695 25.7641250))",Southwest 7th Avenue,left,110.6,14,
Southwest 7th Avenue (right),25.7636260,-80.2057295,"POLYGON((-80.2057612 25.7641222, -80.2057236 25.7631291, -80.2056977 25.7631299, -80.2057353 25.7641230, -80.2057612 25.7641222))",Southwest 7th Avenue,right,110.6,14,
Southwest 2nd Avenue (left),25.7719176,-80.1975831,"POLYGON((-80.1976077 25.7723985, -80.1975845 25.7714362, -80.1975586 25.7714368, -80.1975818 25.7723991, -80.1976077 25.7723985))",Southwest 2nd Avenue,left,107.1,13,
Southwest 2nd Avenue (right),25.7719159,-80.1976749,"POLYGON((-80.1976994 25.7723967, -80.1976762 25.7714344, -80.1976503 25.7714350, -80.1976735 25.7723973, -80.1976994 25.7723967))",Southwest 2nd Avenue,right,107.1,13,
Southwest 5th Street (left),25.7686814,-80.1987926,"POLYGON((-80.1992779 25.7692846, -80.1983285 25.7680648, -80.1983073 25.7680782, -80.1992567 25.7692980, -80.1992779 25.7692846))",Southwest 5th Street,left,165.8,22,
Southwest 5th Street (right),25.7686339,-80.1988677,"POLYGON((-80.1993530 25.7692371, -80.1984036 25.7680173, -80.1983824 25.7680307, -80.1993318 25.7692505, -80.1993530 25.7692371))",Southwest 5th Street,right,165.8,22,
Southwest 5th Street (left),25.7691611,-80.1994601,"POLYGON((-80.1996179 25.7691438, -80.1993012 25.7691551, -80.1993022 25.7691785, -80.1996189 25.7691672, -80.1996179 25.7691438))",Southwest 5th Street,left,31.8,2,
Southwest 5th Street (right),25.7690786,-80.1994564,"POLYGON((-80.1996143 25.7690612, -80.1992976 25.7690725, -80.1992986 25.7690959, -80.1996153 25.7690846, -80.1996143 25.7690612))",Southwest 5th Street,right,31.8,2,
Southwest 5th Avenue (left),25.7675905,-80.2025305,"POLYGON((-80.2025016 25.7671109, -80.2025335 25.7680707, -80.2025594 25.7680700, -80.2025275 25.7671102, -80.2025016 25.7671109))",Southwest 5th Avenue,left,106.9,13,
Southwest 5th Avenue (right),25.7675929,-80.2024388,"POLYGON((-80.2024099 25.7671134, -80.2024418 25.7680732, -80.2024677 25.7680725, -80.2024358 25.7671127, -80.2024099 25.7671134))",Southwest 5th Avenue,right,106.9,13,
Southwest 5th Avenue (left),25.7685556,-80.2025639,"POLYGON((-80.2025335 25.7680706, -80.2025684 25.7690413, -80.2025943 25.7690406, -80.2025594 25.7680699, -80.2025335 25.7680706))",Southwest 5th Avenue,left,108.1,13,
Southwest 5th Avenue (right),25.7685583,-80.2024722,"POLYGON((-80.2024418 25.7680733, -80.2024767 25.7690440, -80.2025026 25.7690433, -80.2024677 25.7680726, -80.2024418 25.7680733))",Southwest 5th Avenue,right,108.1,13,
Southwest 5th Avenue (left),25.7695196,-80.2026009,"POLYGON((-80.2025684 25.7690412, -80.2026074 25.7699989, -80.2026333 25.7699981, -80.2025943 25.7690404, -80.2025684 25.7690412))",Southwest 5th Avenue,left,106.7,13,
Southwest 5th Avenue (right),25.7695227,-80.2025091,"POLYGON((-80.2024767 25.7690442, -80.2025157 25.7700019, -80.2025416 25.7700011, -80.2025026 25.7690434, -80.2024767 25.7690442))",Southwest 5th Avenue,right,106.7,13,
Southwest 5th Avenue (left),25.7704808,-80.2026380,"POLYGON((-80.2026074 25.7699990, -80.2026426 25.7709633, -80.2026685 25.7709626, -80.2026333 25.7699983, -80.2026074 25.7699990))",Southwest 5th Avenue,left,107.4,13,
Southwest 5th Avenue (right),25.7704835,-80.2025462,"POLYGON((-80.2025157 25.7700017, -80.2025509 25.7709660, -80.2025768 25.7709653, -80.2025416 25.7700010, -80.2025157 25.7700017))",Southwest 5th Avenue,right,107.4,13,
Southwest 5th Avenue (left),25.7714441,-80.2026718,"POLYGON((-80.2026426 25.7709634, -80.2026751 25.7719255, -80.2027010 25.7719248, -80.2026685 25.7709627, -80.2026426 25.7709634))",Southwest 5th Avenue,left,107.2,13,
Southwest 5th Avenue (right),25.7714466,-80.2025801,"POLYGON((-80.2025509 25.7709659, -80.2025834 25.7719280, -80.2026093 25.7719273, -80.2025768 25.7709652, -80.2025509 25.7709659))",Southwest 5th Avenue,right,107.2,13,
Southwest 5th Avenue (left),25.7724031,-80.2027049,"POLYGON((-80.2026751 25.7719255, -80.2027088 25.7728815, -80.2027347 25.7728807, -80.2027010 25.7719247, -80.2026751 25.7719255))",Southwest 5th Avenue,left,106.5,13,
Southwest 5th Avenue (right),25.7724057,-80.2026132,"POLYGON((-80.2025834 25.7719281, -80.2026171 25.7728841, -80.2026430 25.7728833, -80.2026093 25.7719273, -80.2025834 25.7719281))",Southwest 5th Avenue,right,106.5,13,
Southwest 5th Avenue (left),25.7733598,-80.2027044,"POLYGON((-80.2027091 25.7728762, -80.2026738 25.7738426, -80.2026998 25.7738433, -80.2027350 25.7728769, -80.2027091 25.7728762))",Southwest 5th Avenue,left,107.6,13,
Southwest 5th Avenue (right),25.7733570,-80.2026127,"POLYGON((-80.2026173 25.7728735, -80.2025821 25.7738399, -80.2026080 25.7738406, -80.2026433 25.7728742, -80.2026173 25.7728735))",Southwest 5th Avenue,right,107.6,13,
Northeast 1st Avenue (left),25.7746851,-80.1919923,"POLYGON((-80.1919583 25.7742048, -80.1920004 25.7751663, -80.1920263 25.7751654, -80.1919842 25.7742039, -80.1919583 25.7742048))",Northeast 1st Avenue,left,107.1,13,
Northeast 1st Avenue (right),25.7746884,-80.1919006,"POLYGON((-80.1918666 25.7742081, -80.1919087 25.7751696, -80.1919346 25.7751687, -80.1918925 25.7742072, -80.1918666 25.7742081))",Northeast 1st Avenue,right,107.1,13,
Northeast 1st Street (left),25.7751051,-80.1927994,"POLYGON((-80.1919665 25.7751379, -80.1936330 25.7750958, -80.1936323 25.7750724, -80.1919658 25.7751145, -80.1919665 25.7751379))",Northeast 1st Street,left,167.1,22,
Northeast 1st Street (right),25.7751878,-80.1928020,"POLYGON((-80.1919691 25.7752205, -80.1936356 25.7751784, -80.1936349 25.7751550, -80.1919684 25.7751971, -80.1919691 25.7752205))",Northeast 1st Street,right,167.1,22,
Northwest 8th Street (left),25.7818709,-80.1948218,"POLYGON((-80.1957454 25.7818310, -80.1938973 25.7818875, -80.1938982 25.7819109, -80.1957463 25.7818544, -80.1957454 25.7818310))",Northwest 8th Street,left,185.4,25,
Northwest 8th Street (right),25.7817884,-80.1948187,"POLYGON((-80.1957423 25.7817484, -80.1938942 25.7818049, -80.1938951 25.7818283, -80.1957432 25.7817718, -80.1957423 25.7817484))",Northwest 8th Street,right,185.4,25,
Northwest 19th Street (left),25.7935214,-80.2028231,"POLYGON((-80.2032261 25.7935087, -80.2024201 25.7935106, -80.2024202 25.7935340, -80.2032262 25.7935321, -80.2032261 25.7935087))",Northwest 19th Street,left,80.8,9,
Northwest 19th Street (right),25.7934387,-80.2028229,"POLYGON((-80.2032258 25.7934261, -80.2024198 25.7934280, -80.2024199 25.7934514, -80.2032259 25.7934495, -80.2032258 25.7934261))",Northwest 19th Street,right,80.8,9,
Northwest North River Drive (left),25.7751176,-80.2014453,"POLYGON((-80.2010715 25.7746821, -80.2017982 25.7755671, -80.2018191 25.7755532, -80.2010924 25.7746682, -80.2010715 25.7746821))",Northwest North River Drive,left,122.5,16,
Northwest North River Drive (right),25.7751668,-80.2013715,"POLYGON((-80.2009977 25.7747312, -80.2017244 25.7756162, -80.2017453 25.7756023, -80.2010186 25.7747173, -80.2009977 25.7747312))",Northwest North River Drive,right,122.5,16,
Northwest 2nd Avenue (left),25.7764473,-80.1978552,"POLYGON((-80.1978268 25.7759634, -80.1978577 25.7769319, -80.1978836 25.7769313, -80.1978527 25.7759627, -80.1978268 25.7759634))",Northwest 2nd Avenue,left,107.9,13,
Northwest 2nd Avenue (right),25.7764497,-80.1977635,"POLYGON((-80.1977351 25.7759657, -80.1977660 25.7769343, -80.1977919 25.7769336, -80.1977610 25.7759651, -80.1977351 25.7759657))",Northwest 2nd Avenue,right,107.9,13,
way/681756924 (left),25.7844554,-80.2097635,"POLYGON((-80.2098883 25.7844291, -80.2096353 25.7844585, -80.2096386 25.7844817, -80.2098916 25.7844523, -80.2098883 25.7844291))",way/681756924,left,25.6,1,
way/681756924 (right),25.7843734,-80.2097517,"POLYGON((-80.2098766 25.7843471, -80.2096236 25.7843765, -80.2096269 25.7843997, -80.2098799 25.7843703, -80.2098766 25.7843471))",way/681756924,right,25.6,1,
Southwest 10th Street (left),25.7643022,-80.1981810,"POLYGON((-80.1973484 25.7643378, -80.1990146 25.7642900, -80.1990137 25.7642666, -80.1973475 25.7643144, -80.1973484 25.7643378))",Southwest 10th Street,left,167.1,22,
Southwest 10th Street (right),25.7643848,-80.1981840,"POLYGON((-80.1973513 25.7644204, -80.1990175 25.7643726, -80.1990166 25.7643492, -80.1973504 25.7643970, -80.1973513 25.7644204))",Southwest 10th Street,right,167.1,22,
Southwest 2nd Avenue (left),25.7648472,-80.1974129,"POLYGON((-80.1973823 25.7643664, -80.1974176 25.7653288, -80.1974435 25.7653281, -80.1974082 25.7643656, -80.1973823 25.7643664))",Southwest 2nd Avenue,left,107.2,13,
Southwest 2nd Avenue (right),25.7648500,-80.1973212,"POLYGON((-80.1972906 25.7643691, -80.1973259 25.7653316, -80.1973518 25.7653308, -80.1973165 25.7643684, -80.1972906 25.7643691))",Southwest 2nd Avenue,right,107.2,13,
Southwest 10th Street (left),25.7643381,-80.1962686,"POLYGON((-80.1956590 25.7643463, -80.1968780 25.7643532, -80.1968781 25.7643298, -80.1956592 25.7643230, -80.1956590 25.7643463))",Southwest 10th Street,left,122.2,15,
Southwest 10th Street (right),25.7644207,-80.1962680,"POLYGON((-80.1956585 25.7644290, -80.1968774 25.7644358, -80.1968776 25.7644125, -80.1956586 25.7644056, -80.1956585 25.7644290))",Southwest 10th Street,right,122.2,15,
Southwest 1st Avenue (left),25.7656120,-80.1957355,"POLYGON((-80.1957129 25.7653759, -80.1957321 25.7658490, -80.1957580 25.7658482, -80.1957388 25.7653751, -80.1957129 25.7653759))",Southwest 1st Avenue,left,52.7,5,
Southwest 1st Avenue (right),25.7656151,-80.1956437,"POLYGON((-80.1956212 25.7653789, -80.1956404 25.7658520, -80.1956663 25.7658512, -80.1956471 25.7653781, -80.1956212 25.7653789))",Southwest 1st Avenue,right,52.7,5,
Northwest 3rd Street (left),25.7767714,-80.2054359,"POLYGON((-80.2061670 25.7767213, -80.2047033 25.7767982, -80.2047048 25.7768215, -80.2061685 25.7767446, -80.2061670 25.7767213))",Northwest 3rd Street,left,147.0,19,
Northwest 3rd Street (right),25.7766889,-80.2054305,"POLYGON((-80.2061616 25.7766388, -80.2046979 25.7767157, -80.2046994 25.7767390, -80.2061631 25.7766621, -80.2061616 25.7766388))",Northwest 3rd Street,right,147.0,19,
Northwest 7th Avenue (left),25.7770508,-80.2062122,"POLYGON((-80.2061959 25.7766910, -80.2062026 25.7774108, -80.2062286 25.7774106, -80.2062218 25.7766908, -80.2061959 25.7766910))",Northwest 7th Avenue,left,80.1,9,
Northwest 7th Avenue (right),25.7770515,-80.2061205,"POLYGON((-80.2061041 25.7766917, -80.2061109 25.7774115, -80.2061368 25.7774113, -80.2061301 25.7766915, -80.2061041 25.7766917))",Northwest 7th Avenue,right,80.1,9,
Northwest 2nd Street (left),25.7756110,-80.2086338,"POLYGON((-80.2077986 25.7756483, -80.2094700 25.7755971, -80.2094691 25.7755737, -80.2077977 25.7756249, -80.2077986 25.7756483))",Northwest 2nd Street,left,167.6,22,
Northwest 2nd Street (right),25.7756936,-80.2086370,"POLYGON((-80.2078017 25.7757309, -80.2094731 25.7756797, -80.2094722 25.7756563, -80.2078008 25.7757075, -80.2078017 25.7757309))",Northwest 2nd Street,right,167.6,22,
Northwest 7th Avenue (left),25.7762089,-80.2061917,"POLYGON((-80.2061615 25.7757276, -80.2061959 25.7766908, -80.2062218 25.7766901, -80.2061874 25.7757269, -80.2061615 25.7757276))",Northwest 7th Avenue,left,107.3,13,
Northwest 7th Avenue (right),25.7762115,-80.2060999,"POLYGON((-80.2060698 25.7757303, -80.2061042 25.7766935, -80.2061301 25.7766928, -80.2060957 25.7757296, -80.2060698 25.7757303))",Northwest 7th Avenue,right,107.3,13,
Southwest 6th Avenue (left),25.7723600,-80.2042838,"POLYGON((-80.2043145 25.7728442, -80.2042790 25.7718750, -80.2042531 25.7718757, -80.2042886 25.7728449, -80.2043145 25.7728442))",Southwest 6th Avenue,left,107.9,13,
Southwest 6th Avenue (right),25.7723572,-80.2043755,"POLYGON((-80.2044062 25.7728415, -80.2043707 25.7718723, -80.2043448 25.7718730, -80.2043803 25.7728422, -80.2044062 25.7728415))",Southwest 6th Avenue,right,107.9,13,
Southwest 6th Avenue (left),25.7715658,-80.2042559,"POLYGON((-80.2042790 25.7718749, -80.2042587 25.7712560, -80.2042328 25.7712567, -80.2042531 25.7718756, -80.2042790 25.7718749))",Southwest 6th Avenue,left,68.9,8,
Southwest 6th Avenue (right),25.7715633,-80.2043476,"POLYGON((-80.2043707 25.7718724, -80.2043504 25.7712535, -80.2043245 25.7712542, -80.2043448 25.7718731, -80.2043707 25.7718724))",Southwest 6th Avenue,right,68.9,8,
Southwest 1st Street (left),25.7733381,-80.1939560,"POLYGON((-80.1943469 25.7733162, -80.1935644 25.7733366, -80.1935652 25.7733600, -80.1943476 25.7733396, -80.1943469 25.7733162))",Southwest 1st Street,left,78.5,9,
Southwest 1st Street (right),25.7732555,-80.1939534,"POLYGON((-80.1943442 25.7732336, -80.1935618 25.7732540, -80.1935625 25.7732774, -80.1943450 25.7732570, -80.1943442 25.7732336))",Southwest 1st Street,right,78.5,9,
Southeast 1st Street (left),25.7734378,-80.1906321,"POLYGON((-80.1910231 25.7734143, -80.1902402 25.7734380, -80.1902411 25.7734614, -80.1910240 25.7734377, -80.1910231 25.7734143))",Southeast 1st Street,left,78.5,9,
Southeast 1st Street (right),25.7733553,-80.1906290,"POLYGON((-80.1910200 25.7733317, -80.1902371 25.7733554, -80.1902380 25.7733788, -80.1910209 25.7733551, -80.1910200 25.7733317))",Southeast 1st Street,right,78.5,9,
Southeast 1st Street (left),25.7735051,-80.1892372,"POLYGON((-80.1894885 25.7734843, -80.1889849 25.7735025, -80.1889860 25.7735259, -80.1894896 25.7735077, -80.1894885 25.7734843))",Southeast 1st Street,left,50.5,5,
Southeast 1st Street (right),25.7734225,-80.1892336,"POLYGON((-80.1894848 25.7734017, -80.1889812 25.7734199, -80.1889823 25.7734433, -80.1894859 25.7734251, -80.1894848 25.7734017))",Southeast 1st Street,right,50.5,5,
way/732588204 (left),25.7944137,-80.2007541,"POLYGON((-80.2007242 25.7941249, -80.2007582 25.7947036, -80.2007841 25.7947024, -80.2007501 25.7941237, -80.2007242 25.7941249))",way/732588204,left,64.5,7,
way/732588204 (right),25.7944180,-80.2006625,"POLYGON((-80.2006325 25.7941293, -80.2006665 25.7947080, -80.2006924 25.7947068, -80.2006584 25.7941281, -80.2006325 25.7941293))",way/732588204,right,64.5,7,
way/732588205 (left),25.7938505,-80.2009231,"POLYGON((-80.2013917 25.7938329, -80.2004543 25.7938446, -80.2004546 25.7938680, -80.2013920 25.7938563, -80.2013917 25.7938329))",way/732588205,left,94.0,11,
way/732588205 (right),25.7937678,-80.2009219,"POLYGON((-80.2013904 25.7937503, -80.2004530 25.7937620, -80.2004533 25.7937854, -80.2013907 25.7937737, -80.2013904 25.7937503))",way/732588205,right,94.0,11,
Northwest 12th Street (left),25.7859598,-80.2014255,"POLYGON((-80.2015348 25.7861146, -80.2013390 25.7857938, -80.2013162 25.7858050, -80.2015121 25.7861259, -80.2015348 25.7861146))",Northwest 12th Street,left,40.8,3,
Northwest 12th Street (right),25.7859200,-80.2015060,"POLYGON((-80.2016153 25.7860748, -80.2014194 25.7857539, -80.2013967 25.7857652, -80.2015925 25.7860860, -80.2016153 25.7860748))",Northwest 12th Street,right,40.8,3,
Northeast 8th Street (left),25.7820248,-80.1898084,"POLYGON((-80.1900688 25.7820068, -80.1895473 25.7820194, -80.1895480 25.7820428, -80.1900695 25.7820302, -80.1900688 25.7820068))",Northeast 8th Street,left,52.3,5,
Northeast 8th Street (right),25.7819422,-80.1898059,"POLYGON((-80.1900663 25.7819242, -80.1895448 25.7819368, -80.1895455 25.7819602, -80.1900670 25.7819476, -80.1900663 25.7819242))",Northeast 8th Street,right,52.3,5,
Southeast 10th Street (left),25.7643316,-80.1919971,"POLYGON((-80.1914630 25.7642267, -80.1925251 25.7644592, -80.1925312 25.7644365, -80.1914691 25.7642040, -80.1914630 25.7642267))",Southeast 10th Street,left,109.6,14,
Southeast 10th Street (right),25.7644119,-80.1919754,"POLYGON((-80.1914413 25.7643070, -80.1925034 25.7645395, -80.1925095 25.7645168, -80.1914474 25.7642843, -80.1914413 25.7643070))",Southeast 10th Street,right,109.6,14,
Southeast 10th Street (left),25.7644469,-80.1928757,"POLYGON((-80.1925163 25.7644584, -80.1932351 25.7644589, -80.1932351 25.7644355, -80.1925163 25.7644350, -80.1925163 25.7644584))",Southeast 10th Street,left,72.1,8,
Southeast 10th Street (right),25.7645296,-80.1928756,"POLYGON((-80.1925162 25.7645410, -80.1932350 25.7645415, -80.1932350 25.7645181, -80.1925162 25.7645176, -80.1925162 25.7645410))",Southeast 10th Street,right,72.1,8,
Northwest 13th Street (left),25.7866856,-80.2065725,"POLYGON((-80.2068889 25.7866307, -80.2062521 25.7867174, -80.2062560 25.7867405, -80.2068928 25.7866538, -80.2068889 25.7866307))",Northwest 13th Street,left,64.6,7,
Northwest 13th Street (right),25.7866039,-80.2065587,"POLYGON((-80.2068752 25.7865490, -80.2062384 25.7866357, -80.2062423 25.7866588, -80.2068791 25.7865721, -80.2068752 25.7865490))",Northwest 13th Street,right,64.6,7,
Northeast 8th Street (left),25.7820833,-80.1875213,"POLYGON((-80.1887032 25.7820336, -80.1863385 25.7821096, -80.1863394 25.7821330, -80.1887041 25.7820570, -80.1887032 25.7820336))",Northeast 8th Street,left,237.2,33,
Northeast 8th Street (right),25.7820007,-80.1875180,"POLYGON((-80.1886999 25.7819510, -80.1863352 25.7820270, -80.1863361 25.7820504, -80.1887008 25.7819744, -80.1886999 25.7819510))",Northeast 8th Street,right,237.2,33,
Northeast 8th Street (left),25.7819827,-80.1911436,"POLYGON((-80.1922171 25.7819353, -80.1900691 25.7820068, -80.1900700 25.7820302, -80.1922181 25.7819587, -80.1922171 25.7819353))",Northeast 8th Street,left,215.5,29,
Northeast 8th Street (right),25.7819002,-80.1911402,"POLYGON((-80.1922138 25.7818527, -80.1900657 25.7819242, -80.1900667 25.7819476, -80.1922147 25.7818761, -80.1922138 25.7818527))",Northeast 8th Street,right,215.5,29,
way/756212656 (left),25.7682223,-80.1934972,"POLYGON((-80.1936547 25.7683272, -80.1933565 25.7680996, -80.1933398 25.7681174, -80.1936379 25.7683450, -80.1936547 25.7683272))",way/756212656,left,39.2,3,
way/756212656 (right),25.7681592,-80.1935566,"POLYGON((-80.1937140 25.7682641, -80.1934159 25.7680365, -80.1933991 25.7680543, -80.1936973 25.7682819, -80.1937140 25.7682641))",way/756212656,right,39.2,3,
South Miami Avenue (left),25.7685032,-80.1934532,"POLYGON((-80.1934383 25.7683335, -80.1934421 25.7686731, -80.1934681 25.7686729, -80.1934642 25.7683333, -80.1934383 25.7683335))",South Miami Avenue,left,37.8,3,
South Miami Avenue (right),25.7685040,-80.1933614,"POLYGON((-80.1933465 25.7683343, -80.1933504 25.7686739, -80.1933763 25.7686737, -80.1933725 25.7683341, -80.1933465 25.7683343))",South Miami Avenue,right,37.8,3,
Northeast 1st Court (left),25.7890646,-80.1915427,"POLYGON((-80.1915265 25.7886264, -80.1915329 25.7895030, -80.1915589 25.7895029, -80.1915525 25.7886262, -80.1915265 25.7886264))",Northeast 1st Court,left,97.6,12,
Northeast 1st Court (right),25.7890652,-80.1914509,"POLYGON((-80.1914347 25.7886269, -80.1914411 25.7895036, -80.1914671 25.7895034, -80.1914607 25.7886268, -80.1914347 25.7886269))",Northeast 1st Court,right,97.6,12,
Northeast 15th Street (left),25.7894532,-80.1917009,"POLYGON((-80.1914986 25.7894725, -80.1919043 25.7894573, -80.1919033 25.7894339, -80.1914976 25.7894491, -80.1914986 25.7894725))",Northeast 15th Street,left,40.7,3,
Northeast 15th Street (right),25.7895358,-80.1917048,"POLYGON((-80.1915024 25.7895551, -80.1919081 25.7895399, -80.1919071 25.7895165, -80.1915014 25.7895317, -80.1915024 25.7895551))",Northeast 15th Street,right,40.7,3,
Northeast 1st Court (left),25.7911777,-80.1916027,"POLYGON((-80.1915689 25.7906170, -80.1916105 25.7917392, -80.1916364 25.7917384, -80.1915948 25.7906162, -80.1915689 25.7906170))",Northeast 1st Court,left,125.0,16,
Northeast 1st Court (right),25.7911805,-80.1915109,"POLYGON((-80.1914772 25.7906198, -80.1915188 25.7917420, -80.1915447 25.7917412, -80.1915031 25.7906190, -80.1914772 25.7906198))",Northeast 1st Court,right,125.0,16,
Northeast 15th Street (left),25.7894382,-80.1921040,"POLYGON((-80.1919043 25.7894573, -80.1923046 25.7894424, -80.1923036 25.7894190, -80.1919033 25.7894339, -80.1919043 25.7894573))",Northeast 15th Street,left,40.2,3,
Northeast 15th Street (right),25.7895207,-80.1921077,"POLYGON((-80.1919081 25.7895399, -80.1923084 25.7895250, -80.1923074 25.7895016, -80.1919071 25.7895165, -80.1919081 25.7895399))",Northeast 15th Street,right,40.2,3,
way/772544993 (left),25.7949767,-80.2009496,"POLYGON((-80.2004925 25.7950001, -80.2014074 25.7949768, -80.2014066 25.7949534, -80.2004917 25.7949767, -80.2004925 25.7950001))",way/772544993,left,91.7,11,
way/772544993 (right),25.7950594,-80.2009521,"POLYGON((-80.2004951 25.7950827, -80.2014100 25.7950594, -80.2014092 25.7950360, -80.2004943 25.7950593, -80.2004951 25.7950827))",way/772544993,right,91.7,11,
way/772544993 (left),25.7949508,-80.2018878,"POLYGON((-80.2014072 25.7949768, -80.2023692 25.7949483, -80.2023684 25.7949249, -80.2014064 25.7949534, -80.2014072 25.7949768))",way/772544993,left,96.5,12,
way/772544993 (right),25.7950335,-80.2018908,"POLYGON((-80.2014102 25.7950594, -80.2023722 25.7950309, -80.2023714 25.7950075, -80.2014094 25.7950360, -80.2014102 25.7950594))",way/772544993,right,96.5,12,
way/772544994 (left),25.7937672,-80.2018656,"POLYGON((-80.2013916 25.7937737, -80.2023393 25.7937841, -80.2023396 25.7937607, -80.2013919 25.7937503, -80.2013916 25.7937737))",way/772544994,left,95.0,11,
way/772544994 (right),25.7938498,-80.2018645,"POLYGON((-80.2013905 25.7938563, -80.2023382 25.7938667, -80.2023385 25.7938433, -80.2013908 25.7938329, -80.2013905 25.7938563))",way/772544994,right,95.0,11,
Riverfront Alley (left),25.7709188,-80.1956006,"POLYGON((-80.1956190 25.7711388, -80.1956081 25.7706983, -80.1955822 25.7706988, -80.1955931 25.7711393, -80.1956190 25.7711388))",Riverfront Alley,left,49.0,5,
Riverfront Alley (right),25.7709169,-80.1956923,"POLYGON((-80.1957107 25.7711369, -80.1956998 25.7706964, -80.1956739 25.7706969, -80.1956848 25.7711374, -80.1957107 25.7711369))",Riverfront Alley,right,49.0,5,
Riverfront Alley (left),25.7700182,-80.1955651,"POLYGON((-80.1956081 25.7706988, -80.1955481 25.7693367, -80.1955222 25.7693376, -80.1955822 25.7706997, -80.1956081 25.7706988))",Riverfront Alley,left,151.7,20,
Riverfront Alley (right),25.7700149,-80.1956569,"POLYGON((-80.1956998 25.7706955, -80.1956398 25.7693334, -80.1956139 25.7693343, -80.1956739 25.7706964, -80.1956998 25.7706955))",Riverfront Alley,right,151.7,20,
Water Avenue (left),25.7704934,-80.1946665,"POLYGON((-80.1947199 25.7707363, -80.1946387 25.7702469, -80.1946131 25.7702504, -80.1946943 25.7707398, -80.1947199 25.7707363))",Water Avenue,left,55.1,5,
Water Avenue (right),25.7704811,-80.1947573,"POLYGON((-80.1948107 25.7707241, -80.1947295 25.7702347, -80.1947039 25.7702382, -80.1947851 25.7707276, -80.1948107 25.7707241))",Water Avenue,right,55.1,5,
Water Avenue (left),25.7713479,-80.1947225,"POLYGON((-80.1947034 25.7711715, -80.1947157 25.7715251, -80.1947416 25.7715244, -80.1947293 25.7711707, -80.1947034 25.7711715))",Water Avenue,left,39.4,3,
Water Avenue (right),25.7713505,-80.1946308,"POLYGON((-80.1946117 25.7711740, -80.1946240 25.7715277, -80.1946499 25.7715269, -80.1946376 25.7711733, -80.1946117 25.7711740))",Water Avenue,right,39.4,3,
South 4th Street (left),25.7708907,-80.1944239,"POLYGON((-80.1941883 25.7709074, -80.1946600 25.7708975, -80.1946594 25.7708741, -80.1941877 25.7708840, -80.1941883 25.7709074))",South 4th Street,left,47.3,4,
South 4th Street (right),25.7709734,-80.1944260,"POLYGON((-80.1941905 25.7709900, -80.1946622 25.7709801, -80.1946616 25.7709567, -80.1941899 25.7709666, -80.1941905 25.7709900))",South 4th Street,right,47.3,4,
South 4th Street (left),25.7708868,-80.1938511,"POLYGON((-80.1941006 25.7708662, -80.1936006 25.7708840, -80.1936016 25.7709074, -80.1941016 25.7708896, -80.1941006 25.7708662))",South 4th Street,left,50.2,5,
South 4th Street (right),25.7708042,-80.1938475,"POLYGON((-80.1940970 25.7707836, -80.1935970 25.7708014, -80.1935980 25.7708248, -80.1940980 25.7708070, -80.1940970 25.7707836))",South 4th Street,right,50.2,5,
Northwest 9th Street (left),25.7823885,-80.2070594,"POLYGON((-80.2067417 25.7824101, -80.2073781 25.7823902, -80.2073772 25.7823668, -80.2067408 25.7823867, -80.2067417 25.7824101))",Northwest 9th Street,left,63.8,7,
Northwest 9th Street (right),25.7824710,-80.2070626,"POLYGON((-80.2067448 25.7824927, -80.2073812 25.7824728, -80.2073803 25.7824494, -80.2067439 25.7824693, -80.2067448 25.7824927))",Northwest 9th Street,right,63.8,7,
Northwest 9th Street (left),25.7823769,-80.2074895,"POLYGON((-80.2073787 25.7823902, -80.2076007 25.7823870, -80.2076003 25.7823636, -80.2073783 25.7823668, -80.2073787 25.7823902))",Northwest 9th Street,left,22.3,1,
Northwest 9th Street (right),25.7824595,-80.2074909,"POLYGON((-80.2073801 25.7824728, -80.2076021 25.7824696, -80.2076017 25.7824462, -80.2073797 25.7824494, -80.2073801 25.7824728))",Northwest 9th Street,right,22.3,1,
Southwest 9th Street (left),25.7652514,-80.1987388,"POLYGON((-80.1984642 25.7652711, -80.1990141 25.7652552, -80.1990133 25.7652318, -80.1984634 25.7652477, -80.1984642 25.7652711))",Southwest 9th Street,left,55.2,5,
Southwest 9th Street (right),25.7653341,-80.1987417,"POLYGON((-80.1984672 25.7653537, -80.1990171 25.7653378, -80.1990163 25.7653144, -80.1984664 25.7653303, -80.1984672 25.7653537))",Southwest 9th Street,right,55.2,5,
Southwest 3rd Avenue (left),25.7628765,-80.1989216,"POLYGON((-80.1989561 25.7633572, -80.1989130 25.7623948, -80.1988871 25.7623957, -80.1989302 25.7633582, -80.1989561 25.7633572))",Southwest 3rd Avenue,left,107.2,13,
Southwest 3rd Avenue (right),25.7628731,-80.1990133,"POLYGON((-80.1990478 25.7633539, -80.1990047 25.7623914, -80.1989788 25.7623924, -80.1990219 25.7633548, -80.1990478 25.7633539))",Southwest 3rd Avenue,right,107.2,13,
Southwest 10th Street (left),25.7643338,-80.1971091,"POLYGON((-80.1968709 25.7643532, -80.1973482 25.7643378, -80.1973473 25.7643144, -80.1968700 25.7643298, -80.1968709 25.7643532))",Southwest 10th Street,left,47.9,4,
Southwest 10th Street (right),25.7644164,-80.1971124,"POLYGON((-80.1968742 25.7644358, -80.1973515 25.7644204, -80.1973506 25.7643970, -80.1968733 25.7644124, -80.1968742 25.7644358))",Southwest 10th Street,right,47.9,4,
Southwest 2nd Avenue (left),25.7616411,-80.1972969,"POLYGON((-80.1972779 25.7614872, -80.1972899 25.7617959, -80.1973158 25.7617950, -80.1973038 25.7614863, -80.1972779 25.7614872))",Southwest 2nd Avenue,left,34.4,2,
Southwest 2nd Avenue (right),25.7616440,-80.1972051,"POLYGON((-80.1971862 25.7614901, -80.1971982 25.7617988, -80.1972241 25.7617979, -80.1972121 25.7614892, -80.1971862 25.7614901))",Southwest 2nd Avenue,right,34.4,2,
Southwest 15th Road (left),25.7612307,-80.1982679,"POLYGON((-80.1980712 25.7610133, -80.1984437 25.7614621, -80.1984645 25.7614481, -80.1980920 25.7609993, -80.1980712 25.7610133))",Southwest 15th Road,left,62.4,7,
Southwest 15th Road (right),25.7612802,-80.1981943,"POLYGON((-80.1979977 25.7610628, -80.1983702 25.7615116, -80.1983910 25.7614976, -80.1980185 25.7610488, -80.1979977 25.7610628))",Southwest 15th Road,right,62.4,7,
Southwest 1st Avenue (left),25.7661479,-80.1957613,"POLYGON((-80.1957360 25.7659588, -80.1957607 25.7663384, -80.1957866 25.7663371, -80.1957618 25.7659574, -80.1957360 25.7659588))",Southwest 1st Avenue,left,42.3,4,
Southwest 1st Avenue (right),25.7661528,-80.1956696,"POLYGON((-80.1956443 25.7659636, -80.1956691 25.7663433, -80.1956949 25.7663419, -80.1956702 25.7659623, -80.1956443 25.7659636))",Southwest 1st Avenue,right,42.3,4,
Southwest 1st Avenue (left),25.7646405,-80.1957149,"POLYGON((-80.1957021 25.7645206, -80.1957018 25.7647604, -80.1957278 25.7647605, -80.1957281 25.7645206, -80.1957021 25.7645206))",Southwest 1st Avenue,left,26.7,1,
Southwest 1st Avenue (right),25.7646405,-80.1956232,"POLYGON((-80.1956103 25.7645205, -80.1956100 25.7647604, -80.1956360 25.7647604, -80.1956363 25.7645206, -80.1956103 25.7645205))",Southwest 1st Avenue,right,26.7,1,
Southwest 1st Avenue (left),25.7650253,-80.1957127,"POLYGON((-80.1956953 25.7649084, -80.1957041 25.7651430, -80.1957300 25.7651422, -80.1957212 25.7649076, -80.1956953 25.7649084))",Southwest 1st Avenue,left,26.1,1,
Southwest 1st Avenue (right),25.7650281,-80.1956209,"POLYGON((-80.1956036 25.7649112, -80.1956124 25.7651458, -80.1956383 25.7651450, -80.1956295 25.7649104, -80.1956036 25.7649112))",Southwest 1st Avenue,right,26.1,1,
Southwest 15th Road (left),25.7599512,-80.1963655,"POLYGON((-80.1965330 25.7600444, -80.1962130 25.7598389, -80.1961979 25.7598579, -80.1965180 25.7600634, -80.1965330 25.7600444))",Southwest 15th Road,left,39.4,3,
Southwest 15th Road (right),25.7598838,-80.1964187,"POLYGON((-80.1965863 25.7599771, -80.1962662 25.7597716, -80.1962512 25.7597906, -80.1965712 25.7599961, -80.1965863 25.7599771))",Southwest 15th Road,right,39.4,3,
North Miami Avenue (left),25.7746427,-80.1935698,"POLYGON((-80.1936010 25.7751264, -80.1935646 25.7741582, -80.1935387 25.7741590, -80.1935751 25.7751272, -80.1936010 25.7751264))",North Miami Avenue,left,107.9,13,
North Miami Avenue (right),25.7746399,-80.1936616,"POLYGON((-80.1936927 25.7751236, -80.1936563 25.7741554, -80.1936304 25.7741562, -80.1936668 25.7751244, -80.1936927 25.7751236))",North Miami Avenue,right,107.9,13,
Northwest 1st Street (left),25.7749560,-80.1975903,"POLYGON((-80.1974301 25.7749700, -80.1977510 25.7749654, -80.1977506 25.7749420, -80.1974297 25.7749466, -80.1974301 25.7749700))",Northwest 1st Street,left,32.2,2,
Northwest 1st Street (right),25.7750386,-80.1975918,"POLYGON((-80.1974315 25.7750526, -80.1977524 25.7750480, -80.1977520 25.7750246, -80.1974311 25.7750292, -80.1974315 25.7750526))",Northwest 1st Street,right,32.2,2,
Southwest 15th Road (left),25.7595141,-80.1956161,"POLYGON((-80.1962146 25.7598399, -80.1950315 25.7591686, -80.1950176 25.7591883, -80.1962007 25.7598596, -80.1962146 25.7598399))",Southwest 15th Road,left,140.2,18,
Southwest 15th Road (right),25.7594442,-80.1956650,"POLYGON((-80.1962635 25.7597700, -80.1950804 25.7590987, -80.1950665 25.7591184, -80.1962496 25.7597897, -80.1962635 25.7597700))",Southwest 15th Road,right,140.2,18,
Brickell Plaza (left),25.7623596,-80.1931254,"POLYGON((-80.1931947 25.7620549, -80.1930309 25.7626586, -80.1930561 25.7626642, -80.1932199 25.7620605, -80.1931947 25.7620549))",Brickell Plaza,left,69.2,8,
Brickell Plaza (right),25.7623399,-80.1930363,"POLYGON((-80.1931056 25.7620353, -80.1929418 25.7626390, -80.1929670 25.7626446, -80.1931308 25.7620409, -80.1931056 25.7620353))",Brickell Plaza,right,69.2,8,
Brickell Plaza (left),25.7630893,-80.1929318,"POLYGON((-80.1930329 25.7626512, -80.1928054 25.7635221, -80.1928307 25.7635274, -80.1930582 25.7626565, -80.1930329 25.7626512))",Brickell Plaza,left,99.6,12,
Brickell Plaza (right),25.7630704,-80.1928425,"POLYGON((-80.1929436 25.7626323, -80.1927161 25.7635032, -80.1927414 25.7635085, -80.1929689 25.7626376, -80.1929436 25.7626323))",Brickell Plaza,right,99.6,12,
South Miami Avenue (left),25.7630456,-80.1932369,"POLYGON((-80.1932070 25.7625664, -80.1932409 25.7635257, -80.1932668 25.7635249, -80.1932329 25.7625656, -80.1932070 25.7625664))",South Miami Avenue,left,106.8,13,
South Miami Avenue (right),25.7630483,-80.1931452,"POLYGON((-80.1931153 25.7625690, -80.1931492 25.7635283, -80.1931751 25.7635275, -80.1931412 25.7625682, -80.1931153 25.7625690))",South Miami Avenue,right,106.8,13,
Southwest 1st Avenue (left),25.7642666,-80.1951859,"POLYGON((-80.1952033 25.7643602, -80.1951943 25.7641721, -80.1951684 25.7641731, -80.1951774 25.7643612, -80.1952033 25.7643602))",Southwest 1st Avenue,left,21.0,0,
Southwest 1st Avenue (right),25.7642631,-80.1952775,"POLYGON((-80.1952950 25.7643566, -80.1952860 25.7641685, -80.1952601 25.7641695, -80.1952691 25.7643576, -80.1952950 25.7643566))",Southwest 1st Avenue,right,21.0,0,
Northwest 8th Street (left),25.7818326,-80.1959816,"POLYGON((-80.1961033 25.7818154, -80.1958586 25.7818264, -80.1958599 25.7818497, -80.1961046 25.7818387, -80.1961033 25.7818154))",Northwest 8th Street,left,24.6,1,
Northwest 8th Street (right),25.7817500,-80.1959771,"POLYGON((-80.1960988 25.7817329, -80.1958541 25.7817439, -80.1958554 25.7817672, -80.1961001 25.7817562, -80.1960988 25.7817329))",Northwest 8th Street,right,24.6,1,
South Miami Avenue (left),25.7592123,-80.1939427,"POLYGON((-80.1940433 25.7587488, -80.1938167 25.7596707, -80.1938420 25.7596758, -80.1940687 25.7587538, -80.1940433 25.7587488))",South Miami Avenue,left,105.1,13,
South Miami Avenue (right),25.7591944,-80.1938531,"POLYGON((-80.1939538 25.7587309, -80.1937271 25.7596529, -80.1937525 25.7596579, -80.1939791 25.7587360, -80.1939538 25.7587309))",South Miami Avenue,right,105.1,13,
Northwest 1st Street (left),25.7750310,-80.1953990,"POLYGON((-80.1951995 25.7750593, -80.1956009 25.7750259, -80.1955985 25.7750026, -80.1951971 25.7750360, -80.1951995 25.7750593))",Northwest 1st Street,left,40.4,3,
Northwest 1st Street (right),25.7751132,-80.1954074,"POLYGON((-80.1952079 25.7751416, -80.1956093 25.7751082, -80.1956069 25.7750849, -80.1952055 25.7751183, -80.1952079 25.7751416))",Northwest 1st Street,right,40.4,3,
Northeast 10th Street (left),25.7838420,-80.1931280,"POLYGON((-80.1939690 25.7837987, -80.1922859 25.7838620, -80.1922870 25.7838854, -80.1939701 25.7838221, -80.1939690 25.7837987))",Northeast 10th Street,left,168.9,22,
Northeast 10th Street (right),25.7837595,-80.1931241,"POLYGON((-80.1939651 25.7837161, -80.1922820 25.7837794, -80.1922831 25.7838028, -80.1939662 25.7837395, -80.1939651 25.7837161))",Northeast 10th Street,right,168.9,22,
West Flagler Street (left),25.7740952,-80.1985725,"POLYGON((-80.1984025 25.7740665, -80.1987359 25.7741466, -80.1987425 25.7741240, -80.1984092 25.7740439, -80.1984025 25.7740665))",West Flagler Street,left,34.6,2,
West Flagler Street (right),25.7741751,-80.1985489,"POLYGON((-80.1983789 25.7741463, -80.1987122 25.7742264, -80.1987189 25.7742038, -80.1983855 25.7741237, -80.1983789 25.7741463))",West Flagler Street,right,34.6,2,
South Miami Avenue (left),25.7585065,-80.1943843,"POLYGON((-80.1942442 25.7586287, -80.1945411 25.7584021, -80.1945243 25.7583842, -80.1942275 25.7586109, -80.1942442 25.7586287))",South Miami Avenue,left,39.0,3,
South Miami Avenue (right),25.7585695,-80.1944436,"POLYGON((-80.1943036 25.7586918, -80.1946004 25.7584651, -80.1945837 25.7584473, -80.1942868 25.7586739, -80.1943036 25.7586918))",South Miami Avenue,right,39.0,3,
South Miami Avenue (left),25.7584430,-80.1944357,"POLYGON((-80.1946795 25.7582693, -80.1941766 25.7585978, -80.1941919 25.7586167, -80.1946947 25.7582882, -80.1946795 25.7582693))",South Miami Avenue,left,62.3,7,
South Miami Avenue (right),25.7583761,-80.1943818,"POLYGON((-80.1946256 25.7582024, -80.1941228 25.7585309, -80.1941380 25.7585498, -80.1946409 25.7582213, -80.1946256 25.7582024))",South Miami Avenue,right,62.3,7,
Northwest 6th Avenue (left),25.7743329,-80.2043528,"POLYGON((-80.2043815 25.7748200, -80.2043501 25.7738452, -80.2043242 25.7738459, -80.2043556 25.7748206, -80.2043815 25.7748200))",Northwest 6th Avenue,left,108.6,13,
Northwest 6th Avenue (right),25.7743306,-80.2044446,"POLYGON((-80.2044732 25.7748176, -80.2044418 25.7738429, -80.2044159 25.7738435, -80.2044473 25.7748183, -80.2044732 25.7748176))",Northwest 6th Avenue,right,108.6,13,
Northwest 1st Street (left),25.7749128,-80.2036347,"POLYGON((-80.2044273 25.7748477, -80.2028402 25.7749547, -80.2028421 25.7749780, -80.2044292 25.7748710, -80.2044273 25.7748477))",Northwest 1st Street,left,159.5,21,
Northwest 1st Street (right),25.7748304,-80.2036278,"POLYGON((-80.2044204 25.7747652, -80.2028333 25.7748722, -80.2028352 25.7748955, -80.2044223 25.7747885, -80.2044204 25.7747652))",Northwest 1st Street,right,159.5,21,
Southwest 24th Road (left),25.7584668,-80.2079937,"POLYGON((-80.2084517 25.7590361, -80.2075569 25.7578841, -80.2075356 25.7578975, -80.2084305 25.7590495, -80.2084517 25.7590361))",Southwest 24th Road,left,156.5,21,
Southwest 24th Road (right),25.7584194,-80.2080688,"POLYGON((-80.2085269 25.7589887, -80.2076320 25.7578367, -80.2076108 25.7578501, -80.2085056 25.7590021, -80.2085269 25.7589887))",Southwest 24th Road,right,156.5,21,
Southwest 24th Road (left),25.7572473,-80.2069973,"POLYGON((-80.2074988 25.7578197, -80.2065163 25.7566608, -80.2064957 25.7566750, -80.2074782 25.7578339, -80.2074988 25.7578197))",Southwest 24th Road,left,162.3,21,
Southwest 24th Road (right),25.7571972,-80.2070702,"POLYGON((-80.2075718 25.7577695, -80.2065893 25.7566106, -80.2065687 25.7566248, -80.2075512 25.7577837, -80.2075718 25.7577695))",Southwest 24th Road,right,162.3,21,
Southwest 24th Road (left),25.7559572,-80.2059116,"POLYGON((-80.2064109 25.7565330, -80.2054330 25.7553673, -80.2054123 25.7553813, -80.2063903 25.7565471, -80.2064109 25.7565330))",Southwest 24th Road,left,162.6,22,
Southwest 24th Road (right),25.7559073,-80.2059849,"POLYGON((-80.2064842 25.7564832, -80.2055062 25.7553174, -80.2054856 25.7553315, -80.2064635 25.7564972, -80.2064842 25.7564832))",Southwest 24th Road,right,162.6,22,
Southwest 24th Road (left),25.7547695,-80.2049170,"POLYGON((-80.2053851 25.7553100, -80.2044697 25.7542149, -80.2044490 25.7542290, -80.2053644 25.7553241, -80.2053851 25.7553100))",Southwest 24th Road,left,152.6,20,
Southwest 24th Road (right),25.7547198,-80.2049904,"POLYGON((-80.2054584 25.7552603, -80.2045430 25.7541652, -80.2045223 25.7541793, -80.2054377 25.7552744, -80.2054584 25.7552603))",Southwest 24th Road,right,152.6,20,
Southwest 24th Road (left),25.7596126,-80.2090354,"POLYGON((-80.2085005 25.7589956, -80.2095497 25.7602437, -80.2095703 25.7602296, -80.2085212 25.7589815, -80.2085005 25.7589956))",Southwest 24th Road,left,174.3,23,
Southwest 24th Road (right),25.7596625,-80.2089623,"POLYGON((-80.2084274 25.7590455, -80.2094765 25.7602936, -80.2094972 25.7602795, -80.2084480 25.7590314, -80.2084274 25.7590455))",Southwest 24th Road,right,174.3,23,
Southwest 24th Road (left),25.7607000,-80.2099490,"POLYGON((-80.2095497 25.7602437, -80.2103277 25.7611704, -80.2103483 25.7611563, -80.2095703 25.7602296, -80.2095497 25.7602437))",Southwest 24th Road,left,129.3,17,
Southwest 24th Road (right),25.7607499,-80.2098758,"POLYGON((-80.2094765 25.7602936, -80.2102545 25.7612203, -80.2102751 25.7612062, -80.2094971 25.7602795, -80.2094765 25.7602936))",Southwest 24th Road,right,129.3,17,
Southwest 23rd Road (left),25.7600684,-80.2081207,"POLYGON((-80.2076758 25.7595666, -80.2085450 25.7605844, -80.2085655 25.7605702, -80.2076963 25.7595524, -80.2076758 25.7595666))",Southwest 23rd Road,left,142.9,19,
Southwest 23rd Road (right),25.7601188,-80.2080479,"POLYGON((-80.2076031 25.7596170, -80.2084723 25.7606348, -80.2084928 25.7606206, -80.2076236 25.7596028, -80.2076031 25.7596170))",Southwest 23rd Road,right,142.9,19,
Southwest 23rd Road (left),25.7590321,-80.2071647,"POLYGON((-80.2076269 25.7596071, -80.2067236 25.7584438, -80.2067024 25.7584572, -80.2076057 25.7596205, -80.2076269 25.7596071))",Southwest 23rd Road,left,158.0,21,
Southwest 23rd Road (right),25.7589848,-80.2072398,"POLYGON((-80.2077021 25.7595597, -80.2067988 25.7583964, -80.2067776 25.7584098, -80.2076809 25.7595731, -80.2077021 25.7595597))",Southwest 23rd Road,right,158.0,21,
Southwest 23rd Road (left),25.7578164,-80.2061688,"POLYGON((-80.2066788 25.7583872, -80.2056792 25.7572312, -80.2056588 25.7572456, -80.2066584 25.7584016, -80.2066788 25.7583872))",Southwest 23rd Road,left,163.1,22,
Southwest 23rd Road (right),25.7577656,-80.2062412,"POLYGON((-80.2067512 25.7583364, -80.2057516 25.7571804, -80.2057312 25.7571948, -80.2067308 25.7583508, -80.2067512 25.7583364))",Southwest 23rd Road,right,163.1,22,
Southwest 23rd Road (left),25.7565254,-80.2050820,"POLYGON((-80.2055757 25.7571021, -80.2046090 25.7559346, -80.2045882 25.7559486, -80.2055549 25.7571161, -80.2055757 25.7571021))",Southwest 23rd Road,left,162.1,21,
Southwest 23rd Road (right),25.7564759,-80.2051555,"POLYGON((-80.2056493 25.7570527, -80.2046826 25.7558852, -80.2046618 25.7558992, -80.2056285 25.7570667, -80.2056493 25.7570527))",Southwest 23rd Road,right,162.1,21,
Southwest 23rd Road (left),25.7553402,-80.2040885,"POLYGON((-80.2045587 25.7558788, -80.2036389 25.7547874, -80.2036182 25.7548015, -80.2045380 25.7558929, -80.2045587 25.7558788))",Southwest 23rd Road,left,152.5,20,
Southwest 23rd Road (right),25.7552902,-80.2041615,"POLYGON((-80.2046318 25.7558289, -80.2037120 25.7547375, -80.2036913 25.7547516, -80.2046111 25.7558430, -80.2046318 25.7558289))",Southwest 23rd Road,right,152.5,20,
Southwest 2nd Avenue (left),25.7578709,-80.2016708,"POLYGON((-80.2012700 25.7581617, -80.2020874 25.7575987, -80.2020717 25.7575801, -80.2012543 25.7581431, -80.2012700 25.7581617))",Southwest 2nd Avenue,left,103.2,13,
Southwest 2nd Avenue (right),25.7579365,-80.2017266,"POLYGON((-80.2013257 25.7582273, -80.2021431 25.7576643, -80.2021274 25.7576457, -80.2013100 25.7582087, -80.2013257 25.7582273))",Southwest 2nd Avenue,right,103.2,13,
Southwest 2nd Avenue (left),25.7573056,-80.2024906,"POLYGON((-80.2020874 25.7575987, -80.2029096 25.7570310, -80.2028938 25.7570124, -80.2020716 25.7575801, -80.2020874 25.7575987))",Southwest 2nd Avenue,left,103.9,13,
Southwest 2nd Avenue (right),25.7573711,-80.2025464,"POLYGON((-80.2021432 25.7576643, -80.2029654 25.7570966, -80.2029496 25.7570780, -80.2021274 25.7576457, -80.2021432 25.7576643))",Southwest 2nd Avenue,right,103.9,13,
Southwest 2nd Avenue (left),25.7567413,-80.2033109,"POLYGON((-80.2029097 25.7570309, -80.2037279 25.7564703, -80.2037122 25.7564517, -80.2028940 25.7570123, -80.2029097 25.7570309))",Southwest 2nd Avenue,left,103.1,13,
Southwest 2nd Avenue (right),25.7568071,-80.2033665,"POLYGON((-80.2029652 25.7570967, -80.2037834 25.7565361, -80.2037677 25.7565175, -80.2029495 25.7570781, -80.2029652 25.7570967))",Southwest 2nd Avenue,right,103.1,13,
Southwest 2nd Avenue (left),25.7561865,-80.2041181,"POLYGON((-80.2037278 25.7564704, -80.2045242 25.7559213, -80.2045084 25.7559027, -80.2037120 25.7564518, -80.2037278 25.7564704))",Southwest 2nd Avenue,left,100.6,12,
Southwest 2nd Avenue (right),25.7562522,-80.2041739,"POLYGON((-80.2037836 25.7565360, -80.2045800 25.7559869, -80.2045642 25.7559683, -80.2037678 25.7565174, -80.2037836 25.7565360))",Southwest 2nd Avenue,right,100.6,12,
Southwest 2nd Avenue (left),25.7550711,-80.2057882,"POLYGON((-80.2061293 25.7548079, -80.2054308 25.7553162, -80.2054471 25.7553344, -80.2061456 25.7548261, -80.2061293 25.7548079))",Southwest 2nd Avenue,left,90.0,11,
Southwest 2nd Avenue (right),25.7550069,-80.2057305,"POLYGON((-80.2060716 25.7547436, -80.2053731 25.7552519, -80.2053894 25.7552701, -80.2060879 25.7547618, -80.2060716 25.7547436))",Southwest 2nd Avenue,right,90.0,11,
Southwest 2nd Avenue (left),25.7556333,-80.2049910,"POLYGON((-80.2053614 25.7553636, -80.2046049 25.7558845, -80.2046206 25.7559030, -80.2053771 25.7553821, -80.2053614 25.7553636))",Southwest 2nd Avenue,left,95.5,11,
Southwest 2nd Avenue (right),25.7555676,-80.2049353,"POLYGON((-80.2053057 25.7552979, -80.2045492 25.7558188, -80.2045649 25.7558373, -80.2053214 25.7553164, -80.2053057 25.7552979))",Southwest 2nd Avenue,right,95.5,11,
Southwest 4th Avenue (left),25.7620646,-80.2013590,"POLYGON((-80.2009763 25.7623164, -80.2017564 25.7618320, -80.2017417 25.7618128, -80.2009616 25.7622971, -80.2009763 25.7623164))",Southwest 4th Avenue,left,95.0,11,
Southwest 4th Avenue (right),25.7621326,-80.2014111,"POLYGON((-80.2010284 25.7623844, -80.2018085 25.7619001, -80.2017938 25.7618808, -80.2010137 25.7623652, -80.2010284 25.7623844))",Southwest 4th Avenue,right,95.0,11,
Southwest 4th Avenue (left),25.7615413,-80.2021544,"POLYGON((-80.2017512 25.7618353, -80.2025734 25.7612658, -80.2025576 25.7612473, -80.2017354 25.7618168, -80.2017512 25.7618353))",Southwest 4th Avenue,left,104.0,13,
Southwest 4th Avenue (right),25.7616068,-80.2022104,"POLYGON((-80.2018072 25.7619008, -80.2026294 25.7613313, -80.2026136 25.7613128, -80.2017914 25.7618823, -80.2018072 25.7619008))",Southwest 4th Avenue,right,104.0,13,
Southwest 4th Avenue (left),25.7609743,-80.2029807,"POLYGON((-80.2025737 25.7612656, -80.2034033 25.7607015, -80.2033876 25.7606829, -80.2025580 25.7612470, -80.2025737 25.7612656))",Southwest 4th Avenue,left,104.2,13,
Southwest 4th Avenue (right),25.7610402,-80.2030359,"POLYGON((-80.2026290 25.7613316, -80.2034586 25.7607675, -80.2034429 25.7607489, -80.2026133 25.7613130, -80.2026290 25.7613316))",Southwest 4th Avenue,right,104.2,13,
Southwest 4th Avenue (left),25.7604091,-80.2038007,"POLYGON((-80.2034029 25.7607018, -80.2042144 25.7601350, -80.2041985 25.7601165, -80.2033870 25.7606833, -80.2034029 25.7607018))",Southwest 4th Avenue,left,103.0,13,
Southwest 4th Avenue (right),25.7604745,-80.2038570,"POLYGON((-80.2034592 25.7607671, -80.2042707 25.7602003, -80.2042548 25.7601818, -80.2034433 25.7607486, -80.2034592 25.7607671))",Southwest 4th Avenue,right,103.0,13,
Southwest 4th Avenue (left),25.7598437,-80.2046204,"POLYGON((-80.2042147 25.7601348, -80.2050416 25.7595714, -80.2050260 25.7595527, -80.2041991 25.7601161, -80.2042147 25.7601348))",Southwest 4th Avenue,left,104.0,13,
Southwest 4th Avenue (right),25.7599097,-80.2046757,"POLYGON((-80.2042701 25.7602007, -80.2050970 25.7596373, -80.2050814 25.7596186, -80.2042545 25.7601820, -80.2042701 25.7602007))",Southwest 4th Avenue,right,104.0,13,
Southwest 4th Avenue (left),25.7592791,-80.2054456,"POLYGON((-80.2050415 25.7595715, -80.2058654 25.7590053, -80.2058496 25.7589867, -80.2050258 25.7595529, -80.2050415 25.7595715))",Southwest 4th Avenue,left,103.9,13,
Southwest 4th Avenue (right),25.7593448,-80.2055012,"POLYGON((-80.2050972 25.7596372, -80.2059210 25.7590710, -80.2059053 25.7590524, -80.2050814 25.7596186, -80.2050972 25.7596372))",Southwest 4th Avenue,right,103.9,13,
Southwest 4th Avenue (left),25.7587232,-80.2062523,"POLYGON((-80.2058652 25.7590054, -80.2066552 25.7584595, -80.2066394 25.7584409, -80.2058494 25.7589869, -80.2058652 25.7590054))",Southwest 4th Avenue,left,99.8,12,
Southwest 4th Avenue (right),25.7587887,-80.2063082,"POLYGON((-80.2059211 25.7590710, -80.2067111 25.7585250, -80.2066953 25.7585065, -80.2059053 25.7590524, -80.2059211 25.7590710))",Southwest 4th Avenue,right,99.8,12,
Southwest 4th Avenue (left),25.7581478,-80.2071051,"POLYGON((-80.2067352 25.7584084, -80.2074904 25.7579061, -80.2074750 25.7578873, -80.2067198 25.7583896, -80.2067352 25.7584084))",Southwest 4th Avenue,left,94.1,11,
Southwest 4th Avenue (right),25.7582143,-80.2071597,"POLYGON((-80.2067898 25.7584748, -80.2075450 25.7579725, -80.2075296 25.7579537, -80.2067744 25.7584560, -80.2067898 25.7584748))",Southwest 4th Avenue,right,94.1,11,
Southwest 4th Avenue (left),25.7576035,-80.2079206,"POLYGON((-80.2075674 25.7578496, -80.2082890 25.7573762, -80.2082737 25.7573574, -80.2075522 25.7578308, -80.2075674 25.7578496))",Southwest 4th Avenue,left,89.5,11,
Southwest 4th Avenue (right),25.7576703,-80.2079746,"POLYGON((-80.2076215 25.7579164, -80.2083430 25.7574430, -80.2083278 25.7574242, -80.2076062 25.7578976, -80.2076215 25.7579164))",Southwest 4th Avenue,right,89.5,11,
Southwest 4th Avenue (left),25.7575850,-80.2079012,"POLYGON((-80.2082417 25.7573262, -80.2075445 25.7578256, -80.2075606 25.7578439, -80.2082578 25.7573445, -80.2082417 25.7573262))",Southwest 4th Avenue,left,89.3,11,
Southwest 4th Avenue (right),25.7575204,-80.2078440,"POLYGON((-80.2081846 25.7572615, -80.2074874 25.7577609, -80.2075035 25.7577792, -80.2082007 25.7572798, -80.2081846 25.7572615))",Southwest 4th Avenue,right,89.3,11,
Southwest 4th Avenue (left),25.7581451,-80.2071043,"POLYGON((-80.2074680 25.7578791, -80.2067248 25.7583925, -80.2067406 25.7584111, -80.2074838 25.7578976, -80.2074680 25.7578791))",Southwest 4th Avenue,left,93.9,11,
Southwest 4th Avenue (right),25.7580795,-80.2070485,"POLYGON((-80.2074122 25.7578135, -80.2066690 25.7583270, -80.2066848 25.7583455, -80.2074280 25.7578321, -80.2074122 25.7578135))",Southwest 4th Avenue,right,93.9,11,
Southwest 4th Avenue (left),25.7587340,-80.2062617,"POLYGON((-80.2066477 25.7584507, -80.2058599 25.7589987, -80.2058757 25.7590172, -80.2066635 25.7584692, -80.2066477 25.7584507))",Southwest 4th Avenue,left,99.8,12,
Southwest 4th Avenue (right),25.7586685,-80.2062056,"POLYGON((-80.2065916 25.7583853, -80.2058038 25.7589333, -80.2058196 25.7589518, -80.2066074 25.7584038, -80.2065916 25.7583853))",Southwest 4th Avenue,right,99.8,12,
Southwest 4th Avenue (left),25.7592921,-80.2054569,"POLYGON((-80.2058599 25.7589987, -80.2050381 25.7595670, -80.2050539 25.7595855, -80.2058756 25.7590172, -80.2058599 25.7589987))",Southwest 4th Avenue,left,103.9,13,
Southwest 4th Avenue (right),25.7592266,-80.2054010,"POLYGON((-80.2058040 25.7589332, -80.2049823 25.7595015, -80.2049980 25.7595200, -80.2058198 25.7589517, -80.2058040 25.7589332))",Southwest 4th Avenue,right,103.9,13,
Southwest 4th Avenue (left),25.7598625,-80.2046377,"POLYGON((-80.2050383 25.7595669, -80.2042211 25.7601397, -80.2042370 25.7601581, -80.2050542 25.7595853, -80.2050383 25.7595669))",Southwest 4th Avenue,left,103.8,13,
Southwest 4th Avenue (right),25.7597973,-80.2045813,"POLYGON((-80.2049820 25.7595017, -80.2041648 25.7600745, -80.2041807 25.7600929, -80.2049979 25.7595201, -80.2049820 25.7595017))",Southwest 4th Avenue,right,103.8,13,
Southwest 4th Avenue (left),25.7604303,-80.2038187,"POLYGON((-80.2042208 25.7601399, -80.2034009 25.7607022, -80.2034167 25.7607208, -80.2042366 25.7601585, -80.2042208 25.7601399))",Southwest 4th Avenue,left,103.3,13,
Southwest 4th Avenue (right),25.7603646,-80.2037632,"POLYGON((-80.2041652 25.7600741, -80.2033453 25.7606364, -80.2033611 25.7606550, -80.2041810 25.7600927, -80.2041652 25.7600741))",Southwest 4th Avenue,right,103.3,13,
Southwest 4th Avenue (left),25.7609925,-80.2029941,"POLYGON((-80.2034008 25.7607023, -80.2025718 25.7612640, -80.2025874 25.7612827, -80.2034164 25.7607210, -80.2034008 25.7607023))",Southwest 4th Avenue,left,104.0,13,
Southwest 4th Avenue (right),25.7609264,-80.2029389,"POLYGON((-80.2033456 25.7606362, -80.2025166 25.7611979, -80.2025322 25.7612166, -80.2033612 25.7606549, -80.2033456 25.7606362))",Southwest 4th Avenue,right,104.0,13,
Southwest 4th Avenue (left),25.7615574,-80.2021686,"POLYGON((-80.2025720 25.7612638, -80.2017494 25.7618325, -80.2017652 25.7618510, -80.2025878 25.7612823, -80.2025720 25.7612638))",Southwest 4th Avenue,left,104.0,13,
Southwest 4th Avenue (right),25.7614919,-80.2021128,"POLYGON((-80.2025162 25.7611983, -80.2016936 25.7617670, -80.2017094 25.7617855, -80.2025320 25.7612168, -80.2025162 25.7611983))",Southwest 4th Avenue,right,104.0,13,
Southwest 4th Avenue (left),25.7621059,-80.2013929,"POLYGON((-80.2017519 25.7618308, -80.2010176 25.7623628, -80.2010339 25.7623810, -80.2017681 25.7618490, -80.2017519 25.7618308))",Southwest 4th Avenue,left,94.5,11,
Southwest 4th Avenue (right),25.7620415,-80.2013353,"POLYGON((-80.2016943 25.7617664, -80.2009601 25.7622984, -80.2009763 25.7623166, -80.2017106 25.7617846, -80.2016943 25.7617664))",Southwest 4th Avenue,right,94.5,11,
Brickell Bay Drive (left),25.7620451,-80.1896404,"POLYGON((-80.1896009 25.7622558, -80.1897053 25.7618397, -80.1896800 25.7618345, -80.1895756 25.7622506, -80.1896009 25.7622558))",Brickell Bay Drive,left,47.5,4,
Brickell Bay Drive (right),25.7620634,-80.1897300,"POLYGON((-80.1896904 25.7622740, -80.1897948 25.7618579, -80.1897695 25.7618527, -80.1896651 25.7622688, -80.1896904 25.7622740))",Brickell Bay Drive,right,47.5,4,
Brickell Bay Drive (left),25.7616008,-80.1897489,"POLYGON((-80.1897052 25.7618400, -80.1898179 25.7613665, -80.1897926 25.7613617, -80.1896798 25.7618351, -80.1897052 25.7618400))",Brickell Bay Drive,left,53.9,5,
Brickell Bay Drive (right),25.7616182,-80.1898386,"POLYGON((-80.1897949 25.7618573, -80.1899077 25.7613839, -80.1898823 25.7613790, -80.1897696 25.7618525, -80.1897949 25.7618573))",Brickell Bay Drive,right,53.9,5,
Brickell Bay Drive (left),25.7656328,-80.1895158,"POLYGON((-80.1894700 25.7658564, -80.1895868 25.7654146, -80.1895615 25.7654092, -80.1894447 25.7658510, -80.1894700 25.7658564))",Brickell Bay Drive,left,50.6,5,
Brickell Bay Drive (right),25.7656520,-80.1896050,"POLYGON((-80.1895593 25.7658756, -80.1896761 25.7654338, -80.1896508 25.7654284, -80.1895340 25.7658702, -80.1895593 25.7658756))",Brickell Bay Drive,right,50.6,5,
Southeast 14th Street (left),25.7601853,-80.1910957,"POLYGON((-80.1921353 25.7603868, -80.1900619 25.7599611, -80.1900561 25.7599839, -80.1921295 25.7604096, -80.1921353 25.7603868))",Southeast 14th Street,left,213.2,29,
Southeast 14th Street (right),25.7601048,-80.1911161,"POLYGON((-80.1921557 25.7603062, -80.1900823 25.7598805, -80.1900765 25.7599033, -80.1921499 25.7603290, -80.1921557 25.7603062))",Southeast 14th Street,right,213.2,29,
Northwest 7th Street (left),25.7807456,-80.1974255,"POLYGON((-80.1968951 25.7807743, -80.1979567 25.7807403, -80.1979558 25.7807169, -80.1968942 25.7807509, -80.1968951 25.7807743))",Northwest 7th Street,left,106.5,13,
Northwest 7th Street (right),25.7808282,-80.1974287,"POLYGON((-80.1968984 25.7808569, -80.1979600 25.7808229, -80.1979591 25.7807995, -80.1968975 25.7808335, -80.1968984 25.7808569))",Northwest 7th Street,right,106.5,13,
Northwest 10th Street (left),25.7836469,-80.1998700,"POLYGON((-80.2000033 25.7836311, -80.1997358 25.7836394, -80.1997367 25.7836628, -80.2000042 25.7836545, -80.2000033 25.7836311))",Northwest 10th Street,left,26.8,1,
Northwest 10th Street (right),25.7835644,-80.1998669,"POLYGON((-80.2000002 25.7835485, -80.1997327 25.7835568, -80.1997336 25.7835802, -80.2000011 25.7835719, -80.2000002 25.7835485))",Northwest 10th Street,right,26.8,1,
Northwest 2nd Avenue (left),25.7848051,-80.1979918,"POLYGON((-80.1979427 25.7850064, -80.1980658 25.7846102, -80.1980408 25.7846039, -80.1979177 25.7850001, -80.1979427 25.7850064))",Northwest 2nd Avenue,left,45.8,4,
Northwest 2nd Avenue (right),25.7848274,-80.1980801,"POLYGON((-80.1980311 25.7850286, -80.1981542 25.7846324, -80.1981292 25.7846261, -80.1980061 25.7850223, -80.1980311 25.7850286))",Northwest 2nd Avenue,right,45.8,4,
North Miami Avenue (left),25.7801879,-80.1937868,"POLYGON((-80.1938158 25.7804301, -80.1937838 25.7799443, -80.1937579 25.7799457, -80.1937899 25.7804314, -80.1938158 25.7804301))",North Miami Avenue,left,54.2,5,
North Miami Avenue (right),25.7801830,-80.1938785,"POLYGON((-80.1939074 25.7804252, -80.1938754 25.7799395, -80.1938495 25.7799408, -80.1938815 25.7804266, -80.1939074 25.7804252))",North Miami Avenue,right,54.2,5,
Brickell Plaza (left),25.7640112,-80.1926900,"POLYGON((-80.1928054 25.7635221, -80.1925493 25.7644949, -80.1925745 25.7645003, -80.1928307 25.7635275, -80.1928054 25.7635221))",Brickell Plaza,left,111.3,14,
Brickell Plaza (right),25.7639921,-80.1926007,"POLYGON((-80.1927162 25.7635030, -80.1924600 25.7644758, -80.1924853 25.7644812, -80.1927414 25.7635084, -80.1927162 25.7635030))",Brickell Plaza,right,111.3,14,
Southwest 4th Street (left),25.7700124,-80.2006841,"POLYGON((-80.2004671 25.7700297, -80.2009020 25.7700185, -80.2009012 25.7699951, -80.2004663 25.7700063, -80.2004671 25.7700297))",Southwest 4th Street,left,43.6,4,
Southwest 4th Street (right),25.7700950,-80.2006868,"POLYGON((-80.2004697 25.7701123, -80.2009046 25.7701011, -80.2009038 25.7700777, -80.2004689 25.7700889, -80.2004697 25.7701123))",Southwest 4th Street,right,43.6,4,
Southwest 4th Street (left),25.7699827,-80.2017372,"POLYGON((-80.2009018 25.7700185, -80.2025734 25.7699704, -80.2025726 25.7699470, -80.2009010 25.7699951, -80.2009018 25.7700185))",Southwest 4th Street,left,167.7,22,
Southwest 4th Street (right),25.7700654,-80.2017402,"POLYGON((-80.2009048 25.7701011, -80.2025764 25.7700530, -80.2025756 25.7700296, -80.2009040 25.7700777, -80.2009048 25.7701011))",Southwest 4th Street,right,167.7,22,
Northeast 1st Avenue (left),25.7795100,-80.1921746,"POLYGON((-80.1921438 25.7790275, -80.1921795 25.7799933, -80.1922054 25.7799925, -80.1921697 25.7790267, -80.1921438 25.7790275))",Northeast 1st Avenue,left,107.6,13,
Northeast 1st Avenue (right),25.7795128,-80.1920829,"POLYGON((-80.1920521 25.7790303, -80.1920878 25.7799961, -80.1921137 25.7799953, -80.1920780 25.7790295, -80.1920521 25.7790303))",Northeast 1st Avenue,right,107.6,13,
Southwest 1st Avenue (left),25.7601130,-80.1950290,"POLYGON((-80.1950575 25.7605963, -80.1950265 25.7596292, -80.1950006 25.7596298, -80.1950316 25.7605969, -80.1950575 25.7605963))",Southwest 1st Avenue,left,107.7,13,
Southwest 1st Avenue (right),25.7601107,-80.1951208,"POLYGON((-80.1951492 25.7605939, -80.1951182 25.7596268, -80.1950923 25.7596274, -80.1951233 25.7605945, -80.1951492 25.7605939))",Southwest 1st Avenue,right,107.7,13,
Southwest 1st Avenue (left),25.7594697,-80.1950086,"POLYGON((-80.1950265 25.7596291, -80.1950167 25.7593097, -80.1949908 25.7593104, -80.1950006 25.7596298, -80.1950265 25.7596291))",Southwest 1st Avenue,left,35.6,3,
Southwest 1st Avenue (right),25.7594675,-80.1951004,"POLYGON((-80.1951182 25.7596268, -80.1951084 25.7593074, -80.1950825 25.7593081, -80.1950923 25.7596275, -80.1951182 25.7596268))",Southwest 1st Avenue,right,35.6,3,
Southwest 2nd Avenue (left),25.7629246,-80.1973427,"POLYGON((-80.1973126 25.7624418, -80.1973469 25.7634082, -80.1973728 25.7634074, -80.1973385 25.7624411, -80.1973126 25.7624418))",Southwest 2nd Avenue,left,107.6,13,
Southwest 2nd Avenue (right),25.7629273,-80.1972510,"POLYGON((-80.1972209 25.7624445, -80.1972552 25.7634108, -80.1972811 25.7634101, -80.1972468 25.7624437, -80.1972209 25.7624445))",Southwest 2nd Avenue,right,107.6,13,
Southwest 12th Street (left),25.7623953,-80.1974978,"POLYGON((-80.1972787 25.7624132, -80.1977178 25.7624009, -80.1977170 25.7623775, -80.1972779 25.7623898, -80.1972787 25.7624132))",Southwest 12th Street,left,44.0,4,
Southwest 12th Street (right),25.7624780,-80.1975007,"POLYGON((-80.1972815 25.7624958, -80.1977206 25.7624835, -80.1977198 25.7624601, -80.1972807 25.7624724, -80.1972815 25.7624958))",Southwest 12th Street,right,44.0,4,
Southwest 3rd Avenue (left),25.7621350,-80.1989001,"POLYGON((-80.1989130 25.7623940, -80.1989132 25.7618761, -80.1988873 25.7618761, -80.1988870 25.7623940, -80.1989130 25.7623940))",Southwest 3rd Avenue,left,57.7,6,
Southwest 3rd Avenue (right),25.7621351,-80.1989919,"POLYGON((-80.1990047 25.7623940, -80.1990050 25.7618761, -80.1989790 25.7618761, -80.1989788 25.7623940, -80.1990047 25.7623940))",Southwest 3rd Avenue,right,57.7,6,
Northwest 8th Avenue (left),25.7927503,-80.2090062,"POLYGON((-80.2089833 25.7924195, -80.2090031 25.7930818, -80.2090290 25.7930812, -80.2090092 25.7924189, -80.2089833 25.7924195))",Northwest 8th Avenue,left,73.8,8,
Northwest 8th Avenue (right),25.7927526,-80.2089144,"POLYGON((-80.2088916 25.7924217, -80.2089114 25.7930840, -80.2089373 25.7930834, -80.2089175 25.7924211, -80.2088916 25.7924217))",Northwest 8th Avenue,right,73.8,8,
Northwest 8th Avenue (left),25.7934734,-80.2090150,"POLYGON((-80.2090031 25.7930810, -80.2090010 25.7938659, -80.2090270 25.7938659, -80.2090291 25.7930810, -80.2090031 25.7930810))",Northwest 8th Avenue,left,87.4,10,
Northwest 8th Avenue (right),25.7934733,-80.2089233,"POLYGON((-80.2089113 25.7930808, -80.2089092 25.7938657, -80.2089352 25.7938657, -80.2089373 25.7930808, -80.2089113 25.7930808))",Northwest 8th Avenue,right,87.4,10,
Northwest 2nd Avenue (left),25.7831807,-80.1979886,"POLYGON((-80.1980231 25.7836636, -80.1979800 25.7826968, -80.1979541 25.7826977, -80.1979972 25.7836645, -80.1980231 25.7836636))",Northwest 2nd Avenue,left,107.7,13,
Northwest 2nd Avenue (right),25.7831773,-80.1980803,"POLYGON((-80.1981148 25.7836603, -80.1980717 25.7826935, -80.1980458 25.7826944, -80.1980889 25.7836612, -80.1981148 25.7836603))",Northwest 2nd Avenue,right,107.7,13,
Northwest 10th Street (left),25.7837157,-80.1976430,"POLYGON((-80.1980571 25.7836920, -80.1972281 25.7837159, -80.1972289 25.7837393, -80.1980579 25.7837154, -80.1980571 25.7836920))",Northwest 10th Street,left,83.1,10,
Northwest 10th Street (right),25.7836330,-80.1976400,"POLYGON((-80.1980541 25.7836094, -80.1972251 25.7836333, -80.1972259 25.7836567, -80.1980549 25.7836328, -80.1980541 25.7836094))",Northwest 10th Street,right,83.1,10,
Northwest 10th Street (left),25.7837387,-80.1968111,"POLYGON((-80.1972280 25.7837159, -80.1963934 25.7837381, -80.1963941 25.7837615, -80.1972287 25.7837393, -80.1972280 25.7837159))",Northwest 10th Street,left,83.7,10,
Northwest 10th Street (right),25.7836561,-80.1968083,"POLYGON((-80.1972253 25.7836333, -80.1963907 25.7836555, -80.1963914 25.7836789, -80.1972260 25.7836567, -80.1972253 25.7836333))",Northwest 10th Street,right,83.7,10,
Northwest 10th Street (left),25.7837564,-80.1961604,"POLYGON((-80.1963934 25.7837381, -80.1959266 25.7837512, -80.1959274 25.7837746, -80.1963942 25.7837615, -80.1963934 25.7837381))",Northwest 10th Street,left,46.8,4,
Northwest 10th Street (right),25.7836737,-80.1961576,"POLYGON((-80.1963906 25.7836555, -80.1959238 25.7836686, -80.1959246 25.7836920, -80.1963914 25.7836789, -80.1963906 25.7836555))",Northwest 10th Street,right,46.8,4,
Southwest 9th Avenue (left),25.7664356,-80.2090767,"POLYGON((-80.2091099 25.7669121, -80.2090694 25.7659582, -80.2090435 25.7659591, -80.2090840 25.7669130, -80.2091099 25.7669121))",Southwest 9th Avenue,left,106.3,13,
Southwest 9th Avenue (right),25.7664325,-80.2091684,"POLYGON((-80.2092016 25.7669090, -80.2091611 25.7659551, -80.2091352 25.7659560, -80.2091757 25.7669099, -80.2092016 25.7669090))",Southwest 9th Avenue,right,106.3,13,
Southwest 7th Avenue (left),25.7665328,-80.2057489,"POLYGON((-80.2057759 25.7670145, -80.2057478 25.7660505, -80.2057219 25.7660511, -80.2057500 25.7670151, -80.2057759 25.7670145))",Southwest 7th Avenue,left,107.4,13,
Southwest 7th Avenue (right),25.7665307,-80.2058406,"POLYGON((-80.2058676 25.7670124, -80.2058395 25.7660484, -80.2058136 25.7660490, -80.2058417 25.7670130, -80.2058676 25.7670124))",Southwest 7th Avenue,right,107.4,13,
Southwest 6th Avenue (left),25.7665809,-80.2040728,"POLYGON((-80.2041003 25.7670622, -80.2040712 25.7660990, -80.2040453 25.7660996, -80.2040744 25.7670629, -80.2041003 25.7670622))",Southwest 6th Avenue,left,107.3,13,
Southwest 6th Avenue (right),25.7665787,-80.2041645,"POLYGON((-80.2041920 25.7670600, -80.2041629 25.7660967, -80.2041370 25.7660974, -80.2041661 25.7670606, -80.2041920 25.7670600))",Southwest 6th Avenue,right,107.3,13,
Southwest 9th Avenue (left),25.7731809,-80.2093290,"POLYGON((-80.2093636 25.7736712, -80.2093204 25.7726897, -80.2092945 25.7726906, -80.2093377 25.7736721, -80.2093636 25.7736712))",Southwest 9th Avenue,left,109.3,14,
Southwest 9th Avenue (right),25.7731776,-80.2094208,"POLYGON((-80.2094553 25.7736679, -80.2094121 25.7726864, -80.2093862 25.7726873, -80.2094294 25.7736688, -80.2094553 25.7736679))",Southwest 9th Avenue,right,109.3,14,
Northwest 19th Terrace (left),25.7941698,-80.2008772,"POLYGON((-80.2010637 25.7941601, -80.2006909 25.7941561, -80.2006906 25.7941795, -80.2010634 25.7941835, -80.2010637 25.7941601))",Northwest 19th Terrace,left,37.4,3,
Northwest 19th Terrace (right),25.7940872,-80.2008782,"POLYGON((-80.2010648 25.7940775, -80.2006920 25.7940735, -80.2006917 25.7940969, -80.2010645 25.7941009, -80.2010648 25.7940775))",Northwest 19th Terrace,right,37.4,3,
Northwest 19th Terrace (left),25.7941665,-80.2005666,"POLYGON((-80.2006909 25.7941561, -80.2004426 25.7941534, -80.2004423 25.7941768, -80.2006906 25.7941795, -80.2006909 25.7941561))",Northwest 19th Terrace,left,24.9,1,
Northwest 19th Terrace (right),25.7940838,-80.2005677,"POLYGON((-80.2006920 25.7940735, -80.2004437 25.7940708, -80.2004434 25.7940942, -80.2006917 25.7940969, -80.2006920 25.7940735))",Northwest 19th Terrace,right,24.9,1,
way/894159103 (left),25.7943988,-80.2020663,"POLYGON((-80.2020887 25.7946642, -80.2020698 25.7941326, -80.2020439 25.7941334, -80.2020628 25.7946649, -80.2020887 25.7946642))",way/894159103,left,59.2,6,
way/894159103 (right),25.7943961,-80.2021580,"POLYGON((-80.2021804 25.7946615, -80.2021615 25.7941300, -80.2021356 25.7941307, -80.2021545 25.7946623, -80.2021804 25.7946615))",way/894159103,right,59.2,6,
way/897398323 (left),25.7864525,-80.2089136,"POLYGON((-80.2091327 25.7864361, -80.2086940 25.7864455, -80.2086946 25.7864689, -80.2091333 25.7864595, -80.2091327 25.7864361))",way/897398323,left,44.0,4,
way/897398323 (right),25.7863699,-80.2089115,"POLYGON((-80.2091305 25.7863535, -80.2086918 25.7863629, -80.2086924 25.7863863, -80.2091311 25.7863769, -80.2091305 25.7863535))",way/897398323,right,44.0,4,
Southwest 9th Avenue (left),25.7673937,-80.2091119,"POLYGON((-80.2091398 25.7678749, -80.2091099 25.7669118, -80.2090840 25.7669125, -80.2091139 25.7678756, -80.2091398 25.7678749))",Southwest 9th Avenue,left,107.3,13,
Southwest 9th Avenue (right),25.7673914,-80.2092036,"POLYGON((-80.2092315 25.7678726, -80.2092016 25.7669095, -80.2091757 25.7669102, -80.2092056 25.7678733, -80.2092315 25.7678726))",Southwest 9th Avenue,right,107.3,13,
Southwest 9th Avenue (left),25.7680966,-80.2091348,"POLYGON((-80.2091557 25.7683174, -80.2091398 25.7678751, -80.2091139 25.7678758, -80.2091298 25.7683181, -80.2091557 25.7683174))",Southwest 9th Avenue,left,49.3,5,
Southwest 9th Avenue (right),25.7680939,-80.2092265,"POLYGON((-80.2092474 25.7683147, -80.2092315 25.7678724, -80.2092056 25.7678731, -80.2092215 25.7683154, -80.2092474 25.7683147))",Southwest 9th Avenue,right,49.3,5,
Northwest 9th Avenue (left),25.7741688,-80.2093684,"POLYGON((-80.2093991 25.7746660, -80.2093636 25.7736710, -80.2093377 25.7736717, -80.2093732 25.7746667, -80.2093991 25.7746660))",Northwest 9th Avenue,left,110.8,14,
Northwest 9th Avenue (right),25.7741662,-80.2094601,"POLYGON((-80.2094908 25.7746633, -80.2094553 25.7736683, -80.2094294 25.7736690, -80.2094649 25.7746640, -80.2094908 25.7746633))",Northwest 9th Avenue,right,110.8,14,
Southwest 6th Street (left),25.7677985,-80.2102283,"POLYGON((-80.2091715 25.7678445, -80.2112861 25.7677759, -80.2112852 25.7677525, -80.2091706 25.7678211, -80.2091715 25.7678445))",Southwest 6th Street,left,212.1,29,
Southwest 6th Street (right),25.7678811,-80.2102317,"POLYGON((-80.2091748 25.7679271, -80.2112894 25.7678585, -80.2112885 25.7678351, -80.2091739 25.7679037, -80.2091748 25.7679271))",Southwest 6th Street,right,212.1,29,
Northwest 1st Court (left),25.7803195,-80.1969237,"POLYGON((-80.1968922 25.7798369, -80.1969292 25.7808029, -80.1969551 25.7808021, -80.1969181 25.7798361, -80.1968922 25.7798369))",Northwest 1st Court,left,107.6,13,
Northwest 1st Court (right),25.7803223,-80.1968319,"POLYGON((-80.1968005 25.7798397, -80.1968375 25.7808057, -80.1968634 25.7808049, -80.1968264 25.7798389, -80.1968005 25.7798397))",Northwest 1st Court,right,107.6,13,
Northwest 1st Court (left),25.7812788,-80.1969590,"POLYGON((-80.1969292 25.7808030, -80.1969628 25.7817555, -80.1969887 25.7817547, -80.1969551 25.7808022, -80.1969292 25.7808030))",Northwest 1st Court,left,106.1,13,
Northwest 1st Court (right),25.7812815,-80.1968672,"POLYGON((-80.1968375 25.7808056, -80.1968711 25.7817581, -80.1968970 25.7817573, -80.1968634 25.7808048, -80.1968375 25.7808056))",Northwest 1st Court,right,106.1,13,
Northeast Miami Place (left),25.7888125,-80.1931245,"POLYGON((-80.1931004 25.7883110, -80.1931226 25.7893145, -80.1931486 25.7893140, -80.1931264 25.7883105, -80.1931004 25.7883110))",Northeast Miami Place,left,111.7,14,
Northeast Miami Place (right),25.7888142,-80.1930327,"POLYGON((-80.1930086 25.7883127, -80.1930308 25.7893162, -80.1930568 25.7893157, -80.1930346 25.7883122, -80.1930086 25.7883127))",Northeast Miami Place,right,111.7,14,
Southwest 25th Road (left),25.7586075,-80.2094311,"POLYGON((-80.2094974 25.7587222, -80.2093888 25.7584839, -80.2093648 25.7584928, -80.2094734 25.7587310, -80.2094974 25.7587222))",Southwest 25th Road,left,28.7,2,
Southwest 25th Road (right),25.7585761,-80.2095160,"POLYGON((-80.2095823 25.7586908, -80.2094737 25.7584526, -80.2094497 25.7584614, -80.2095583 25.7586997, -80.2095823 25.7586908))",Southwest 25th Road,right,28.7,2,
Southwest 25th Road (left),25.7586006,-80.2094432,"POLYGON((-80.2093224 25.7585325, -80.2095483 25.7586874, -80.2095640 25.7586688, -80.2093381 25.7585139, -80.2093224 25.7585325))",Southwest 25th Road,left,28.5,1,
Southwest 25th Road (right),25.7586664,-80.2093877,"POLYGON((-80.2092669 25.7585982, -80.2094928 25.7587531, -80.2095085 25.7587345, -80.2092826 25.7585796, -80.2092669 25.7585982))",Southwest 25th Road,right,28.5,1,
West Flagler Street (left),25.7739425,-80.2021074,"POLYGON((-80.2022301 25.7738743, -80.2019731 25.7739899, -80.2019847 25.7740108, -80.2022416 25.7738952, -80.2022301 25.7738743))",West Flagler Street,left,28.8,2,
West Flagler Street (right),25.7738686,-80.2020663,"POLYGON((-80.2021890 25.7738003, -80.2019321 25.7739159, -80.2019436 25.7739368, -80.2022006 25.7738212, -80.2021890 25.7738003))",West Flagler Street,right,28.8,2,
Southeast 3rd Street (left),25.7717813,-80.1882008,"POLYGON((-80.1889206 25.7717391, -80.1874798 25.7718001, -80.1874810 25.7718234, -80.1889218 25.7717624, -80.1889206 25.7717391))",Southeast 3rd Street,left,144.6,19,
Southeast 3rd Street (right),25.7716987,-80.1881965,"POLYGON((-80.1889163 25.7716566, -80.1874755 25.7717176, -80.1874767 25.7717409, -80.1889175 25.7716799, -80.1889163 25.7716566))",Southeast 3rd Street,right,144.6,19,
Southeast 3rd Street (left),25.7719273,-80.1881278,"POLYGON((-80.1889607 25.7718224, -80.1872916 25.7720090, -80.1872948 25.7720322, -80.1889639 25.7718456, -80.1889607 25.7718224))",Southeast 3rd Street,left,168.6,22,
Southeast 3rd Street (right),25.7718453,-80.1881164,"POLYGON((-80.1889494 25.7717404, -80.1872803 25.7719270, -80.1872835 25.7719502, -80.1889526 25.7717636, -80.1889494 25.7717404))",Southeast 3rd Street,right,168.6,22,
Southeast 3rd Avenue (left),25.7722013,-80.1889867,"POLYGON((-80.1889558 25.7717956, -80.1889916 25.7726078, -80.1890175 25.7726069, -80.1889817 25.7717947, -80.1889558 25.7717956))",Southeast 3rd Avenue,left,90.5,11,
Southeast 3rd Avenue (right),25.7722045,-80.1888949,"POLYGON((-80.1888641 25.7717989, -80.1888999 25.7726111, -80.1889258 25.7726102, -80.1888900 25.7717980, -80.1888641 25.7717989))",Southeast 3rd Avenue,right,90.5,11,
Southwest 2nd Avenue (left),25.7695198,-80.1975736,"POLYGON((-80.1975525 25.7693167, -80.1975688 25.7697236, -80.1975947 25.7697228, -80.1975784 25.7693159, -80.1975525 25.7693167))",Southwest 2nd Avenue,left,45.3,4,
Southwest 2nd Avenue (right),25.7695227,-80.1974819,"POLYGON((-80.1974608 25.7693197, -80.1974771 25.7697266, -80.1975030 25.7697258, -80.1974867 25.7693189, -80.1974608 25.7693197))",Southwest 2nd Avenue,right,45.3,4,
Southwest 2nd Avenue (left),25.7695197,-80.1975782,"POLYGON((-80.1975976 25.7697213, -80.1975848 25.7693173, -80.1975589 25.7693180, -80.1975717 25.7697220, -80.1975976 25.7697213))",Southwest 2nd Avenue,left,45.0,4,
Southwest 2nd Avenue (right),25.7695173,-80.1976700,"POLYGON((-80.1976893 25.7697190, -80.1976765 25.7693150, -80.1976506 25.7693157, -80.1976634 25.7697197, -80.1976893 25.7697190))",Southwest 2nd Avenue,right,45.0,4,
Southwest 2nd Avenue (left),25.7682302,-80.1975300,"POLYGON((-80.1975515 25.7684323, -80.1975345 25.7680271, -80.1975086 25.7680280, -80.1975256 25.7684332, -80.1975515 25.7684323))",Southwest 2nd Avenue,left,45.1,4,
Southwest 2nd Avenue (right),25.7682270,-80.1976218,"POLYGON((-80.1976432 25.7684292, -80.1976262 25.7680240, -80.1976003 25.7680249, -80.1976173 25.7684301, -80.1976432 25.7684292))",Southwest 2nd Avenue,right,45.1,4,
Southwest 2nd Avenue (left),25.7682312,-80.1975260,"POLYGON((-80.1975058 25.7680281, -80.1975203 25.7684350, -80.1975462 25.7684343, -80.1975317 25.7680274, -80.1975058 25.7680281))",Southwest 2nd Avenue,left,45.3,4,
Southwest 2nd Avenue (right),25.7682339,-80.1974343,"POLYGON((-80.1974141 25.7680308, -80.1974286 25.7684377, -80.1974545 25.7684370, -80.1974400 25.7680301, -80.1974141 25.7680308))",Southwest 2nd Avenue,right,45.3,4,
Southwest 2nd Avenue (left),25.7677259,-80.1975241,"POLYGON((-80.1975165 25.7674189, -80.1975058 25.7680325, -80.1975317 25.7680329, -80.1975424 25.7674193, -80.1975165 25.7674189))",Southwest 2nd Avenue,left,68.3,7,
Southwest 2nd Avenue (right),25.7677246,-80.1974323,"POLYGON((-80.1974247 25.7674176, -80.1974140 25.7680312, -80.1974399 25.7680316, -80.1974506 25.7674180, -80.1974247 25.7674176))",Southwest 2nd Avenue,right,68.3,7,
Southwest 2nd Avenue (left),25.7677288,-80.1974799,"POLYGON((-80.1975352 25.7680330, -80.1974504 25.7674217, -80.1974246 25.7674246, -80.1975095 25.7680359, -80.1975352 25.7680330))",Southwest 2nd Avenue,left,68.6,7,
Southwest 2nd Avenue (right),25.7677186,-80.1975710,"POLYGON((-80.1976263 25.7680228, -80.1975414 25.7674115, -80.1975157 25.7674144, -80.1976005 25.7680257, -80.1976263 25.7680228))",Southwest 2nd Avenue,right,68.6,7,
Southwest 2nd Avenue (left),25.7700122,-80.1976145,"POLYGON((-80.1975683 25.7697188, -80.1976348 25.7703079, -80.1976606 25.7703055, -80.1975941 25.7697165, -80.1975683 25.7697188))",Southwest 2nd Avenue,left,65.9,7,
Southwest 2nd Avenue (right),25.7700205,-80.1975231,"POLYGON((-80.1974770 25.7697272, -80.1975435 25.7703162, -80.1975693 25.7703139, -80.1975028 25.7697248, -80.1974770 25.7697272))",Southwest 2nd Avenue,right,65.9,7,
Southwest 2nd Avenue (left),25.7700124,-80.1975703,"POLYGON((-80.1975686 25.7703105, -80.1975978 25.7697153, -80.1975719 25.7697143, -80.1975427 25.7703095, -80.1975686 25.7703105))",Southwest 2nd Avenue,left,66.3,7,
Southwest 2nd Avenue (right),25.7700161,-80.1976619,"POLYGON((-80.1976603 25.7703142, -80.1976895 25.7697190, -80.1976636 25.7697180, -80.1976344 25.7703132, -80.1976603 25.7703142))",Southwest 2nd Avenue,right,66.3,7,
Southwest 2nd Avenue (left),25.7704043,-80.1975555,"POLYGON((-80.1975682 25.7705007, -80.1975688 25.7703079, -80.1975428 25.7703079, -80.1975422 25.7705007, -80.1975682 25.7705007))",Southwest 2nd Avenue,left,21.5,0,
Southwest 2nd Avenue (right),25.7704045,-80.1976473,"POLYGON((-80.1976600 25.7705009, -80.1976606 25.7703081, -80.1976346 25.7703081, -80.1976340 25.7705009, -80.1976600 25.7705009))",Southwest 2nd Avenue,right,21.5,0,
Southwest 2nd Avenue (left),25.7688755,-80.1975494,"POLYGON((-80.1975203 25.7684350, -80.1975525 25.7693168, -80.1975784 25.7693161, -80.1975462 25.7684343, -80.1975203 25.7684350))",Southwest 2nd Avenue,left,98.2,12,
Southwest 2nd Avenue (right),25.7688783,-80.1974576,"POLYGON((-80.1974286 25.7684377, -80.1974608 25.7693195, -80.1974867 25.7693188, -80.1974545 25.7684370, -80.1974286 25.7684377))",Southwest 2nd Avenue,right,98.2,12,
Southwest 2nd Avenue (left),25.7688752,-80.1975552,"POLYGON((-80.1975848 25.7693175, -80.1975515 25.7684322, -80.1975256 25.7684330, -80.1975589 25.7693183, -80.1975848 25.7693175))",Southwest 2nd Avenue,left,98.6,12,
Southwest 2nd Avenue (right),25.7688725,-80.1976469,"POLYGON((-80.1976765 25.7693147, -80.1976432 25.7684294, -80.1976173 25.7684302, -80.1976506 25.7693155, -80.1976765 25.7693147))",Southwest 2nd Avenue,right,98.6,12,
Northwest 3rd Avenue (left),25.7760712,-80.1994381,"POLYGON((-80.1993523 25.7759059, -80.1994997 25.7762451, -80.1995238 25.7762366, -80.1993765 25.7758974, -80.1993523 25.7759059))",Northwest 3rd Avenue,left,40.5,3,
Northwest 3rd Avenue (right),25.7761014,-80.1993526,"POLYGON((-80.1992669 25.7759360, -80.1994142 25.7762752, -80.1994384 25.7762667, -80.1992910 25.7759275, -80.1992669 25.7759360))",Northwest 3rd Avenue,right,40.5,3,
Southeast 15th Road (left),25.7577940,-80.1925255,"POLYGON((-80.1922340 25.7576394, -80.1928030 25.7579684, -80.1928170 25.7579487, -80.1922480 25.7576197, -80.1922340 25.7576394))",Southeast 15th Road,left,67.8,7,
Southeast 15th Road (right),25.7578636,-80.1924759,"POLYGON((-80.1921844 25.7577089, -80.1927534 25.7580379, -80.1927674 25.7580182, -80.1921984 25.7576892, -80.1921844 25.7577089))",Southeast 15th Road,right,67.8,7,
Southwest 7th Avenue (left),25.7609375,-80.2085336,"POLYGON((-80.2084178 25.7609947, -80.2086596 25.7609019, -80.2086494 25.7608804, -80.2084076 25.7609732, -80.2084178 25.7609947))",Southwest 7th Avenue,left,26.3,1,
Southwest 7th Avenue (right),25.7610136,-80.2085696,"POLYGON((-80.2084538 25.7610707, -80.2086956 25.7609779, -80.2086854 25.7609564, -80.2084436 25.7610492, -80.2084538 25.7610707))",Southwest 7th Avenue,right,26.3,1,
Southwest 7th Avenue (left),25.7609521,-80.2085461,"POLYGON((-80.2086148 25.7608497, -80.2084566 25.7610406, -80.2084774 25.7610545, -80.2086356 25.7608637, -80.2086148 25.7608497))",Southwest 7th Avenue,left,26.5,1,
Southwest 7th Avenue (right),25.7609027,-80.2084726,"POLYGON((-80.2085413 25.7608003, -80.2083831 25.7609911, -80.2084039 25.7610051, -80.2085621 25.7608142, -80.2085413 25.7608003))",Southwest 7th Avenue,right,26.5,1,
Southwest 23rd Road (left),25.7606910,-80.2085987,"POLYGON((-80.2085501 25.7605930, -80.2086227 25.7607962, -80.2086474 25.7607891, -80.2085748 25.7605859, -80.2085501 25.7605930))",Southwest 23rd Road,left,23.8,1,
Southwest 23rd Road (right),25.7607164,-80.2085114,"POLYGON((-80.2084627 25.7606183, -80.2085353 25.7608215, -80.2085600 25.7608144, -80.2084874 25.7606112, -80.2084627 25.7606183))",Southwest 23rd Road,right,23.8,1,
Southwest 23rd Road (left),25.7606983,-80.2085815,"POLYGON((-80.2086802 25.7607521, -80.2084987 25.7606259, -80.2084828 25.7606444, -80.2086644 25.7607706, -80.2086802 25.7607521))",Southwest 23rd Road,left,23.0,1,
Southwest 23rd Road (right),25.7606328,-80.2086376,"POLYGON((-80.2087363 25.7606867, -80.2085547 25.7605605, -80.2085389 25.7605790, -80.2087204 25.7607052, -80.2087363 25.7606867))",Southwest 23rd Road,right,23.0,1,
Southwest 7th Avenue (left),25.7607383,-80.2088614,"POLYGON((-80.2089636 25.7606920, -80.2087503 25.7607627, -80.2087593 25.7607846, -80.2089726 25.7607139, -80.2089636 25.7606920))",Southwest 7th Avenue,left,22.8,1,
Southwest 7th Avenue (right),25.7606607,-80.2088298,"POLYGON((-80.2089319 25.7606144, -80.2087186 25.7606851, -80.2087276 25.7607070, -80.2089409 25.7606363, -80.2089319 25.7606144))",Southwest 7th Avenue,right,22.8,1,
Southwest 7th Avenue (left),25.7607192,-80.2088466,"POLYGON((-80.2087878 25.7608067, -80.2089259 25.7606460, -80.2089054 25.7606318, -80.2087673 25.7607924, -80.2087878 25.7608067))",Southwest 7th Avenue,left,22.6,1,
Southwest 7th Avenue (right),25.7607698,-80.2089191,"POLYGON((-80.2088603 25.7608572, -80.2089984 25.7606966, -80.2089779 25.7606823, -80.2088398 25.7608430, -80.2088603 25.7608572))",Southwest 7th Avenue,right,22.6,1,
Southwest 23rd Road (left),25.7609676,-80.2088033,"POLYGON((-80.2088522 25.7610622, -80.2087791 25.7608656, -80.2087545 25.7608730, -80.2088276 25.7610697, -80.2088522 25.7610622))",Southwest 23rd Road,left,23.1,1,
Southwest 23rd Road (right),25.7609414,-80.2088904,"POLYGON((-80.2089392 25.7610360, -80.2088661 25.7608393, -80.2088415 25.7608468, -80.2089146 25.7610434, -80.2089392 25.7610360))",Southwest 23rd Road,right,23.1,1,
Southwest 23rd Road (left),25.7609596,-80.2088230,"POLYGON((-80.2087269 25.7609087, -80.2089035 25.7610291, -80.2089191 25.7610104, -80.2087425 25.7608900, -80.2087269 25.7609087))",Southwest 23rd Road,left,22.2,1,
Southwest 23rd Road (right),25.7610254,-80.2087676,"POLYGON((-80.2086715 25.7609746, -80.2088481 25.7610950, -80.2088637 25.7610763, -80.2086871 25.7609559, -80.2086715 25.7609746))",Southwest 23rd Road,right,22.2,1,
Southwest 20th Road (left),25.7611638,-80.2051016,"POLYGON((-80.2050428 25.7610705, -80.2051366 25.7612665, -80.2051604 25.7612572, -80.2050666 25.7610612, -80.2050428 25.7610705))",Southwest 20th Road,left,23.8,1,
Southwest 20th Road (right),25.7611966,-80.2050173,"POLYGON((-80.2049585 25.7611032, -80.2050523 25.7612992, -80.2050761 25.7612899, -80.2049823 25.7610939, -80.2049585 25.7611032))",Southwest 20th Road,right,23.8,1,
Southwest 20th Road (left),25.7611823,-80.2050701,"POLYGON((-80.2051677 25.7612431, -80.2049895 25.7611038, -80.2049725 25.7611214, -80.2051507 25.7612607, -80.2051677 25.7612431))",Southwest 20th Road,left,23.7,1,
Southwest 20th Road (right),25.7611198,-80.2051303,"POLYGON((-80.2052279 25.7611807, -80.2050497 25.7610414, -80.2050327 25.7610590, -80.2052109 25.7611983, -80.2052279 25.7611807))",Southwest 20th Road,right,23.7,1,
Southwest 5th Avenue (left),25.7612217,-80.2053141,"POLYGON((-80.2054031 25.7611728, -80.2052145 25.7612493, -80.2052251 25.7612706, -80.2054137 25.7611941, -80.2054031 25.7611728))",Southwest 5th Avenue,left,20.7,0,
Southwest 5th Avenue (right),25.7611463,-80.2052764,"POLYGON((-80.2053654 25.7610974, -80.2051768 25.7611739, -80.2051874 25.7611952, -80.2053760 25.7611187, -80.2053654 25.7610974))",Southwest 5th Avenue,right,20.7,0,
Southwest 5th Avenue (left),25.7611964,-80.2052878,"POLYGON((-80.2052334 25.7612796, -80.2053627 25.7611274, -80.2053421 25.7611132, -80.2052128 25.7612654, -80.2052334 25.7612796))",Southwest 5th Avenue,left,21.3,0,
Southwest 5th Avenue (right),25.7612466,-80.2053606,"POLYGON((-80.2053063 25.7613298, -80.2054356 25.7611776, -80.2054150 25.7611634, -80.2052857 25.7613156, -80.2053063 25.7613298))",Southwest 5th Avenue,right,21.3,0,
Southwest 5th Avenue (left),25.7613552,-80.2050528,"POLYGON((-80.2049634 25.7614019, -80.2051524 25.7613300, -80.2051423 25.7613085, -80.2049533 25.7613804, -80.2049634 25.7614019))",Southwest 5th Avenue,left,20.6,0,
Southwest 5th Avenue (right),25.7614313,-80.2050886,"POLYGON((-80.2049991 25.7614780, -80.2051881 25.7614061, -80.2051780 25.7613846, -80.2049890 25.7614565, -80.2049991 25.7614780))",Southwest 5th Avenue,right,20.6,0,
Southwest 5th Avenue (left),25.7613861,-80.2050763,"POLYGON((-80.2051310 25.7613087, -80.2050016 25.7614486, -80.2050215 25.7614636, -80.2051509 25.7613237, -80.2051310 25.7613087))",Southwest 5th Avenue,left,20.3,0,
Southwest 5th Avenue (right),25.7613333,-80.2050057,"POLYGON((-80.2050605 25.7612558, -80.2049311 25.7613957, -80.2049510 25.7614107, -80.2050804 25.7612708, -80.2050605 25.7612558))",Southwest 5th Avenue,right,20.3,0,
Southwest 20th Road (left),25.7614039,-80.2052559,"POLYGON((-80.2053072 25.7614826, -80.2052283 25.7613161, -80.2052045 25.7613253, -80.2052834 25.7614918, -80.2053072 25.7614826))",Southwest 20th Road,left,20.2,0,
Southwest 20th Road (right),25.7613715,-80.2053402,"POLYGON((-80.2053916 25.7614501, -80.2053127 25.7612836, -80.2052889 25.7612928, -80.2053678 25.7614593, -80.2053916 25.7614501))",Southwest 20th Road,right,20.2,0,
Southwest 20th Road (left),25.7613826,-80.2052879,"POLYGON((-80.2052015 25.7613360, -80.2053583 25.7614476, -80.2053743 25.7614293, -80.2052176 25.7613176, -80.2052015 25.7613360))",Southwest 20th Road,left,20.0,0,
Southwest 20th Road (right),25.7614475,-80.2052310,"POLYGON((-80.2051446 25.7614008, -80.2053013 25.7615125, -80.2053174 25.7614941, -80.2051606 25.7613825, -80.2051446 25.7614008))",Southwest 20th Road,right,20.0,0,
Southwest 20th Road (left),25.7618685,-80.2057268,"POLYGON((-80.2053636 25.7614527, -80.2060692 25.7622983, -80.2060899 25.7622843, -80.2053843 25.7614387, -80.2053636 25.7614527))",Southwest 20th Road,left,117.7,15,
Southwest 20th Road (right),25.7619181,-80.2056534,"POLYGON((-80.2052903 25.7615023, -80.2059959 25.7623479, -80.2060166 25.7623339, -80.2053110 25.7614883, -80.2052903 25.7615023))",Southwest 20th Road,right,117.7,15,
Southwest 22nd Road (left),25.7600392,-80.2067505,"POLYGON((-80.2066986 25.7599547, -80.2067783 25.7601325, -80.2068024 25.7601238, -80.2067227 25.7599460, -80.2066986 25.7599547))",Southwest 22nd Road,left,21.3,0,
Southwest 22nd Road (right),25.7600702,-80.2066654,"POLYGON((-80.2066135 25.7599856, -80.2066932 25.7601634, -80.2067173 25.7601547, -80.2066376 25.7599769, -80.2066135 25.7599856))",Southwest 22nd Road,right,21.3,0,
Southwest 22nd Road (left),25.7600569,-80.2067240,"POLYGON((-80.2068163 25.7601060, -80.2066475 25.7599892, -80.2066317 25.7600077, -80.2068005 25.7601245, -80.2068163 25.7601060))",Southwest 22nd Road,left,21.3,0,
Southwest 22nd Road (right),25.7599913,-80.2067799,"POLYGON((-80.2068722 25.7600405, -80.2067034 25.7599237, -80.2066876 25.7599422, -80.2068564 25.7600590, -80.2068722 25.7600405))",Southwest 22nd Road,right,21.3,0,
Southwest 5th Avenue (left),25.7600585,-80.2069373,"POLYGON((-80.2068878 25.7601389, -80.2070077 25.7599919, -80.2069868 25.7599781, -80.2068669 25.7601251, -80.2068878 25.7601389))",Southwest 5th Avenue,left,20.3,0,
Southwest 5th Avenue (right),25.7601074,-80.2070113,"POLYGON((-80.2069618 25.7601878, -80.2070817 25.7600408, -80.2070608 25.7600270, -80.2069409 25.7601740, -80.2069618 25.7601878))",Southwest 5th Avenue,right,20.3,0,
Southwest 5th Avenue (left),25.7602278,-80.2066903,"POLYGON((-80.2065946 25.7602738, -80.2067953 25.7602036, -80.2067860 25.7601819, -80.2065853 25.7602520, -80.2065946 25.7602738))",Southwest 5th Avenue,left,21.6,0,
Southwest 5th Avenue (right),25.7603049,-80.2067235,"POLYGON((-80.2066278 25.7603508, -80.2068285 25.7602807, -80.2068192 25.7602589, -80.2066185 25.7603291, -80.2066278 25.7603508))",Southwest 5th Avenue,right,21.6,0,
Southwest 5th Avenue (left),25.7602565,-80.2067111,"POLYGON((-80.2067715 25.7601761, -80.2066310 25.7603215, -80.2066506 25.7603368, -80.2067911 25.7601915, -80.2067715 25.7601761))",Southwest 5th Avenue,left,21.5,0,
Southwest 5th Avenue (right),25.7602022,-80.2066418,"POLYGON((-80.2067023 25.7601219, -80.2065618 25.7602672, -80.2065814 25.7602826, -80.2067219 25.7601372, -80.2067023 25.7601219))",Southwest 5th Avenue,right,21.5,0,
Southwest 7th Avenue (left),25.7626226,-80.2060819,"POLYGON((-80.2059782 25.7626692, -80.2061945 25.7625980, -80.2061856 25.7625761, -80.2059693 25.7626473, -80.2059782 25.7626692))",Southwest 7th Avenue,left,23.1,1,
Southwest 7th Avenue (right),25.7627003,-80.2061134,"POLYGON((-80.2060097 25.7627468, -80.2062260 25.7626756, -80.2062171 25.7626537, -80.2060008 25.7627249, -80.2060097 25.7627468))",Southwest 7th Avenue,right,23.1,1,
Southwest 20th Road (left),25.7626837,-80.2063385,"POLYGON((-80.2064026 25.7627874, -80.2062982 25.7625708, -80.2062744 25.7625801, -80.2063788 25.7627967, -80.2064026 25.7627874))",Southwest 20th Road,left,26.3,1,
Southwest 20th Road (right),25.7626508,-80.2064227,"POLYGON((-80.2064868 25.7627544, -80.2063824 25.7625378, -80.2063586 25.7625471, -80.2064630 25.7627637, -80.2064868 25.7627544))",Southwest 20th Road,right,26.3,1,
Southwest 7th Avenue (left),25.7624527,-80.2063744,"POLYGON((-80.2064631 25.7624076, -80.2062759 25.7624762, -80.2062856 25.7624978, -80.2064729 25.7624293, -80.2064631 25.7624076))",Southwest 7th Avenue,left,20.3,0,
Southwest 7th Avenue (right),25.7623762,-80.2063398,"POLYGON((-80.2064286 25.7623311, -80.2062413 25.7623996, -80.2062511 25.7624213, -80.2064383 25.7623527, -80.2064286 25.7623311))",Southwest 7th Avenue,right,20.3,0,
Southwest 20th Road (left),25.7624001,-80.2061288,"POLYGON((-80.2060734 25.7623050, -80.2061599 25.7625036, -80.2061841 25.7624951, -80.2060976 25.7622965, -80.2060734 25.7623050))",Southwest 20th Road,left,23.7,1,
Southwest 20th Road (right),25.7624302,-80.2060433,"POLYGON((-80.2059880 25.7623352, -80.2060745 25.7625338, -80.2060987 25.7625253, -80.2060122 25.7623267, -80.2059880 25.7623352))",Southwest 20th Road,right,23.7,1,
Southwest 20th Road (left),25.7624130,-80.2061110,"POLYGON((-80.2062145 25.7624675, -80.2060229 25.7623396, -80.2060075 25.7623584, -80.2061991 25.7624863, -80.2062145 25.7624675))",Southwest 20th Road,left,23.9,1,
Southwest 20th Road (right),25.7623465,-80.2061656,"POLYGON((-80.2062691 25.7624011, -80.2060775 25.7622732, -80.2060621 25.7622920, -80.2062537 25.7624199, -80.2062691 25.7624011))",Southwest 20th Road,right,23.9,1,
Southwest 7th Avenue (left),25.7626411,-80.2060945,"POLYGON((-80.2061528 25.7625528, -80.2060156 25.7627152, -80.2060362 25.7627293, -80.2061734 25.7625669, -80.2061528 25.7625528))",Southwest 7th Avenue,left,22.7,1,
Southwest 7th Avenue (right),25.7625910,-80.2060215,"POLYGON((-80.2060798 25.7625028, -80.2059426 25.7626652, -80.2059632 25.7626793, -80.2061004 25.7625169, -80.2060798 25.7625028))",Southwest 7th Avenue,right,22.7,1,
Southwest 7th Avenue (left),25.7624295,-80.2063540,"POLYGON((-80.2063047 25.7625102, -80.2064243 25.7623626, -80.2064033 25.7623488, -80.2062837 25.7624964, -80.2063047 25.7625102))",Southwest 7th Avenue,left,20.3,0,
Southwest 7th Avenue (right),25.7624782,-80.2064281,"POLYGON((-80.2063788 25.7625589, -80.2064984 25.7624113, -80.2064774 25.7623975, -80.2063578 25.7625451, -80.2063788 25.7625589))",Southwest 7th Avenue,right,20.3,0,
Southwest 20th Road (left),25.7626699,-80.2063624,"POLYGON((-80.2062544 25.7626052, -80.2064538 25.7627526, -80.2064703 25.7627345, -80.2062709 25.7625872, -80.2062544 25.7626052))",Southwest 20th Road,left,25.9,1,
Southwest 20th Road (right),25.7627337,-80.2063041,"POLYGON((-80.2061962 25.7626691, -80.2063956 25.7628164, -80.2064121 25.7627984, -80.2062127 25.7626510, -80.2061962 25.7626691))",Southwest 20th Road,right,25.9,1,
Northwest 3rd Court (left),25.7745112,-80.2002270,"POLYGON((-80.2001133 25.7747818, -80.2003646 25.7742497, -80.2003408 25.7742406, -80.2000894 25.7747726, -80.2001133 25.7747818))",Northwest 3rd Court,left,64.4,7,
Northwest 3rd Court (right),25.7745435,-80.2003115,"POLYGON((-80.2001977 25.7748141, -80.2004491 25.7742821, -80.2004252 25.7742729, -80.2001739 25.7748050, -80.2001977 25.7748141))",Northwest 3rd Court,right,64.4,7,
way/977647951 (left),25.7663333,-80.1851922,"POLYGON((-80.1851487 25.7664346, -80.1852587 25.7662427, -80.1852356 25.7662320, -80.1851257 25.7664238, -80.1851487 25.7664346))",way/977647951,left,24.0,1,
way/977647951 (right),25.7663712,-80.1852737,"POLYGON((-80.1852303 25.7664725, -80.1853402 25.7662807, -80.1853172 25.7662699, -80.1852072 25.7664618, -80.1852303 25.7664725))",way/977647951,right,24.0,1,
Southwest 1st Avenue (left),25.7628213,-80.1951257,"POLYGON((-80.1951492 25.7631309, -80.1951282 25.7625110, -80.1951023 25.7625117, -80.1951233 25.7631316, -80.1951492 25.7631309))",Southwest 1st Avenue,left,69.0,8,
Southwest 1st Avenue (right),25.7628188,-80.1952175,"POLYGON((-80.1952409 25.7631284, -80.1952199 25.7625085, -80.1951940 25.7625092, -80.1952150 25.7631291, -80.1952409 25.7631284))",Southwest 1st Avenue,right,69.0,8,
Southwest 1st Avenue (left),25.7620341,-80.1950960,"POLYGON((-80.1951282 25.7625112, -80.1950898 25.7615563, -80.1950639 25.7615571, -80.1951023 25.7625120, -80.1951282 25.7625112))",Southwest 1st Avenue,left,106.4,13,
Southwest 1st Avenue (right),25.7620312,-80.1951878,"POLYGON((-80.1952199 25.7625082, -80.1951815 25.7615533, -80.1951556 25.7615541, -80.1951940 25.7625090, -80.1952199 25.7625082))",Southwest 1st Avenue,right,106.4,13,
Northwest 1st Avenue (left),25.7742705,-80.1955317,"POLYGON((-80.1955504 25.7744453, -80.1955390 25.7740951, -80.1955131 25.7740958, -80.1955245 25.7744460, -80.1955504 25.7744453))",Northwest 1st Avenue,left,39.0,3,
Northwest 1st Avenue (right),25.7742681,-80.1956235,"POLYGON((-80.1956421 25.7744428, -80.1956307 25.7740926, -80.1956048 25.7740933, -80.1956162 25.7744435, -80.1956421 25.7744428))",Northwest 1st Avenue,right,39.0,3,
Southwest 6th Avenue (left),25.7675451,-80.2041062,"POLYGON((-80.2041381 25.7680270, -80.2041003 25.7670624, -80.2040744 25.7670633, -80.2041122 25.7680278, -80.2041381 25.7680270))",Southwest 6th Avenue,left,107.4,13,
Southwest 6th Avenue (right),25.7675422,-80.2041980,"POLYGON((-80.2042298 25.7680240, -80.2041920 25.7670595, -80.2041661 25.7670603, -80.2042039 25.7680249, -80.2042298 25.7680240))",Southwest 6th Avenue,right,107.4,13,
Southwest 7th Avenue (left),25.7684556,-80.2059084,"POLYGON((-80.2058803 25.7679736, -80.2059106 25.7689383, -80.2059365 25.7689376, -80.2059062 25.7679729, -80.2058803 25.7679736))",Southwest 7th Avenue,left,107.4,13,
Southwest 7th Avenue (right),25.7684579,-80.2058167,"POLYGON((-80.2057886 25.7679759, -80.2058189 25.7689406, -80.2058448 25.7689399, -80.2058145 25.7679752, -80.2057886 25.7679759))",Southwest 7th Avenue,right,107.4,13,
Southwest 4th Street (left),25.7698259,-80.2069974,"POLYGON((-80.2064167 25.7698560, -80.2075790 25.7698192, -80.2075781 25.7697958, -80.2064158 25.7698326, -80.2064167 25.7698560))",Southwest 4th Street,left,116.6,15,
Southwest 4th Street (right),25.7699085,-80.2070007,"POLYGON((-80.2064200 25.7699386, -80.2075823 25.7699018, -80.2075814 25.7698784, -80.2064191 25.7699152, -80.2064200 25.7699386))",Southwest 4th Street,right,116.6,15,
Southwest 3rd Street (left),25.7707856,-80.2071258,"POLYGON((-80.2066368 25.7708121, -80.2076156 25.7707825, -80.2076147 25.7707591, -80.2066359 25.7707887, -80.2066368 25.7708121))",Southwest 3rd Street,left,98.2,12,
Southwest 3rd Street (right),25.7708682,-80.2071288,"POLYGON((-80.2066399 25.7708947, -80.2076187 25.7708651, -80.2076178 25.7708417, -80.2066390 25.7708713, -80.2066399 25.7708947))",Southwest 3rd Street,right,98.2,12,
Southwest 2nd Street (left),25.7717581,-80.2068155,"POLYGON((-80.2059781 25.7717951, -80.2076538 25.7717445, -80.2076529 25.7717211, -80.2059772 25.7717717, -80.2059781 25.7717951))",Southwest 2nd Street,left,168.1,22,
Southwest 2nd Street (right),25.7718407,-80.2068186,"POLYGON((-80.2059812 25.7718777, -80.2076569 25.7718271, -80.2076560 25.7718037, -80.2059803 25.7718543, -80.2059812 25.7718777))",Southwest 2nd Street,right,168.1,22,
Southwest 6th Street (left),25.7678717,-80.2079148,"POLYGON((-80.2075074 25.7678966, -80.2083230 25.7678702, -80.2083221 25.7678468, -80.2075065 25.7678732, -80.2075074 25.7678966))",Southwest 6th Street,left,81.8,9,
Southwest 6th Street (right),25.7679543,-80.2079180,"POLYGON((-80.2075107 25.7679792, -80.2083263 25.7679528, -80.2083254 25.7679294, -80.2075098 25.7679558, -80.2075107 25.7679792))",Southwest 6th Street,right,81.8,9,
Southwest 6th Street (left),25.7678457,-80.2087469,"POLYGON((-80.2083231 25.7678702, -80.2091716 25.7678445, -80.2091707 25.7678211, -80.2083222 25.7678468, -80.2083231 25.7678702))",Southwest 6th Street,left,85.1,10,
Southwest 6th Street (right),25.7679282,-80.2087500,"POLYGON((-80.2083262 25.7679528, -80.2091747 25.7679271, -80.2091738 25.7679037, -80.2083253 25.7679294, -80.2083262 25.7679528))",Southwest 6th Street,right,85.1,10,
Northwest 1st Street (left),25.7747807,-80.2069307,"POLYGON((-80.2077660 25.7747389, -80.2060943 25.7747991, -80.2060954 25.7748225, -80.2077671 25.7747623, -80.2077660 25.7747389))",Northwest 1st Street,left,167.7,22,
Northwest 1st Street (right),25.7746981,-80.2069270,"POLYGON((-80.2077623 25.7746563, -80.2060906 25.7747165, -80.2060917 25.7747399, -80.2077634 25.7746797, -80.2077623 25.7746563))",Northwest 1st Street,right,167.7,22,
Northwest 1st Street (left),25.7748355,-80.2052552,"POLYGON((-80.2060941 25.7747991, -80.2044154 25.7748484, -80.2044163 25.7748718, -80.2060949 25.7748225, -80.2060941 25.7747991))",Northwest 1st Street,left,168.4,22,
Northwest 1st Street (right),25.7747528,-80.2052522,"POLYGON((-80.2060911 25.7747165, -80.2044125 25.7747658, -80.2044133 25.7747892, -80.2060920 25.7747399, -80.2060911 25.7747165))",Northwest 1st Street,right,168.4,22,
Northwest 2nd Street (left),25.7756620,-80.2069627,"POLYGON((-80.2061275 25.7756990, -80.2077987 25.7756483, -80.2077978 25.7756249, -80.2061266 25.7756756, -80.2061275 25.7756990))",Northwest 2nd Street,left,167.6,22,
Northwest 2nd Street (right),25.7757445,-80.2069657,"POLYGON((-80.2061306 25.7757816, -80.2078018 25.7757309, -80.2078009 25.7757075, -80.2061297 25.7757582, -80.2061306 25.7757816))",Northwest 2nd Street,right,167.6,22,
Northwest 3rd Street (left),25.7767081,-80.2070018,"POLYGON((-80.2078386 25.7766714, -80.2061641 25.7767214, -80.2061650 25.7767448, -80.2078395 25.7766948, -80.2078386 25.7766714))",Northwest 3rd Street,left,167.9,22,
Northwest 3rd Street (right),25.7766255,-80.2069987,"POLYGON((-80.2078355 25.7765888, -80.2061610 25.7766388, -80.2061619 25.7766622, -80.2078364 25.7766122, -80.2078355 25.7765888))",Northwest 3rd Street,right,167.9,22,
Southwest 5th Street (left),25.7687922,-80.2118647,"POLYGON((-80.2145162 25.7686972, -80.2092122 25.7688639, -80.2092131 25.7688873, -80.2145171 25.7687206, -80.2145162 25.7686972))",Southwest 5th Street,left,532.0,77,
Southwest 5th Street (right),25.7687097,-80.2118614,"POLYGON((-80.2145130 25.7686146, -80.2092090 25.7687813, -80.2092099 25.7688047, -80.2145139 25.7686380, -80.2145130 25.7686146))",Southwest 5th Street,right,532.0,77,
Southwest 5th Street (left),25.7688876,-80.2087920,"POLYGON((-80.2092121 25.7688639, -80.2083709 25.7688879, -80.2083718 25.7689113, -80.2092130 25.7688873, -80.2092121 25.7688639))",Southwest 5th Street,left,84.4,10,
Southwest 5th Street (right),25.7688050,-80.2087890,"POLYGON((-80.2092092 25.7687813, -80.2083680 25.7688053, -80.2083689 25.7688287, -80.2092101 25.7688047, -80.2092092 25.7687813))",Southwest 5th Street,right,84.4,10,
Southwest 5th Street (left),25.7689158,-80.2079596,"POLYGON((-80.2083713 25.7688879, -80.2075466 25.7689204, -80.2075478 25.7689437, -80.2083725 25.7689112, -80.2083713 25.7688879))",Southwest 5th Street,left,82.8,10,
Southwest 5th Street (right),25.7688333,-80.2079555,"POLYGON((-80.2083673 25.7688054, -80.2075426 25.7688379, -80.2075438 25.7688612, -80.2083685 25.7688287, -80.2083673 25.7688054))",Southwest 5th Street,right,82.8,10,
Southwest 4th Street (left),25.7697942,-80.2079960,"POLYGON((-80.2075790 25.7698192, -80.2084138 25.7697925, -80.2084129 25.7697691, -80.2075781 25.7697958, -80.2075790 25.7698192))",Southwest 4th Street,left,83.7,10,
Southwest 4th Street (right),25.7698767,-80.2079992,"POLYGON((-80.2075823 25.7699018, -80.2084171 25.7698751, -80.2084162 25.7698517, -80.2075814 25.7698784, -80.2075823 25.7699018))",Southwest 4th Street,right,83.7,10,
Southwest 4th Street (left),25.7697671,-80.2088291,"POLYGON((-80.2084138 25.7697925, -80.2092454 25.7697650, -80.2092444 25.7697416, -80.2084128 25.7697691, -80.2084138 25.7697925))",Southwest 4th Street,left,83.4,10,
Southwest 4th Street (right),25.7698496,-80.2088325,"POLYGON((-80.2084172 25.7698751, -80.2092488 25.7698476, -80.2092478 25.7698242, -80.2084162 25.7698517, -80.2084172 25.7698751))",Southwest 4th Street,right,83.4,10,
Southwest 4th Street (left),25.7696678,-80.2118937,"POLYGON((-80.2092453 25.7697650, -80.2145431 25.7695940, -80.2145421 25.7695706, -80.2092444 25.7697416, -80.2092453 25.7697650))",Southwest 4th Street,left,531.4,77,
Southwest 4th Street (right),25.7697504,-80.2118970,"POLYGON((-80.2092486 25.7698476, -80.2145463 25.7696766, -80.2145454 25.7696532, -80.2092476 25.7698242, -80.2092486 25.7698476))",Southwest 4th Street,right,531.4,77,
Brickell Key Drive (left),25.7658656,-80.1892915,"POLYGON((-80.1890892 25.7658348, -80.1894879 25.7659190, -80.1894938 25.7658963, -80.1890951 25.7658121, -80.1890892 25.7658348))",Brickell Key Drive,left,41.1,3,
Brickell Key Drive (right),25.7659460,-80.1892706,"POLYGON((-80.1890683 25.7659153, -80.1894670 25.7659995, -80.1894729 25.7659768, -80.1890742 25.7658926, -80.1890683 25.7659153))",Brickell Key Drive,right,41.1,3,
Brickell Key Drive (left),25.7659701,-80.1897787,"POLYGON((-80.1894881 25.7659191, -80.1900632 25.7660438, -80.1900693 25.7660211, -80.1894942 25.7658964, -80.1894881 25.7659191))",Brickell Key Drive,left,59.3,6,
Brickell Key Drive (right),25.7660504,-80.1897572,"POLYGON((-80.1894666 25.7659994, -80.1900417 25.7661241, -80.1900478 25.7661014, -80.1894727 25.7659767, -80.1894666 25.7659994))",Brickell Key Drive,right,59.3,6,
Brickell Key Drive (left),25.7660711,-80.1903408,"POLYGON((-80.1900575 25.7660429, -80.1906201 25.7661224, -80.1906241 25.7660993, -80.1900615 25.7660198, -80.1900575 25.7660429))",Brickell Key Drive,left,57.1,6,
Brickell Key Drive (right),25.7661527,-80.1903266,"POLYGON((-80.1900433 25.7661245, -80.1906059 25.7662040, -80.1906099 25.7661809, -80.1900473 25.7661014, -80.1900433 25.7661245))",Brickell Key Drive,right,57.1,6,
Northeast 4th Street (left),25.7779738,-80.1933634,"POLYGON((-80.1929703 25.7779974, -80.1937573 25.7779736, -80.1937564 25.7779502, -80.1929694 25.7779740, -80.1929703 25.7779974))",Northeast 4th Street,left,78.9,9,
Northeast 4th Street (right),25.7780564,-80.1933664,"POLYGON((-80.1929734 25.7780800, -80.1937604 25.7780562, -80.1937595 25.7780328, -80.1929725 25.7780566, -80.1929734 25.7780800))",Northeast 4th Street,right,78.9,9,
Southeast 6th Street (left),25.7684034,-80.1924605,"POLYGON((-80.1927406 25.7683885, -80.1921800 25.7683949, -80.1921803 25.7684183, -80.1927409 25.7684119, -80.1927406 25.7683885))",Southeast 6th Street,left,56.2,6,
Southeast 6th Street (right),25.7683208,-80.1924593,"POLYGON((-80.1927395 25.7683059, -80.1921789 25.7683123, -80.1921792 25.7683357, -80.1927398 25.7683293, -80.1927395 25.7683059))",Southeast 6th Street,right,56.2,6,
Southeast 6th Street (left),25.7683427,-80.1930649,"POLYGON((-80.1933853 25.7682732, -80.1927395 25.7683893, -80.1927446 25.7684122, -80.1933903 25.7682961, -80.1933853 25.7682732))",Southeast 6th Street,left,66.0,7,
Southeast 6th Street (right),25.7682616,-80.1930470,"POLYGON((-80.1933673 25.7681921, -80.1927216 25.7683082, -80.1927266 25.7683311, -80.1933724 25.7682150, -80.1933673 25.7681921))",Southeast 6th Street,right,66.0,7,
way/997807676 (left),25.7685056,-80.1933811,"POLYGON((-80.1932943 25.7683491, -80.1934440 25.7686711, -80.1934679 25.7686621, -80.1933182 25.7683401, -80.1932943 25.7683491))",way/997807676,left,38.9,3,
way/997807676 (right),25.7685375,-80.1932964,"POLYGON((-80.1932096 25.7683810, -80.1933593 25.7687030, -80.1933832 25.7686940, -80.1932335 25.7683720, -80.1932096 25.7683810))",way/997807676,right,38.9,3,
way/997807677 (left),25.7682654,-80.1935101,"POLYGON((-80.1933812 25.7683093, -80.1936459 25.7682440, -80.1936390 25.7682215, -80.1933743 25.7682868, -80.1933812 25.7683093))",way/997807677,left,27.5,1,
way/997807677 (right),25.7683451,-80.1935344,"POLYGON((-80.1934055 25.7683890, -80.1936702 25.7683237, -80.1936633 25.7683012, -80.1933986 25.7683665, -80.1934055 25.7683890))",way/997807677,right,27.5,1,
Southwest 1st Avenue (left),25.7731189,-80.1955869,"POLYGON((-80.1955694 25.7729883, -80.1955785 25.7732503, -80.1956044 25.7732495, -80.1955953 25.7729875, -80.1955694 25.7729883))",Southwest 1st Avenue,left,29.2,2,
Southwest 1st Avenue (right),25.7731215,-80.1954952,"POLYGON((-80.1954777 25.7729909, -80.1954868 25.7732529, -80.1955127 25.7732521, -80.1955036 25.7729901, -80.1954777 25.7729909))",Southwest 1st Avenue,right,29.2,2,
Southeast 3rd Street (left),25.7717229,-80.1899183,"POLYGON((-80.1901567 25.7717058, -80.1896793 25.7717165, -80.1896799 25.7717399, -80.1901573 25.7717292, -80.1901567 25.7717058))",Southeast 3rd Street,left,47.9,4,
Southeast 3rd Street (right),25.7716402,-80.1899160,"POLYGON((-80.1901544 25.7716232, -80.1896770 25.7716339, -80.1896776 25.7716573, -80.1901550 25.7716466, -80.1901544 25.7716232))",Southeast 3rd Street,right,47.9,4,
Southeast 15th Road (left),25.7580992,-80.1931340,"POLYGON((-80.1933085 25.7581895, -80.1929738 25.7579895, -80.1929595 25.7580090, -80.1932942 25.7582090, -80.1933085 25.7581895))",Southeast 15th Road,left,40.3,3,
Southeast 15th Road (right),25.7580304,-80.1931847,"POLYGON((-80.1933592 25.7581206, -80.1930245 25.7579206, -80.1930102 25.7579401, -80.1933449 25.7581401, -80.1933592 25.7581206))",Southeast 15th Road,right,40.3,3,
Southeast 15th Road (left),25.7585503,-80.1939142,"POLYGON((-80.1940536 25.7586119, -80.1937881 25.7584687, -80.1937748 25.7584888, -80.1940403 25.7586319, -80.1940536 25.7586119))",Southeast 15th Road,left,31.0,2,
Southeast 15th Road (right),25.7584794,-80.1939613,"POLYGON((-80.1941007 25.7585409, -80.1938352 25.7583978, -80.1938219 25.7584178, -80.1940874 25.7585610, -80.1941007 25.7585409))",Southeast 15th Road,right,31.0,2,
Northwest 8th Street Road (left),25.7848914,-80.2104248,"POLYGON((-80.2099060 25.7843772, -80.2109242 25.7854209, -80.2109437 25.7854055, -80.2099255 25.7843618, -80.2099060 25.7843772))",Northwest 8th Street Road,left,154.6,20,
Northwest 8th Street Road (right),25.7849459,-80.2103559,"POLYGON((-80.2098370 25.7844318, -80.2108552 25.7854755, -80.2108747 25.7854601, -80.2098565 25.7844164, -80.2098370 25.7844318))",Northwest 8th Street Road,right,154.6,20,
Water Avenue (left),25.7710483,-80.1947115,"POLYGON((-80.1946937 25.7709260, -80.1947034 25.7711713, -80.1947293 25.7711705, -80.1947196 25.7709252, -80.1946937 25.7709260))",Water Avenue,left,27.3,1,
Water Avenue (right),25.7710512,-80.1946198,"POLYGON((-80.1946020 25.7709290, -80.1946117 25.7711743, -80.1946376 25.7711735, -80.1946279 25.7709282, -80.1946020 25.7709290))",Water Avenue,right,27.3,1,
Northeast 17th Street (left),25.7913625,-80.1892589,"POLYGON((-80.1894961 25.7913484, -80.1890215 25.7913532, -80.1890218 25.7913766, -80.1894964 25.7913718, -80.1894961 25.7913484))",Northeast 17th Street,left,47.6,4,
Northeast 17th Street (right),25.7912799,-80.1892579,"POLYGON((-80.1894950 25.7912658, -80.1890204 25.7912706, -80.1890207 25.7912940, -80.1894953 25.7912892, -80.1894950 25.7912658))",Northeast 17th Street,right,47.6,4,
Southwest 1st Avenue (left),25.7666348,-80.1952713,"POLYGON((-80.1952950 25.7669090, -80.1952735 25.7663597, -80.1952476 25.7663605, -80.1952691 25.7669098, -80.1952950 25.7669090))",Southwest 1st Avenue,left,61.2,6,
Southwest 1st Avenue (right),25.7666318,-80.1953630,"POLYGON((-80.1953867 25.7669061, -80.1953652 25.7663568, -80.1953393 25.7663576, -80.1953608 25.7669069, -80.1953867 25.7669061))",Southwest 1st Avenue,right,61.2,6,
Southwest 1st Avenue (left),25.7649086,-80.1952113,"POLYGON((-80.1952428 25.7653858, -80.1952057 25.7644306, -80.1951798 25.7644315, -80.1952169 25.7653867, -80.1952428 25.7653858))",Southwest 1st Avenue,left,106.4,13,
Southwest 1st Avenue (right),25.7649058,-80.1953030,"POLYGON((-80.1953345 25.7653829, -80.1952974 25.7644277, -80.1952715 25.7644286, -80.1953086 25.7653838, -80.1953345 25.7653829))",Southwest 1st Avenue,right,106.4,13,
Northwest 3rd Street (left),25.7769612,-80.1982171,"POLYGON((-80.1986074 25.7769369, -80.1978260 25.7769622, -80.1978269 25.7769856, -80.1986083 25.7769603, -80.1986074 25.7769369))",Northwest 3rd Street,left,78.4,9,
Northwest 3rd Street (right),25.7768787,-80.1982139,"POLYGON((-80.1986041 25.7768543, -80.1978227 25.7768796, -80.1978236 25.7769030, -80.1986050 25.7768777, -80.1986041 25.7768543))",Northwest 3rd Street,right,78.4,9,
Northwest North River Drive (left),25.7784494,-80.2063114,"POLYGON((-80.2062023 25.7783633, -80.2064017 25.7785516, -80.2064205 25.7785355, -80.2062210 25.7783472, -80.2062023 25.7783633))",Northwest North River Drive,left,29.0,2,
Northwest North River Drive (right),25.7785064,-80.2062449,"POLYGON((-80.2061358 25.7784203, -80.2063353 25.7786086, -80.2063540 25.7785925, -80.2061546 25.7784042, -80.2061358 25.7784203))",Northwest North River Drive,right,29.0,2,
Northwest North River Drive (left),25.7782913,-80.2060593,"POLYGON((-80.2062100 25.7783940, -80.2059256 25.7781709, -80.2059086 25.7781885, -80.2061930 25.7784116, -80.2062100 25.7783940))",Northwest North River Drive,left,37.8,3,
Northwest North River Drive (right),25.7782289,-80.2061196,"POLYGON((-80.2062703 25.7783317, -80.2059859 25.7781086, -80.2059689 25.7781262, -80.2062533 25.7783493, -80.2062703 25.7783317))",Northwest North River Drive,right,37.8,3,
Southwest 15th Road (left),25.7602561,-80.1968639,"POLYGON((-80.1972083 25.7604479, -80.1965339 25.7600449, -80.1965196 25.7600644, -80.1971940 25.7604674, -80.1972083 25.7604479))",Southwest 15th Road,left,81.1,9,
Southwest 15th Road (right),25.7601873,-80.1969147,"POLYGON((-80.1972590 25.7603790, -80.1965846 25.7599760, -80.1965703 25.7599955, -80.1972447 25.7603985, -80.1972590 25.7603790))",Southwest 15th Road,right,81.1,9,
Southwest 1st Avenue (left),25.7594237,-80.1970923,"POLYGON((-80.1965253 25.7600027, -80.1976785 25.7588605, -80.1976593 25.7588448, -80.1965061 25.7599870, -80.1965253 25.7600027))",Southwest 1st Avenue,left,171.9,23,
Southwest 1st Avenue (right),25.7594794,-80.1971602,"POLYGON((-80.1965932 25.7600583, -80.1977464 25.7589161, -80.1977272 25.7589004, -80.1965740 25.7600426, -80.1965932 25.7600583))",Southwest 1st Avenue,right,171.9,23,
Southwest 2nd Court (left),25.7606617,-80.1985538,"POLYGON((-80.1981514 25.7609555, -80.1989719 25.7603864, -80.1989561 25.7603679, -80.1981356 25.7609370, -80.1981514 25.7609555))",Southwest 2nd Court,left,103.8,13,
Southwest 2nd Court (right),25.7607272,-80.1986097,"POLYGON((-80.1982074 25.7610210, -80.1990279 25.7604519, -80.1990121 25.7604334, -80.1981916 25.7610025, -80.1982074 25.7610210))",Southwest 2nd Court,right,103.8,13,
Southwest 17th Road (left),25.7606387,-80.1992433,"POLYGON((-80.1990852 25.7604701, -80.1993806 25.7608214, -80.1994013 25.7608073, -80.1991059 25.7604560, -80.1990852 25.7604701))",Southwest 17th Road,left,49.1,5,
Southwest 17th Road (right),25.7606886,-80.1991701,"POLYGON((-80.1990121 25.7605200, -80.1993075 25.7608713, -80.1993282 25.7608572, -80.1990328 25.7605059, -80.1990121 25.7605200))",Southwest 17th Road,right,49.1,5,
Northwest 2nd Street (left),25.7761095,-80.1940517,"POLYGON((-80.1944281 25.7760883, -80.1936746 25.7761073, -80.1936753 25.7761307, -80.1944289 25.7761117, -80.1944281 25.7760883))",Northwest 2nd Street,left,75.6,9,
Northwest 2nd Street (right),25.7760269,-80.1940492,"POLYGON((-80.1944256 25.7760057, -80.1936720 25.7760247, -80.1936728 25.7760481, -80.1944263 25.7760291, -80.1944256 25.7760057))",Northwest 2nd Street,right,75.6,9,
North Miami Avenue (left),25.7756031,-80.1936079,"POLYGON((-80.1936408 25.7760789, -80.1936010 25.7751265, -80.1935751 25.7751274, -80.1936149 25.7760797, -80.1936408 25.7760789))",North Miami Avenue,left,106.1,13,
North Miami Avenue (right),25.7756000,-80.1936997,"POLYGON((-80.1937325 25.7760757, -80.1936927 25.7751234, -80.1936668 25.7751242, -80.1937066 25.7760766, -80.1937325 25.7760757))",North Miami Avenue,right,106.1,13,
Northeast 2nd Street (left),25.7762609,-80.1895031,"POLYGON((-80.1903334 25.7762234, -80.1886719 25.7762750, -80.1886728 25.7762984, -80.1903343 25.7762468, -80.1903334 25.7762234))",Northeast 2nd Street,left,166.7,22,
Northeast 2nd Street (right),25.7761783,-80.1895000,"POLYGON((-80.1903303 25.7761408, -80.1886688 25.7761924, -80.1886697 25.7762158, -80.1903312 25.7761642, -80.1903303 25.7761408))",Northeast 2nd Street,right,166.7,22,
Northeast 2nd Street (left),25.7762952,-80.1883245,"POLYGON((-80.1886717 25.7762750, -80.1879766 25.7762920, -80.1879773 25.7763154, -80.1886724 25.7762984, -80.1886717 25.7762750))",Northeast 2nd Street,left,69.7,8,
Northeast 2nd Street (right),25.7762126,-80.1883220,"POLYGON((-80.1886692 25.7761924, -80.1879741 25.7762094, -80.1879748 25.7762328, -80.1886699 25.7762158, -80.1886692 25.7761924))",Northeast 2nd Street,right,69.7,8,
Southeast 4th Street (left),25.7713063,-80.1902119,"POLYGON((-80.1901196 25.7713725, -80.1903180 25.7712600, -80.1903042 25.7712402, -80.1901058 25.7713527, -80.1901196 25.7713725))",Southeast 4th Street,left,23.5,1,
Southeast 4th Street (right),25.7713763,-80.1902608,"POLYGON((-80.1901685 25.7714424, -80.1903669 25.7713299, -80.1903531 25.7713101, -80.1901547 25.7714226, -80.1901685 25.7714424))",Southeast 4th Street,right,23.5,1,
Southeast 12th Terrace (left),25.7617362,-80.1916200,"POLYGON((-80.1918017 25.7617156, -80.1914370 25.7617335, -80.1914384 25.7617568, -80.1918031 25.7617389, -80.1918017 25.7617156))",Southeast 12th Terrace,left,36.6,3,
Southeast 12th Terrace (right),25.7616537,-80.1916151,"POLYGON((-80.1917967 25.7616331, -80.1914320 25.7616510, -80.1914334 25.7616743, -80.1917981 25.7616564, -80.1917967 25.7616331))",Southeast 12th Terrace,right,36.6,3,
Northwest 1st Avenue (left),25.7796770,-80.1953434,"POLYGON((-80.1953229 25.7794622, -80.1953380 25.7798926, -80.1953639 25.7798918, -80.1953488 25.7794614, -80.1953229 25.7794622))",Northwest 1st Avenue,left,47.9,4,
Northwest 1st Avenue (right),25.7796796,-80.1952517,"POLYGON((-80.1952312 25.7794648, -80.1952463 25.7798952, -80.1952722 25.7798944, -80.1952571 25.7794640, -80.1952312 25.7794648))",Northwest 1st Avenue,right,47.9,4,
North Miami Avenue (left),25.7849365,-80.1939666,"POLYGON((-80.1939880 25.7851324, -80.1939711 25.7847396, -80.1939452 25.7847406, -80.1939621 25.7851334, -80.1939880 25.7851324))",North Miami Avenue,left,43.8,4,
North Miami Avenue (right),25.7849333,-80.1940583,"POLYGON((-80.1940797 25.7851292, -80.1940628 25.7847364, -80.1940369 25.7847374, -80.1940538 25.7851302, -80.1940797 25.7851292))",North Miami Avenue,right,43.8,4,
North Miami Avenue (left),25.7784921,-80.1937254,"POLYGON((-80.1937513 25.7789798, -80.1937255 25.7780039, -80.1936996 25.7780045, -80.1937254 25.7789804, -80.1937513 25.7789798))",North Miami Avenue,left,108.7,13,
North Miami Avenue (right),25.7784902,-80.1938172,"POLYGON((-80.1938430 25.7789778, -80.1938172 25.7780019, -80.1937913 25.7780025, -80.1938171 25.7789784, -80.1938430 25.7789778))",North Miami Avenue,right,108.7,13,
South America Way (left),25.7789102,-80.1798663,"POLYGON((-80.1801717 25.7790937, -80.1795761 25.7787078, -80.1795610 25.7787268, -80.1801566 25.7791127, -80.1801717 25.7790937))",South America Way,left,73.5,8,
South America Way (right),25.7788432,-80.1799200,"POLYGON((-80.1802253 25.7790266, -80.1796297 25.7786407, -80.1796146 25.7786597, -80.1802102 25.7790456, -80.1802253 25.7790266))",South America Way,right,73.5,8,
Northwest 11th Street (left),25.7840777,-80.2089422,"POLYGON((-80.2086245 25.7840925, -80.2092600 25.7840864, -80.2092598 25.7840630, -80.2086243 25.7840691, -80.2086245 25.7840925))",Northwest 11th Street,left,63.7,7,
Northwest 11th Street (right),25.7841604,-80.2089431,"POLYGON((-80.2086255 25.7841751, -80.2092610 25.7841690, -80.2092608 25.7841456, -80.2086253 25.7841517, -80.2086255 25.7841751))",Northwest 11th Street,right,63.7,7,
Northwest 11th Street (left),25.7840645,-80.2094152,"POLYGON((-80.2092580 25.7840864, -80.2095742 25.7840659, -80.2095723 25.7840426, -80.2092561 25.7840631, -80.2092580 25.7840864))",Northwest 11th Street,left,31.8,2,
Northwest 11th Street (right),25.7841470,-80.2094217,"POLYGON((-80.2092646 25.7841689, -80.2095808 25.7841484, -80.2095789 25.7841251, -80.2092627 25.7841456, -80.2092646 25.7841689))",Northwest 11th Street,right,31.8,2,
Southwest 2nd Avenue (left),25.7661983,-80.1974650,"POLYGON((-80.1974495 25.7661042, -80.1974545 25.7662929, -80.1974804 25.7662923, -80.1974754 25.7661036, -80.1974495 25.7661042))",Southwest 2nd Avenue,left,21.0,0,
Southwest 2nd Avenue (right),25.7662002,-80.1973732,"POLYGON((-80.1973578 25.7661062, -80.1973628 25.7662949, -80.1973887 25.7662943, -80.1973837 25.7661056, -80.1973578 25.7661062))",Southwest 2nd Avenue,right,21.0,0,
Southwest 2nd Avenue (left),25.7666176,-80.1973876,"POLYGON((-80.1974049 25.7667322, -80.1973963 25.7665022, -80.1973704 25.7665030, -80.1973790 25.7667330, -80.1974049 25.7667322))",Southwest 2nd Avenue,left,25.6,1,
Southwest 2nd Avenue (right),25.7666148,-80.1974794,"POLYGON((-80.1974966 25.7667294, -80.1974880 25.7664994, -80.1974621 25.7665002, -80.1974707 25.7667302, -80.1974966 25.7667294))",Southwest 2nd Avenue,right,25.6,1,
Northeast 17th Street (left),25.7913749,-80.1900979,"POLYGON((-80.1894859 25.7914028, -80.1907106 25.7913704, -80.1907099 25.7913470, -80.1894852 25.7913794, -80.1894859 25.7914028))",Northeast 17th Street,left,122.8,16,
Northeast 17th Street (right),25.7914575,-80.1901006,"POLYGON((-80.1894886 25.7914854, -80.1907133 25.7914530, -80.1907126 25.7914296, -80.1894879 25.7914620, -80.1894886 25.7914854))",Northeast 17th Street,right,122.8,16,
Northwest 1st Avenue (left),25.7753380,-80.1952289,"POLYGON((-80.1952361 25.7750830, -80.1951958 25.7755915, -80.1952217 25.7755931, -80.1952619 25.7750846, -80.1952361 25.7750830))",Northwest 1st Avenue,left,56.8,6,
Northwest 1st Avenue (right),25.7753322,-80.1951373,"POLYGON((-80.1951445 25.7750771, -80.1951043 25.7755856, -80.1951301 25.7755872, -80.1951704 25.7750787, -80.1951445 25.7750771))",Northwest 1st Avenue,right,56.8,6,
Northwest 1st Avenue (left),25.7753467,-80.1951822,"POLYGON((-80.1952211 25.7756056, -80.1951692 25.7750858, -80.1951434 25.7750879, -80.1951952 25.7756077, -80.1952211 25.7756056))",Northwest 1st Avenue,left,58.1,6,
Northwest 1st Avenue (right),25.7753394,-80.1952737,"POLYGON((-80.1953125 25.7755982, -80.1952607 25.7750784, -80.1952348 25.7750805, -80.1952867 25.7756003, -80.1953125 25.7755982))",Northwest 1st Avenue,right,58.1,6,
Northwest 1st Avenue (left),25.7758143,-80.1952184,"POLYGON((-80.1951965 25.7755804, -80.1952143 25.7760491, -80.1952402 25.7760483, -80.1952224 25.7755796, -80.1951965 25.7755804))",Northwest 1st Avenue,left,52.2,5,
Northwest 1st Avenue (right),25.7758172,-80.1951266,"POLYGON((-80.1951048 25.7755832, -80.1951226 25.7760519, -80.1951485 25.7760511, -80.1951307 25.7755824, -80.1951048 25.7755832))",Northwest 1st Avenue,right,52.2,5,
Northwest 11th Terrace (left),25.7850517,-80.1975518,"POLYGON((-80.1979776 25.7850349, -80.1971255 25.7850451, -80.1971259 25.7850685, -80.1979780 25.7850583, -80.1979776 25.7850349))",Northwest 11th Terrace,left,85.4,10,
Northwest 11th Terrace (right),25.7849691,-80.1975505,"POLYGON((-80.1979764 25.7849523, -80.1971243 25.7849625, -80.1971247 25.7849859, -80.1979768 25.7849757, -80.1979764 25.7849523))",Northwest 11th Terrace,right,85.4,10,
Northwest 4th Street (left),25.7777740,-80.1998035,"POLYGON((-80.1995754 25.7777908, -80.2000322 25.7777806, -80.2000315 25.7777572, -80.1995747 25.7777674, -80.1995754 25.7777908))",Northwest 4th Street,left,45.8,4,
Northwest 4th Street (right),25.7778566,-80.1998057,"POLYGON((-80.1995777 25.7778734, -80.2000345 25.7778632, -80.2000338 25.7778398, -80.1995770 25.7778500, -80.1995777 25.7778734))",Northwest 4th Street,right,45.8,4,
Northeast 10th Street (left),25.7840058,-80.1894356,"POLYGON((-80.1895736 25.7839578, -80.1892904 25.7840313, -80.1892976 25.7840537, -80.1895808 25.7839802, -80.1895736 25.7839578))",Northeast 10th Street,left,29.5,2,
Northeast 10th Street (right),25.7839263,-80.1894102,"POLYGON((-80.1895482 25.7838784, -80.1892650 25.7839519, -80.1892722 25.7839743, -80.1895554 25.7839008, -80.1895482 25.7838784))",Northeast 10th Street,right,29.5,2,
Northwest 7th Street (left),25.7806646,-80.2000250,"POLYGON((-80.1996521 25.7806851, -80.2003986 25.7806675, -80.2003980 25.7806441, -80.1996515 25.7806617, -80.1996521 25.7806851))",Northwest 7th Street,left,74.9,8,
Northwest 7th Street (right),25.7807472,-80.2000275,"POLYGON((-80.1996545 25.7807677, -80.2004010 25.7807501, -80.2004004 25.7807267, -80.1996539 25.7807443, -80.1996545 25.7807677))",Northwest 7th Street,right,74.9,8,
Northeast 11th Street (left),25.7847778,-80.1915790,"POLYGON((-80.1908459 25.7848132, -80.1923129 25.7847658, -80.1923120 25.7847424, -80.1908450 25.7847898, -80.1908459 25.7848132))",Northeast 11th Street,left,147.1,19,
Northeast 11th Street (right),25.7848604,-80.1915822,"POLYGON((-80.1908492 25.7848958, -80.1923162 25.7848484, -80.1923153 25.7848250, -80.1908483 25.7848724, -80.1908492 25.7848958))",Northeast 11th Street,right,147.1,19,
Northeast 1st Avenue (left),25.7830332,-80.1923032,"POLYGON((-80.1922846 25.7828726, -80.1922959 25.7831946, -80.1923218 25.7831938, -80.1923105 25.7828718, -80.1922846 25.7828726))",Northeast 1st Avenue,left,35.9,3,
Northeast 1st Avenue (right),25.7830358,-80.1922115,"POLYGON((-80.1921929 25.7828752, -80.1922042 25.7831972, -80.1922301 25.7831964, -80.1922188 25.7828744, -80.1921929 25.7828752))",Northeast 1st Avenue,right,35.9,3,
Northeast 1st Avenue (left),25.7827200,-80.1922919,"POLYGON((-80.1922733 25.7825682, -80.1922846 25.7828725, -80.1923105 25.7828717, -80.1922992 25.7825674, -80.1922733 25.7825682))",Northeast 1st Avenue,left,33.9,2,
Northeast 1st Avenue (right),25.7827227,-80.1922002,"POLYGON((-80.1921816 25.7825710, -80.1921929 25.7828753, -80.1922188 25.7828745, -80.1922075 25.7825702, -80.1921816 25.7825710))",Northeast 1st Avenue,right,33.9,2,
Northeast 1st Avenue (left),25.7822361,-80.1922740,"POLYGON((-80.1922488 25.7819047, -80.1922733 25.7825682, -80.1922992 25.7825674, -80.1922747 25.7819039, -80.1922488 25.7819047))",Northeast 1st Avenue,left,73.9,8,
Northeast 1st Avenue (right),25.7822388,-80.1921823,"POLYGON((-80.1921571 25.7819075, -80.1921816 25.7825710, -80.1922075 25.7825702, -80.1921830 25.7819067, -80.1921571 25.7819075))",Northeast 1st Avenue,right,73.9,8,
Northeast 1st Avenue (left),25.7817648,-80.1922565,"POLYGON((-80.1922382 25.7816258, -80.1922488 25.7819047, -80.1922747 25.7819039, -80.1922641 25.7816250, -80.1922382 25.7816258))",Northeast 1st Avenue,left,31.1,2,
Northeast 1st Avenue (right),25.7817677,-80.1921647,"POLYGON((-80.1921465 25.7816286, -80.1921571 25.7819075, -80.1921830 25.7819067, -80.1921724 25.7816278, -80.1921465 25.7816286))",Northeast 1st Avenue,right,31.1,2,
Northeast 10th Street (left),25.7839191,-80.1907513,"POLYGON((-80.1909005 25.7839012, -80.1906009 25.7839136, -80.1906021 25.7839369, -80.1909017 25.7839245, -80.1909005 25.7839012))",Northeast 10th Street,left,30.1,2,
Northeast 10th Street (right),25.7838365,-80.1907471,"POLYGON((-80.1908963 25.7838187, -80.1905967 25.7838311, -80.1905979 25.7838544, -80.1908975 25.7838420, -80.1908963 25.7838187))",Northeast 10th Street,right,30.1,2,
Northeast 14th Street (left),25.7883188,-80.1902777,"POLYGON((-80.1906474 25.7883409, -80.1899106 25.7882735, -80.1899080 25.7882967, -80.1906448 25.7883642, -80.1906474 25.7883409))",Northeast 14th Street,left,74.2,8,
Northeast 14th Street (right),25.7882366,-80.1902870,"POLYGON((-80.1906567 25.7882587, -80.1899199 25.7881912, -80.1899173 25.7882145, -80.1906541 25.7882819, -80.1906567 25.7882587))",Northeast 14th Street,right,74.2,8,
South Miami Avenue (left),25.7687996,-80.1935183,"POLYGON((-80.1935272 25.7689330, -80.1935354 25.7686668, -80.1935095 25.7686661, -80.1935013 25.7689323, -80.1935272 25.7689330))",South Miami Avenue,left,29.6,2,
South Miami Avenue (right),25.7688018,-80.1936101,"POLYGON((-80.1936189 25.7689353, -80.1936271 25.7686691, -80.1936012 25.7686684, -80.1935930 25.7689346, -80.1936189 25.7689353))",South Miami Avenue,right,29.6,2,
Northwest 11th Street (left),25.7843232,-80.2065774,"POLYGON((-80.2063535 25.7843428, -80.2068023 25.7843270, -80.2068012 25.7843036, -80.2063525 25.7843194, -80.2063535 25.7843428))",Northwest 11th Street,left,45.0,4,
Northwest 11th Street (right),25.7844058,-80.2065809,"POLYGON((-80.2063571 25.7844254, -80.2068058 25.7844096, -80.2068048 25.7843862, -80.2063560 25.7844020, -80.2063571 25.7844254))",Northwest 11th Street,right,45.0,4,
Brickell Key Drive (left),25.7660470,-80.1900443,"POLYGON((-80.1906075 25.7661809, -80.1894882 25.7658906, -80.1894810 25.7659130, -80.1906003 25.7662033, -80.1906075 25.7661809))",Brickell Key Drive,left,116.8,15,
Brickell Key Drive (right),25.7659675,-80.1900696,"POLYGON((-80.1906329 25.7661015, -80.1895136 25.7658112, -80.1895064 25.7658336, -80.1906257 25.7661239, -80.1906329 25.7661015))",Brickell Key Drive,right,116.8,15,
Northwest 1st Avenue (left),25.7800724,-80.1953811,"POLYGON((-80.1954069 25.7802653, -80.1953812 25.7798780, -80.1953553 25.7798794, -80.1953810 25.7802667, -80.1954069 25.7802653))",Northwest 1st Avenue,left,43.2,4,
Northwest 1st Avenue (right),25.7800674,-80.1954728,"POLYGON((-80.1954986 25.7802604, -80.1954729 25.7798731, -80.1954470 25.7798745, -80.1954727 25.7802618, -80.1954986 25.7802604))",Northwest 1st Avenue,right,43.2,4,
Northwest 2nd Street (left),25.7755862,-80.2120950,"POLYGON((-80.2147171 25.7754928, -80.2094721 25.7756563, -80.2094730 25.7756797, -80.2147180 25.7755162, -80.2147171 25.7754928))",Northwest 2nd Street,left,526.1,76,
Northwest 2nd Street (right),25.7755037,-80.2120919,"POLYGON((-80.2147139 25.7754102, -80.2094689 25.7755737, -80.2094698 25.7755971, -80.2147148 25.7754336, -80.2147139 25.7754102))",Northwest 2nd Street,right,526.1,76,
Northwest 2nd Street (left),25.7759982,-80.1980580,"POLYGON((-80.1983203 25.7759789, -80.1977949 25.7759940, -80.1977958 25.7760174, -80.1983211 25.7760023, -80.1983203 25.7759789))",Northwest 2nd Street,left,52.7,5,
Northwest 2nd Street (right),25.7759155,-80.1980551,"POLYGON((-80.1983173 25.7758963, -80.1977920 25.7759114, -80.1977928 25.7759348, -80.1983182 25.7759197, -80.1983173 25.7758963))",Northwest 2nd Street,right,52.7,5,
Northwest 2nd Street (left),25.7759842,-80.1985243,"POLYGON((-80.1987273 25.7759661, -80.1983203 25.7759789, -80.1983213 25.7760023, -80.1987283 25.7759895, -80.1987273 25.7759661))",Northwest 2nd Street,left,40.8,3,
Northwest 2nd Street (right),25.7759016,-80.1985211,"POLYGON((-80.1987241 25.7758835, -80.1983171 25.7758963, -80.1983181 25.7759197, -80.1987251 25.7759069, -80.1987241 25.7758835))",Northwest 2nd Street,right,40.8,3,
Northwest 1st Court (left),25.7867494,-80.1972351,"POLYGON((-80.1972183 25.7865989, -80.1972259 25.7869004, -80.1972518 25.7868998, -80.1972442 25.7865984, -80.1972183 25.7865989))",Northwest 1st Court,left,33.6,2,
Northwest 1st Court (right),25.7867512,-80.1971433,"POLYGON((-80.1971266 25.7866008, -80.1971342 25.7869022, -80.1971601 25.7869017, -80.1971525 25.7866002, -80.1971266 25.7866008))",Northwest 1st Court,right,33.6,2,
Northwest 1st Place (left),25.7876062,-80.1979990,"POLYGON((-80.1979832 25.7873806, -80.1979888 25.7878322, -80.1980148 25.7878319, -80.1980092 25.7873803, -80.1979832 25.7873806))",Northwest 1st Place,left,50.3,5,
Northwest 1st Place (right),25.7876072,-80.1979072,"POLYGON((-80.1978914 25.7873815, -80.1978970 25.7878331, -80.1979230 25.7878328, -80.1979174 25.7873812, -80.1978914 25.7873815))",Northwest 1st Place,right,50.3,5,
Southeast 1st Street (left),25.7734195,-80.1912382,"POLYGON((-80.1914524 25.7734014, -80.1910231 25.7734143, -80.1910240 25.7734377, -80.1914533 25.7734248, -80.1914524 25.7734014))",Southeast 1st Street,left,43.1,4,
Southeast 1st Street (right),25.7733370,-80.1912351,"POLYGON((-80.1914493 25.7733188, -80.1910200 25.7733317, -80.1910209 25.7733551, -80.1914502 25.7733422, -80.1914493 25.7733188))",Southeast 1st Street,right,43.1,4,
Southwest 1st Avenue (left),25.7652591,-80.1957215,"POLYGON((-80.1957041 25.7651430, -80.1957129 25.7653760, -80.1957388 25.7653752, -80.1957300 25.7651422, -80.1957041 25.7651430))",Southwest 1st Avenue,left,26.0,1,
Southwest 1st Avenue (right),25.7652619,-80.1956297,"POLYGON((-80.1956124 25.7651458, -80.1956212 25.7653788, -80.1956471 25.7653780, -80.1956383 25.7651450, -80.1956124 25.7651458))",Southwest 1st Avenue,right,26.0,1,
Northwest South River Drive (left),25.7745268,-80.2025693,"POLYGON((-80.2022432 25.7741607, -80.2028748 25.7749071, -80.2028955 25.7748929, -80.2022638 25.7741465, -80.2022432 25.7741607))",Northwest South River Drive,left,104.5,13,
Northwest South River Drive (right),25.7745769,-80.2024964,"POLYGON((-80.2021702 25.7742108, -80.2028019 25.7749572, -80.2028225 25.7749430, -80.2021909 25.7741966, -80.2021702 25.7742108))",Northwest South River Drive,right,104.5,13,
Southwest 4th Avenue (left),25.7686063,-80.2008024,"POLYGON((-80.2008384 25.7690878, -80.2007922 25.7681238, -80.2007663 25.7681248, -80.2008125 25.7690888, -80.2008384 25.7690878))",Southwest 4th Avenue,left,107.4,13,
Southwest 4th Avenue (right),25.7686027,-80.2008940,"POLYGON((-80.2009301 25.7690842, -80.2008839 25.7681202, -80.2008580 25.7681212, -80.2009042 25.7690852, -80.2009301 25.7690842))",Southwest 4th Avenue,right,107.4,13,
Southwest 5th Street (left),25.7691417,-80.2002451,"POLYGON((-80.2008721 25.7691161, -80.1996174 25.7691438, -80.1996180 25.7691672, -80.2008727 25.7691395, -80.2008721 25.7691161))",Southwest 5th Street,left,125.8,16,
Southwest 5th Street (right),25.7690590,-80.2002428,"POLYGON((-80.2008699 25.7690335, -80.1996152 25.7690612, -80.1996158 25.7690846, -80.2008705 25.7690569, -80.2008699 25.7690335))",Southwest 5th Street,right,125.8,16,
Southwest 3rd Avenue (left),25.7686456,-80.1992259,"POLYGON((-80.1991970 25.7681650, -80.1992289 25.7691268, -80.1992548 25.7691261, -80.1992229 25.7681643, -80.1991970 25.7681650))",Southwest 3rd Avenue,left,107.1,13,
Southwest 3rd Avenue (right),25.7686480,-80.1991342,"POLYGON((-80.1991053 25.7681675, -80.1991372 25.7691293, -80.1991631 25.7691286, -80.1991312 25.7681668, -80.1991053 25.7681675))",Southwest 3rd Avenue,right,107.1,13,
Northwest 3rd Street (left),25.7769832,-80.1975235,"POLYGON((-80.1978259 25.7769622, -80.1972202 25.7769808, -80.1972211 25.7770042, -80.1978268 25.7769856, -80.1978259 25.7769622))",Northwest 3rd Street,left,60.8,6,
Northwest 3rd Street (right),25.7769006,-80.1975204,"POLYGON((-80.1978228 25.7768796, -80.1972171 25.7768982, -80.1972180 25.7769216, -80.1978237 25.7769030, -80.1978228 25.7768796))",Northwest 3rd Street,right,60.8,6,
Northwest 3rd Street (left),25.7769103,-80.1971166,"POLYGON((-80.1970053 25.7769224, -80.1972279 25.7769215, -80.1972278 25.7768982, -80.1970052 25.7768990, -80.1970053 25.7769224))",Northwest 3rd Street,left,22.3,1,
Northwest 3rd Street (right),25.7769929,-80.1971169,"POLYGON((-80.1970057 25.7770050, -80.1972283 25.7770042, -80.1972282 25.7769808, -80.1970056 25.7769817, -80.1970057 25.7770050))",Northwest 3rd Street,right,22.3,1,
Northwest 3rd Street (left),25.7769929,-80.1971169,"POLYGON((-80.1972318 25.7769808, -80.1970020 25.7769817, -80.1970021 25.7770050, -80.1972319 25.7770042, -80.1972318 25.7769808))",Northwest 3rd Street,left,23.0,1,
Northwest 3rd Street (right),25.7769103,-80.1971166,"POLYGON((-80.1972314 25.7768982, -80.1970016 25.7768990, -80.1970017 25.7769224, -80.1972315 25.7769215, -80.1972314 25.7768982))",Northwest 3rd Street,right,23.0,1,
Northeast 16th Street (left),25.7906709,-80.1911129,"POLYGON((-80.1915370 25.7906476, -80.1906880 25.7906708, -80.1906888 25.7906942, -80.1915378 25.7906710, -80.1915370 25.7906476))",Northeast 16th Street,left,85.1,10,
Northeast 16th Street (right),25.7905883,-80.1911101,"POLYGON((-80.1915342 25.7905650, -80.1906852 25.7905882, -80.1906860 25.7906116, -80.1915350 25.7905884, -80.1915342 25.7905650))",Northeast 16th Street,right,85.1,10,
Northeast 1st Court (left),25.7900589,-80.1915639,"POLYGON((-80.1915329 25.7895012, -80.1915689 25.7906171, -80.1915948 25.7906165, -80.1915588 25.7895006, -80.1915329 25.7895012))",Northeast 1st Court,left,124.3,16,
Northeast 1st Court (right),25.7900612,-80.1914721,"POLYGON((-80.1914412 25.7895036, -80.1914772 25.7906195, -80.1915031 25.7906189, -80.1914671 25.7895030, -80.1914412 25.7895036))",Northeast 1st Court,right,124.3,16,
Southwest 3rd Avenue (left),25.7617391,-80.1990132,"POLYGON((-80.1990224 25.7615921, -80.1989783 25.7618830, -80.1990040 25.7618862, -80.1990481 25.7615952, -80.1990224 25.7615921))",Southwest 3rd Avenue,left,32.7,2,
Southwest 3rd Avenue (right),25.7617280,-80.1989223,"POLYGON((-80.1989315 25.7615809, -80.1988874 25.7618719, -80.1989131 25.7618750, -80.1989572 25.7615841, -80.1989315 25.7615809))",Southwest 3rd Avenue,right,32.7,2,
Southwest 3rd Avenue (left),25.7612057,-80.1997392,"POLYGON((-80.1998883 25.7610581, -80.1995719 25.7613366, -80.1995901 25.7613533, -80.1999064 25.7610748, -80.1998883 25.7610581))",Southwest 3rd Avenue,left,44.4,4,
Southwest 3rd Avenue (right),25.7611466,-80.1996750,"POLYGON((-80.1998241 25.7609990, -80.1995078 25.7612775, -80.1995259 25.7612942, -80.1998423 25.7610157, -80.1998241 25.7609990))",Southwest 3rd Avenue,right,44.4,4,
way/1197882700 (left),25.7616228,-80.1991014,"POLYGON((-80.1990091 25.7615668, -80.1991768 25.7616966, -80.1991937 25.7616788, -80.1990260 25.7615491, -80.1990091 25.7615668))",way/1197882700,left,22.2,1,
way/1197882700 (right),25.7616855,-80.1990416,"POLYGON((-80.1989493 25.7616295, -80.1991170 25.7617592, -80.1991339 25.7617415, -80.1989662 25.7616117, -80.1989493 25.7616295))",way/1197882700,right,22.2,1,
Southwest 13th Street (left),25.7614676,-80.1990312,"POLYGON((-80.1991410 25.7614679, -80.1989246 25.7614441, -80.1989214 25.7614673, -80.1991378 25.7614911, -80.1991410 25.7614679))",Southwest 13th Street,left,21.9,0,
Southwest 13th Street (right),25.7613855,-80.1990423,"POLYGON((-80.1991521 25.7613858, -80.1989357 25.7613620, -80.1989325 25.7613852, -80.1991489 25.7614090, -80.1991521 25.7613858))",Southwest 13th Street,right,21.9,0,
Southwest 13th Street (left),25.7614832,-80.1989045,"POLYGON((-80.1987832 25.7614174, -80.1990105 25.7615677, -80.1990258 25.7615489, -80.1987986 25.7613986, -80.1987832 25.7614174))",Southwest 13th Street,left,28.3,1,
Southwest 13th Street (right),25.7615497,-80.1988502,"POLYGON((-80.1987289 25.7614840, -80.1989561 25.7616343, -80.1989715 25.7616155, -80.1987442 25.7614652, -80.1987289 25.7614840))",Southwest 13th Street,right,28.3,1,
way/1197882704 (left),25.7616403,-80.1992330,"POLYGON((-80.1991522 25.7616968, -80.1993270 25.7616040, -80.1993138 25.7615838, -80.1991390 25.7616766, -80.1991522 25.7616968))",way/1197882704,left,20.3,0,
way/1197882704 (right),25.7617115,-80.1992796,"POLYGON((-80.1991988 25.7617680, -80.1993736 25.7616752, -80.1993604 25.7616550, -80.1991856 25.7617478, -80.1991988 25.7617680))",way/1197882704,right,20.3,0,
way/1197882708 (left),25.7615421,-80.1991001,"POLYGON((-80.1991728 25.7614524, -80.1990081 25.7616162, -80.1990273 25.7616319, -80.1991920 25.7614681, -80.1991728 25.7614524))",way/1197882708,left,24.6,1,
way/1197882708 (right),25.7614867,-80.1990320,"POLYGON((-80.1991048 25.7613969, -80.1989401 25.7615607, -80.1989593 25.7615764, -80.1991240 25.7614126, -80.1991048 25.7613969))",way/1197882708,right,24.6,1,
Southwest 1st Avenue (left),25.7736677,-80.1959425,"POLYGON((-80.1959833 25.7740817, -80.1959276 25.7732524, -80.1959018 25.7732538, -80.1959575 25.7740831, -80.1959833 25.7740817))",Southwest 1st Avenue,left,92.5,11,
Southwest 1st Avenue (right),25.7736628,-80.1960342,"POLYGON((-80.1960749 25.7740767, -80.1960192 25.7732474, -80.1959934 25.7732488, -80.1960491 25.7740781, -80.1960749 25.7740767))",Southwest 1st Avenue,right,92.5,11,
Northwest 2nd Avenue (left),25.7947627,-80.1989077,"POLYGON((-80.1988789 25.7940994, -80.1989106 25.7954266, -80.1989366 25.7954261, -80.1989049 25.7940989, -80.1988789 25.7940994))",Northwest 2nd Avenue,left,147.8,19,
Northwest 2nd Avenue (right),25.7947645,-80.1988160,"POLYGON((-80.1987871 25.7941011, -80.1988188 25.7954283, -80.1988448 25.7954278, -80.1988131 25.7941006, -80.1987871 25.7941011))",Northwest 2nd Avenue,right,147.8,19,
Northwest 4th Avenue Circle (left),25.7936249,-80.2014321,"POLYGON((-80.2014149 25.7934742, -80.2014234 25.7937760, -80.2014493 25.7937755, -80.2014408 25.7934737, -80.2014149 25.7934742))",Northwest 4th Avenue Circle,left,33.6,2,
Northwest 4th Avenue Circle (right),25.7936269,-80.2013404,"POLYGON((-80.2013232 25.7934763, -80.2013317 25.7937781, -80.2013576 25.7937776, -80.2013491 25.7934758, -80.2013232 25.7934763))",Northwest 4th Avenue Circle,right,33.6,2,
Northwest 12th Street (left),25.7858208,-80.2006162,"POLYGON((-80.1998291 25.7858542, -80.2014041 25.7858108, -80.2014033 25.7857874, -80.1998283 25.7858308, -80.1998291 25.7858542))",Northwest 12th Street,left,157.9,21,
Northwest 12th Street (right),25.7859034,-80.2006190,"POLYGON((-80.1998319 25.7859368, -80.2014069 25.7858934, -80.2014061 25.7858700, -80.1998311 25.7859134, -80.1998319 25.7859368))",Northwest 12th Street,right,157.9,21,
Northwest 4th Street (left),25.7776622,-80.2035447,"POLYGON((-80.2034605 25.7777147, -80.2036407 25.7776305, -80.2036288 25.7776098, -80.2034486 25.7776939, -80.2034605 25.7777147))",Northwest 4th Street,left,20.3,0,
Northwest 4th Street (right),25.7777356,-80.2035869,"POLYGON((-80.2035028 25.7777880, -80.2036830 25.7777039, -80.2036711 25.7776831, -80.2034909 25.7777673, -80.2035028 25.7777880))",Northwest 4th Street,right,20.3,0,
Northeast 13th Street (left),25.7869434,-80.1904630,"POLYGON((-80.1902549 25.7869582, -80.1906716 25.7869521, -80.1906711 25.7869287, -80.1902544 25.7869348, -80.1902549 25.7869582))",Northeast 13th Street,left,41.8,3,
Northeast 13th Street (right),25.7870261,-80.1904645,"POLYGON((-80.1902564 25.7870408, -80.1906731 25.7870347, -80.1906726 25.7870113, -80.1902559 25.7870174, -80.1902564 25.7870408))",Northeast 13th Street,right,41.8,3,
Northeast 13th Street (left),25.7869328,-80.1910510,"POLYGON((-80.1906714 25.7869521, -80.1914313 25.7869370, -80.1914307 25.7869136, -80.1906708 25.7869287, -80.1906714 25.7869521))",Northeast 13th Street,left,76.2,9,
Northeast 13th Street (right),25.7870155,-80.1910531,"POLYGON((-80.1906734 25.7870347, -80.1914333 25.7870196, -80.1914327 25.7869962, -80.1906728 25.7870113, -80.1906734 25.7870347))",Northeast 13th Street,right,76.2,9,
Northwest 10th Street (left),25.7837867,-80.1949478,"POLYGON((-80.1959265 25.7837512, -80.1939685 25.7837987, -80.1939692 25.7838221, -80.1959272 25.7837746, -80.1959265 25.7837512))",Northwest 10th Street,left,196.3,27,
Northwest 10th Street (right),25.7837040,-80.1949454,"POLYGON((-80.1959240 25.7836686, -80.1939660 25.7837161, -80.1939667 25.7837395, -80.1959247 25.7836920, -80.1959240 25.7836686))",Northwest 10th Street,right,196.3,27,
Southwest 3rd Street (left),25.7714473,-80.1959353,"POLYGON((-80.1956642 25.7714656, -80.1962071 25.7714525, -80.1962064 25.7714291, -80.1956635 25.7714422, -80.1956642 25.7714656))",Southwest 3rd Street,left,54.4,5,
Southwest 3rd Street (right),25.7715300,-80.1959378,"POLYGON((-80.1956667 25.7715482, -80.1962096 25.7715351, -80.1962089 25.7715117, -80.1956660 25.7715248, -80.1956667 25.7715482))",Southwest 3rd Street,right,54.4,5,
Southwest 3rd Street (left),25.7714176,-80.1969110,"POLYGON((-80.1962068 25.7714525, -80.1976162 25.7714060, -80.1976153 25.7713826, -80.1962058 25.7714291, -80.1962068 25.7714525))",Southwest 3rd Street,left,141.4,18,
Southwest 3rd Street (right),25.7715001,-80.1969144,"POLYGON((-80.1962101 25.7715351, -80.1976196 25.7714886, -80.1976186 25.7714652, -80.1962092 25.7715117, -80.1962101 25.7715351))",Southwest 3rd Street,right,141.4,18,
Northeast 17th Terrace (left),25.7924519,-80.1944297,"POLYGON((-80.1941229 25.7924658, -80.1947366 25.7924614, -80.1947364 25.7924380, -80.1941227 25.7924424, -80.1941229 25.7924658))",Northeast 17th Terrace,left,61.5,6,
Northeast 17th Terrace (right),25.7925345,-80.1944304,"POLYGON((-80.1941237 25.7925484, -80.1947374 25.7925440, -80.1947372 25.7925206, -80.1941235 25.7925250, -80.1941237 25.7925484))",Northeast 17th Terrace,right,61.5,6,
Northwest 2nd Street (left),25.7759840,-80.1955117,"POLYGON((-80.1952685 25.7760047, -80.1957559 25.7759867, -80.1957548 25.7759633, -80.1952675 25.7759813, -80.1952685 25.7760047))",Northwest 2nd Street,left,48.9,5,
Northwest 2nd Street (right),25.7760666,-80.1955154,"POLYGON((-80.1952723 25.7760873, -80.1957596 25.7760693, -80.1957586 25.7760459, -80.1952712 25.7760639, -80.1952723 25.7760873))",Northwest 2nd Street,right,48.9,5,
Southwest 5th Avenue (left),25.7637252,-80.2023852,"POLYGON((-80.2023537 25.7632307, -80.2023907 25.7642205, -80.2024166 25.7642197, -80.2023796 25.7632299, -80.2023537 25.7632307))",Southwest 5th Avenue,left,110.2,14,
Southwest 5th Avenue (right),25.7637280,-80.2022934,"POLYGON((-80.2022620 25.7632335, -80.2022990 25.7642233, -80.2023249 25.7642225, -80.2022879 25.7632327, -80.2022620 25.7632335))",Southwest 5th Avenue,right,110.2,14,
Southwest 5th Avenue (left),25.7647017,-80.2024241,"POLYGON((-80.2023907 25.7642204, -80.2024315 25.7651840, -80.2024574 25.7651831, -80.2024166 25.7642195, -80.2023907 25.7642204))",Southwest 5th Avenue,left,107.3,13,
Southwest 5th Avenue (right),25.7647049,-80.2023323,"POLYGON((-80.2022990 25.7642235, -80.2023398 25.7651871, -80.2023657 25.7651862, -80.2023249 25.7642226, -80.2022990 25.7642235))",Southwest 5th Avenue,right,107.3,13,
Southwest 5th Avenue (left),25.7656671,-80.2024627,"POLYGON((-80.2024315 25.7651840, -80.2024679 25.7661509, -80.2024938 25.7661502, -80.2024574 25.7651833, -80.2024315 25.7651840))",Southwest 5th Avenue,left,107.7,13,
Southwest 5th Avenue (right),25.7656699,-80.2023709,"POLYGON((-80.2023398 25.7651868, -80.2023762 25.7661537, -80.2024021 25.7661530, -80.2023657 25.7651861, -80.2023398 25.7651868))",Southwest 5th Avenue,right,107.7,13,
Southwest 8th Avenue (left),25.7657645,-80.2073711,"POLYGON((-80.2073965 25.7660029, -80.2073716 25.7655250, -80.2073457 25.7655261, -80.2073706 25.7660040, -80.2073965 25.7660029))",Southwest 8th Avenue,left,53.3,5,
Southwest 8th Avenue (right),25.7657606,-80.2074628,"POLYGON((-80.2074882 25.7659990, -80.2074633 25.7655211, -80.2074374 25.7655222, -80.2074623 25.7660001, -80.2074882 25.7659990))",Southwest 8th Avenue,right,53.3,5,
Southwest 8th Avenue (left),25.7632765,-80.2072716,"POLYGON((-80.2072932 25.7634671, -80.2072759 25.7630850, -80.2072500 25.7630860, -80.2072673 25.7634681, -80.2072932 25.7634671))",Southwest 8th Avenue,left,42.6,4,
Southwest 8th Avenue (right),25.7632732,-80.2073633,"POLYGON((-80.2073849 25.7634637, -80.2073676 25.7630816, -80.2073417 25.7630826, -80.2073590 25.7634647, -80.2073849 25.7634637))",Southwest 8th Avenue,right,42.6,4,
Southwest 8th Avenue (left),25.7636025,-80.2072861,"POLYGON((-80.2073049 25.7637370, -80.2072932 25.7634671, -80.2072673 25.7634680, -80.2072790 25.7637379, -80.2073049 25.7637370))",Southwest 8th Avenue,left,30.1,2,
Southwest 8th Avenue (right),25.7635992,-80.2073778,"POLYGON((-80.2073966 25.7637337, -80.2073849 25.7634638, -80.2073590 25.7634647, -80.2073707 25.7637346, -80.2073966 25.7637337))",Southwest 8th Avenue,right,30.1,2,
Southwest 11th Street (left),25.7630785,-80.2061318,"POLYGON((-80.2056639 25.7631013, -80.2066004 25.7630792, -80.2065998 25.7630558, -80.2056633 25.7630779, -80.2056639 25.7631013))",Southwest 11th Street,left,93.9,11,
Southwest 11th Street (right),25.7631612,-80.2061343,"POLYGON((-80.2056663 25.7631839, -80.2066028 25.7631618, -80.2066022 25.7631384, -80.2056657 25.7631605, -80.2056663 25.7631839))",Southwest 11th Street,right,93.9,11,
Southwest 11th Street (left),25.7630550,-80.2069533,"POLYGON((-80.2066000 25.7630792, -80.2073075 25.7630542, -80.2073065 25.7630308, -80.2065990 25.7630558, -80.2066000 25.7630792))",Southwest 11th Street,left,71.0,8,
Southwest 11th Street (right),25.7631376,-80.2069568,"POLYGON((-80.2066036 25.7631618, -80.2073111 25.7631368, -80.2073101 25.7631134, -80.2066026 25.7631384, -80.2066036 25.7631618))",Southwest 11th Street,right,71.0,8,
Southwest 7th Avenue (left),25.7628909,-80.2057892,"POLYGON((-80.2056242 25.7631320, -80.2059756 25.7626627, -80.2059541 25.7626497, -80.2056027 25.7631190, -80.2056242 25.7631320))",Southwest 7th Avenue,left,63.0,7,
Southwest 7th Avenue (right),25.7629370,-80.2058652,"POLYGON((-80.2057003 25.7631782, -80.2060517 25.7627089, -80.2060302 25.7626959, -80.2056788 25.7631652, -80.2057003 25.7631782))",Southwest 7th Avenue,right,63.0,7,
Southwest 11th Street (left),25.7630957,-80.2054864,"POLYGON((-80.2053101 25.7631134, -80.2056635 25.7631013, -80.2056626 25.7630779, -80.2053092 25.7630900, -80.2053101 25.7631134))",Southwest 11th Street,left,35.5,3,
Southwest 11th Street (right),25.7631782,-80.2054898,"POLYGON((-80.2053136 25.7631960, -80.2056670 25.7631839, -80.2056661 25.7631605, -80.2053127 25.7631726, -80.2053136 25.7631960))",Southwest 11th Street,right,35.5,3,
Southwest 11th Street (left),25.7630496,-80.2075887,"POLYGON((-80.2073095 25.7630542, -80.2078672 25.7630684, -80.2078679 25.7630450, -80.2073102 25.7630308, -80.2073095 25.7630542))",Southwest 11th Street,left,55.9,6,
Southwest 11th Street (right),25.7631322,-80.2075861,"POLYGON((-80.2073069 25.7631368, -80.2078646 25.7631510, -80.2078653 25.7631276, -80.2073076 25.7631134, -80.2073069 25.7631368))",Southwest 11th Street,right,55.9,6,
Southwest 11th Street (left),25.7630519,-80.2080481,"POLYGON((-80.2078651 25.7630684, -80.2082319 25.7630589, -80.2082311 25.7630355, -80.2078643 25.7630450, -80.2078651 25.7630684))",Southwest 11th Street,left,36.8,3,
Southwest 11th Street (right),25.7631346,-80.2080507,"POLYGON((-80.2078677 25.7631510, -80.2082345 25.7631415, -80.2082337 25.7631181, -80.2078669 25.7631276, -80.2078677 25.7631510))",Southwest 11th Street,right,36.8,3,
Southwest 11th Street (left),25.7630385,-80.2084851,"POLYGON((-80.2082315 25.7630589, -80.2087396 25.7630414, -80.2087387 25.7630180, -80.2082305 25.7630355, -80.2082315 25.7630589))",Southwest 11th Street,left,51.0,5,
Southwest 11th Street (right),25.7631210,-80.2084886,"POLYGON((-80.2082350 25.7631415, -80.2087432 25.7631240, -80.2087422 25.7631006, -80.2082341 25.7631181, -80.2082350 25.7631415))",Southwest 11th Street,right,51.0,5,
Southwest 9th Avenue (left),25.7627858,-80.2084994,"POLYGON((-80.2081938 25.7630819, -80.2088234 25.7625060, -80.2088049 25.7624896, -80.2081753 25.7630656, -80.2081938 25.7630819))",Southwest 9th Avenue,left,90.0,11,
Southwest 9th Avenue (right),25.7628437,-80.2085647,"POLYGON((-80.2082592 25.7631399, -80.2088888 25.7625639, -80.2088703 25.7625476, -80.2082407 25.7631235, -80.2082592 25.7631399))",Southwest 9th Avenue,right,90.0,11,
Southwest 22nd Road (left),25.7627835,-80.2090228,"POLYGON((-80.2088554 25.7625184, -80.2091672 25.7630594, -80.2091902 25.7630486, -80.2088784 25.7625076, -80.2088554 25.7625184))",Southwest 22nd Road,left,67.9,7,
Southwest 22nd Road (right),25.7628216,-80.2089413,"POLYGON((-80.2087739 25.7625565, -80.2090857 25.7630975, -80.2091087 25.7630867, -80.2087969 25.7625457, -80.2087739 25.7625565))",Southwest 22nd Road,right,67.9,7,
Southwest 21st Road (left),25.7625098,-80.2074963,"POLYGON((-80.2070693 25.7619394, -80.2079015 25.7630928, -80.2079233 25.7630801, -80.2070910 25.7619267, -80.2070693 25.7619394))",Southwest 21st Road,left,153.1,20,
Southwest 21st Road (right),25.7625548,-80.2074193,"POLYGON((-80.2069923 25.7619845, -80.2078246 25.7631379, -80.2078463 25.7631252, -80.2070141 25.7619718, -80.2069923 25.7619845))",Southwest 21st Road,right,153.1,20,
Southwest 7th Avenue (left),25.7621406,-80.2067222,"POLYGON((-80.2064307 25.7623567, -80.2070296 25.7619431, -80.2070138 25.7619245, -80.2064149 25.7623381, -80.2064307 25.7623567))",Southwest 7th Avenue,left,75.7,9,
Southwest 7th Avenue (right),25.7622062,-80.2067781,"POLYGON((-80.2064865 25.7624223, -80.2070854 25.7620087, -80.2070696 25.7619901, -80.2064707 25.7624037, -80.2064865 25.7624223))",Southwest 7th Avenue,right,75.7,9,
Southwest 8th Court (left),25.7640055,-80.2080296,"POLYGON((-80.2080442 25.7641215, -80.2080409 25.7638893, -80.2080150 25.7638896, -80.2080183 25.7641218, -80.2080442 25.7641215))",Southwest 8th Court,left,25.9,1,
Southwest 8th Court (right),25.7640045,-80.2081213,"POLYGON((-80.2081359 25.7641204, -80.2081326 25.7638882, -80.2081067 25.7638885, -80.2081100 25.7641207, -80.2081359 25.7641204))",Southwest 8th Court,right,25.9,1,
Southwest 8th Court (left),25.7642605,-80.2080340,"POLYGON((-80.2080497 25.7643989, -80.2080442 25.7641216, -80.2080183 25.7641220, -80.2080238 25.7643993, -80.2080497 25.7643989))",Southwest 8th Court,left,30.9,2,
Southwest 8th Court (right),25.7642590,-80.2081257,"POLYGON((-80.2081414 25.7643975, -80.2081359 25.7641202, -80.2081100 25.7641206, -80.2081155 25.7643979, -80.2081414 25.7643975))",Southwest 8th Court,right,30.9,2,
Northeast 18th Street (left),25.7935487,-80.1903346,"POLYGON((-80.1907622 25.7935259, -80.1899062 25.7935480, -80.1899070 25.7935714, -80.1907630 25.7935493, -80.1907622 25.7935259))",Northeast 18th Street,left,85.8,10,
Northeast 18th Street (right),25.7934660,-80.1903320,"POLYGON((-80.1907596 25.7934433, -80.1899036 25.7934654, -80.1899044 25.7934888, -80.1907604 25.7934667, -80.1907596 25.7934433))",Northeast 18th Street,right,85.8,10,
Northeast 18th Street (left),25.7935715,-80.1894509,"POLYGON((-80.1899062 25.7935480, -80.1889947 25.7935716, -80.1889955 25.7935950, -80.1899070 25.7935714, -80.1899062 25.7935480))",Northeast 18th Street,left,91.4,11,
Northeast 18th Street (right),25.7934889,-80.1894482,"POLYGON((-80.1899036 25.7934654, -80.1889921 25.7934890, -80.1889929 25.7935124, -80.1899044 25.7934888, -80.1899036 25.7934654))",Northeast 18th Street,right,91.4,11,
Northeast 18th Street (left),25.7935838,-80.1894500,"POLYGON((-80.1889939 25.7936071, -80.1899068 25.7935839, -80.1899060 25.7935605, -80.1889931 25.7935837, -80.1889939 25.7936071))",Northeast 18th Street,left,91.5,11,
Northeast 18th Street (right),25.7936664,-80.1894525,"POLYGON((-80.1889965 25.7936897, -80.1899094 25.7936665, -80.1899086 25.7936431, -80.1889957 25.7936663, -80.1889965 25.7936897))",Northeast 18th Street,right,91.5,11,
Northeast 18th Street (left),25.7935613,-80.1903340,"POLYGON((-80.1899068 25.7935839, -80.1907619 25.7935621, -80.1907611 25.7935387, -80.1899060 25.7935605, -80.1899068 25.7935839))",Northeast 18th Street,left,85.7,10,
Northeast 18th Street (right),25.7936439,-80.1903365,"POLYGON((-80.1899094 25.7936665, -80.1907645 25.7936447, -80.1907637 25.7936213, -80.1899086 25.7936431, -80.1899094 25.7936665))",Northeast 18th Street,right,85.7,10,
Northwest 6th Avenue (left),25.7849004,-80.2047220,"POLYGON((-80.2046959 25.7850049, -80.2047726 25.7848035, -80.2047480 25.7847959, -80.2046714 25.7849973, -80.2046959 25.7850049))",Northwest 6th Avenue,left,23.7,1,
Northwest 6th Avenue (right),25.7849272,-80.2048088,"POLYGON((-80.2047828 25.7850317, -80.2048594 25.7848303, -80.2048349 25.7848227, -80.2047582 25.7850241, -80.2047828 25.7850317))",Northwest 6th Avenue,right,23.7,1,
Southwest 4th Street (left),25.7699155,-80.2040608,"POLYGON((-80.2038808 25.7699324, -80.2042416 25.7699220, -80.2042408 25.7698986, -80.2038800 25.7699090, -80.2038808 25.7699324))",Southwest 4th Street,left,36.2,3,
Southwest 4th Street (right),25.7699981,-80.2040638,"POLYGON((-80.2038838 25.7700150, -80.2042446 25.7700046, -80.2042438 25.7699812, -80.2038830 25.7699916, -80.2038838 25.7700150))",Southwest 4th Street,right,36.2,3,
Southwest 4th Street (left),25.7698522,-80.2061650,"POLYGON((-80.2059143 25.7698718, -80.2064168 25.7698560, -80.2064158 25.7698326, -80.2059133 25.7698484, -80.2059143 25.7698718))",Southwest 4th Street,left,50.4,5,
Southwest 4th Street (right),25.7699348,-80.2061683,"POLYGON((-80.2059175 25.7699544, -80.2064200 25.7699386, -80.2064190 25.7699152, -80.2059165 25.7699310, -80.2059175 25.7699544))",Southwest 4th Street,right,50.4,5,
Southwest 7th Avenue (left),25.7697684,-80.2059556,"POLYGON((-80.2059369 25.7696375, -80.2059483 25.7699002, -80.2059742 25.7698993, -80.2059628 25.7696366, -80.2059369 25.7696375))",Southwest 7th Avenue,left,29.3,2,
Southwest 7th Avenue (right),25.7697717,-80.2058638,"POLYGON((-80.2058452 25.7696408, -80.2058566 25.7699035, -80.2058825 25.7699026, -80.2058711 25.7696399, -80.2058452 25.7696408))",Southwest 7th Avenue,right,29.3,2,
Southwest 7th Avenue (left),25.7710606,-80.2060000,"POLYGON((-80.2059804 25.7708624, -80.2059936 25.7712594, -80.2060195 25.7712587, -80.2060063 25.7708617, -80.2059804 25.7708624))",Southwest 7th Avenue,left,44.2,4,
Southwest 7th Avenue (right),25.7710630,-80.2059082,"POLYGON((-80.2058887 25.7708649, -80.2059019 25.7712619, -80.2059278 25.7712612, -80.2059146 25.7708642, -80.2058887 25.7708649))",Southwest 7th Avenue,right,44.2,4,
Southwest 6th Avenue (left),25.7710844,-80.2042400,"POLYGON((-80.2042587 25.7712560, -80.2042473 25.7709122, -80.2042214 25.7709129, -80.2042328 25.7712567, -80.2042587 25.7712560))",Southwest 6th Avenue,left,38.3,3,
Southwest 6th Avenue (right),25.7710820,-80.2043318,"POLYGON((-80.2043504 25.7712535, -80.2043390 25.7709097, -80.2043131 25.7709104, -80.2043245 25.7712542, -80.2043504 25.7712535))",Southwest 6th Avenue,right,38.3,3,
Southwest 6th Avenue (left),25.7704329,-80.2042156,"POLYGON((-80.2042473 25.7709123, -80.2042098 25.7699526, -80.2041839 25.7699535, -80.2042214 25.7709132, -80.2042473 25.7709123))",Southwest 6th Avenue,left,106.9,13,
Southwest 6th Avenue (right),25.7704300,-80.2043073,"POLYGON((-80.2043390 25.7709094, -80.2043015 25.7699497, -80.2042756 25.7699506, -80.2043131 25.7709103, -80.2043390 25.7709094))",Southwest 6th Avenue,right,106.9,13,
Southwest 6th Avenue (left),25.7697749,-80.2041900,"POLYGON((-80.2042098 25.7699526, -80.2041962 25.7695963, -80.2041703 25.7695971, -80.2041839 25.7699534, -80.2042098 25.7699526))",Southwest 6th Avenue,left,39.7,3,
Southwest 6th Avenue (right),25.7697720,-80.2042818,"POLYGON((-80.2043015 25.7699498, -80.2042879 25.7695935, -80.2042620 25.7695943, -80.2042756 25.7699506, -80.2043015 25.7699498))",Southwest 6th Avenue,right,39.7,3,
Southwest 3rd Street (left),25.7708780,-80.2040153,"POLYGON((-80.2037523 25.7708977, -80.2042791 25.7708817, -80.2042782 25.7708583, -80.2037514 25.7708743, -80.2037523 25.7708977))",Southwest 3rd Street,left,52.8,5,
Southwest 3rd Street (right),25.7709606,-80.2040183,"POLYGON((-80.2037554 25.7709803, -80.2042822 25.7709643, -80.2042813 25.7709409, -80.2037545 25.7709569, -80.2037554 25.7709803))",Southwest 3rd Street,right,52.8,5,
Southwest 3rd Street (left),25.7708460,-80.2051124,"POLYGON((-80.2042791 25.7708817, -80.2059465 25.7708337, -80.2059456 25.7708103, -80.2042783 25.7708583, -80.2042791 25.7708817))",Southwest 3rd Street,left,167.2,22,
Southwest 3rd Street (right),25.7709286,-80.2051153,"POLYGON((-80.2042821 25.7709643, -80.2059494 25.7709163, -80.2059486 25.7708929, -80.2042812 25.7709409, -80.2042821 25.7709643))",Southwest 3rd Street,right,167.2,22,
Southwest 3rd Street (left),25.7708112,-80.2062911,"POLYGON((-80.2059464 25.7708337, -80.2066368 25.7708121, -80.2066359 25.7707887, -80.2059455 25.7708103, -80.2059464 25.7708337))",Southwest 3rd Street,left,69.3,8,
Southwest 3rd Street (right),25.7708938,-80.2062943,"POLYGON((-80.2059495 25.7709163, -80.2066399 25.7708947, -80.2066390 25.7708713, -80.2059486 25.7708929, -80.2059495 25.7709163))",Southwest 3rd Street,right,69.3,8,
Southwest 1st Street (left),25.7732815,-80.1963638,"POLYGON((-80.1964741 25.7732668, -80.1962528 25.7732728, -80.1962536 25.7732962, -80.1964749 25.7732902, -80.1964741 25.7732668))",Southwest 1st Street,left,22.2,1,
Southwest 1st Street (right),25.7731989,-80.1963611,"POLYGON((-80.1964713 25.7731842, -80.1962500 25.7731902, -80.1962508 25.7732136, -80.1964721 25.7732076, -80.1964713 25.7731842))",Southwest 1st Street,right,22.2,1,
Southwest 1st Street (left),25.7732882,-80.1961074,"POLYGON((-80.1962527 25.7732728, -80.1959614 25.7732802, -80.1959622 25.7733036, -80.1962535 25.7732962, -80.1962527 25.7732728))",Southwest 1st Street,left,29.2,2,
Southwest 1st Street (right),25.7732056,-80.1961049,"POLYGON((-80.1962501 25.7731902, -80.1959588 25.7731976, -80.1959596 25.7732210, -80.1962509 25.7732136, -80.1962501 25.7731902))",Southwest 1st Street,right,29.2,2,
Northwest 2nd Street (left),25.7760107,-80.1950369,"POLYGON((-80.1948933 25.7760243, -80.1951809 25.7760205, -80.1951805 25.7759971, -80.1948929 25.7760009, -80.1948933 25.7760243))",Northwest 2nd Street,left,28.8,2,
Northwest 2nd Street (right),25.7760933,-80.1950383,"POLYGON((-80.1948947 25.7761069, -80.1951823 25.7761031, -80.1951819 25.7760797, -80.1948943 25.7760835, -80.1948947 25.7761069))",Northwest 2nd Street,right,28.8,2,
Northwest 1st Avenue (left),25.7759281,-80.1952213,"POLYGON((-80.1952370 25.7760350, -80.1952315 25.7758206, -80.1952056 25.7758211, -80.1952111 25.7760355, -80.1952370 25.7760350))",Northwest 1st Avenue,left,23.9,1,
Northwest 1st Avenue (right),25.7759261,-80.1953130,"POLYGON((-80.1953287 25.7760331, -80.1953232 25.7758187, -80.1952973 25.7758192, -80.1953028 25.7760336, -80.1953287 25.7760331))",Northwest 1st Avenue,right,23.9,1,
Northwest 7th Court (left),25.7880178,-80.2078766,"POLYGON((-80.2078551 25.7878262, -80.2078722 25.7882104, -80.2078981 25.7882095, -80.2078810 25.7878253, -80.2078551 25.7878262))",Northwest 7th Court,left,42.8,4,
Northwest 7th Court (right),25.7880212,-80.2077849,"POLYGON((-80.2077634 25.7878295, -80.2077805 25.7882137, -80.2078064 25.7882128, -80.2077893 25.7878286, -80.2077634 25.7878295))",Northwest 7th Court,right,42.8,4,
Northwest 11th Terrace (left),25.7849550,-80.1982757,"POLYGON((-80.1979761 25.7849757, -80.1985761 25.7849577, -80.1985752 25.7849343, -80.1979752 25.7849523, -80.1979761 25.7849757))",Northwest 11th Terrace,left,60.2,6,
Northwest 11th Terrace (right),25.7850376,-80.1982787,"POLYGON((-80.1979792 25.7850583, -80.1985792 25.7850403, -80.1985783 25.7850169, -80.1979783 25.7850349, -80.1979792 25.7850583))",Northwest 11th Terrace,right,60.2,6,
Northwest 11th Terrace (left),25.7849325,-80.1991809,"POLYGON((-80.1985762 25.7849577, -80.1997862 25.7849308, -80.1997855 25.7849074, -80.1985756 25.7849343, -80.1985762 25.7849577))",Northwest 11th Terrace,left,121.3,15,
Northwest 11th Terrace (right),25.7850152,-80.1991831,"POLYGON((-80.1985785 25.7850403, -80.1997884 25.7850134, -80.1997878 25.7849900, -80.1985778 25.7850169, -80.1985785 25.7850403))",Northwest 11th Terrace,right,121.3,15,
way/1385131764 (left),25.7800461,-80.1855303,"POLYGON((-80.1857141 25.7800292, -80.1853456 25.7800395, -80.1853464 25.7800629, -80.1857149 25.7800526, -80.1857141 25.7800292))",way/1385131764,left,37.0,3,
way/1385131764 (right),25.7799634,-80.1855274,"POLYGON((-80.1857113 25.7799466, -80.1853428 25.7799569, -80.1853436 25.7799803, -80.1857121 25.7799700, -80.1857113 25.7799466))",way/1385131764,right,37.0,3,
way/1385131765 (left),25.7799377,-80.1859918,"POLYGON((-80.1857062 25.7799704, -80.1862795 25.7799282, -80.1862774 25.7799050, -80.1857041 25.7799471, -80.1857062 25.7799704))",way/1385131765,left,57.7,6,
way/1385131765 (right),25.7800200,-80.1859993,"POLYGON((-80.1857137 25.7800527, -80.1862870 25.7800106, -80.1862849 25.7799873, -80.1857116 25.7800295, -80.1857137 25.7800527))",way/1385131765,right,57.7,6,
Southwest 5th Avenue (left),25.7630943,-80.2027755,"POLYGON((-80.2027402 25.7629789, -80.2027853 25.7632137, -80.2028108 25.7632097, -80.2027658 25.7629749, -80.2027402 25.7629789))",Southwest 5th Avenue,left,26.5,1,
Southwest 5th Avenue (right),25.7631084,-80.2026851,"POLYGON((-80.2026498 25.7629930, -80.2026948 25.7632278, -80.2027204 25.7632238, -80.2026753 25.7629890, -80.2026498 25.7629930))",Southwest 5th Avenue,right,26.5,1,
Southwest 5th Avenue (left),25.7631422,-80.2025409,"POLYGON((-80.2027270 25.7630094, -80.2023398 25.7632559, -80.2023548 25.7632750, -80.2027420 25.7630285, -80.2027270 25.7630094))",Southwest 5th Avenue,left,47.5,4,
Southwest 5th Avenue (right),25.7630747,-80.2024879,"POLYGON((-80.2026740 25.7629419, -80.2022868 25.7631884, -80.2023018 25.7632075, -80.2026890 25.7629610, -80.2026740 25.7629419))",Southwest 5th Avenue,right,47.5,4,
Northeast 4th Avenue (left),25.7940570,-80.1882472,"POLYGON((-80.1882266 25.7937136, -80.1882418 25.7944009, -80.1882678 25.7944004, -80.1882526 25.7937131, -80.1882266 25.7937136))",Northeast 4th Avenue,left,76.5,9,
Northeast 4th Avenue (right),25.7940587,-80.1881554,"POLYGON((-80.1881348 25.7937153, -80.1881500 25.7944026, -80.1881760 25.7944021, -80.1881608 25.7937148, -80.1881348 25.7937153))",Northeast 4th Avenue,right,76.5,9,
Northeast 4th Avenue (left),25.7946623,-80.1882606,"POLYGON((-80.1882433 25.7944655, -80.1882520 25.7948595, -80.1882780 25.7948590, -80.1882693 25.7944650, -80.1882433 25.7944655))",Northeast 4th Avenue,left,43.9,4,
Northeast 4th Avenue (right),25.7946639,-80.1881689,"POLYGON((-80.1881515 25.7944672, -80.1881602 25.7948612, -80.1881862 25.7948607, -80.1881775 25.7944667, -80.1881515 25.7944672))",Northeast 4th Avenue,right,43.9,4,
Northeast 4th Avenue (left),25.7925337,-80.1882161,"POLYGON((-80.1882002 25.7923570, -80.1882060 25.7927109, -80.1882320 25.7927105, -80.1882262 25.7923566, -80.1882002 25.7923570))",Northeast 4th Avenue,left,39.4,3,
Northeast 4th Avenue (right),25.7925350,-80.1881243,"POLYGON((-80.1881084 25.7923582, -80.1881142 25.7927121, -80.1881402 25.7927117, -80.1881344 25.7923578, -80.1881084 25.7923582))",Northeast 4th Avenue,right,39.4,3,
Northeast 4th Avenue (left),25.7940432,-80.1880646,"POLYGON((-80.1878640 25.7937019, -80.1882419 25.7943948, -80.1882652 25.7943845, -80.1878873 25.7936916, -80.1878640 25.7937019))",Northeast 4th Avenue,left,85.9,10,
Northeast 4th Avenue (right),25.7940796,-80.1879822,"POLYGON((-80.1877816 25.7937383, -80.1881595 25.7944312, -80.1881828 25.7944209, -80.1878049 25.7937280, -80.1877816 25.7937383))",Northeast 4th Avenue,right,85.9,10,
Northwest 4th Avenue (left),25.7821358,-80.2014120,"POLYGON((-80.2013668 25.7816923, -80.2014313 25.7825808, -80.2014572 25.7825793, -80.2013927 25.7816908, -80.2013668 25.7816923))",Northwest 4th Avenue,left,99.1,12,
Northwest 4th Avenue (right),25.7821412,-80.2013204,"POLYGON((-80.2012752 25.7816977, -80.2013397 25.7825862, -80.2013656 25.7825847, -80.2013011 25.7816962, -80.2012752 25.7816977))",Northwest 4th Avenue,right,99.1,12,
Northwest 11th Terrace (left),25.7848713,-80.2038203,"POLYGON((-80.2030631 25.7848602, -80.2045766 25.7849057, -80.2045775 25.7848823, -80.2030639 25.7848368, -80.2030631 25.7848602))",Northwest 11th Terrace,left,151.8,20,
Northwest 11th Terrace (right),25.7849538,-80.2038172,"POLYGON((-80.2030600 25.7849428, -80.2045736 25.7849883, -80.2045744 25.7849649, -80.2030609 25.7849194, -80.2030600 25.7849428))",Northwest 11th Terrace,right,151.8,20,
Northwest 12th Street (left),25.7859200,-80.2015060,"POLYGON((-80.2014024 25.7857746, -80.2015868 25.7860767, -80.2016096 25.7860654, -80.2014251 25.7857633, -80.2014024 25.7857746))",Northwest 12th Street,left,38.4,3,
Northwest 12th Street (right),25.7859598,-80.2014255,"POLYGON((-80.2013219 25.7858144, -80.2015064 25.7861165, -80.2015291 25.7861052, -80.2013447 25.7858031, -80.2013219 25.7858144))",Northwest 12th Street,right,38.4,3,
Northwest 2nd Avenue (left),25.7854521,-80.1986415,"POLYGON((-80.1986101 25.7849862, -80.1986470 25.7859187, -80.1986729 25.7859179, -80.1986360 25.7849854, -80.1986101 25.7849862))",Northwest 2nd Avenue,left,103.9,13,
Northwest 2nd Avenue (right),25.7854550,-80.1985498,"POLYGON((-80.1985184 25.7849892, -80.1985553 25.7859217, -80.1985812 25.7859209, -80.1985443 25.7849884, -80.1985184 25.7849892))",Northwest 2nd Avenue,right,103.9,13,
Northwest 2nd Avenue (left),25.7862189,-80.1986707,"POLYGON((-80.1986470 25.7859188, -80.1986685 25.7865197, -80.1986944 25.7865190, -80.1986729 25.7859181, -80.1986470 25.7859188))",Northwest 2nd Avenue,left,66.9,7,
Northwest 2nd Avenue (right),25.7862216,-80.1985790,"POLYGON((-80.1985553 25.7859215, -80.1985768 25.7865224, -80.1986027 25.7865217, -80.1985812 25.7859208, -80.1985553 25.7859215))",Northwest 2nd Avenue,right,66.9,7,
Northwest 2nd Avenue (left),25.7866873,-80.1986882,"POLYGON((-80.1986685 25.7865196, -80.1986819 25.7868557, -80.1987078 25.7868549, -80.1986944 25.7865188, -80.1986685 25.7865196))",Northwest 2nd Avenue,left,37.4,3,
Northwest 2nd Avenue (right),25.7866902,-80.1985964,"POLYGON((-80.1985768 25.7865226, -80.1985902 25.7868587, -80.1986161 25.7868579, -80.1986027 25.7865218, -80.1985768 25.7865226))",Northwest 2nd Avenue,right,37.4,3,
Northwest 2nd Avenue (left),25.7922446,-80.1988533,"POLYGON((-80.1988366 25.7916860, -80.1988440 25.7928032, -80.1988700 25.7928031, -80.1988626 25.7916859, -80.1988366 25.7916860))",Northwest 2nd Avenue,left,124.4,16,
Northwest 2nd Avenue (right),25.7922450,-80.1987615,"POLYGON((-80.1987448 25.7916865, -80.1987522 25.7928037, -80.1987782 25.7928036, -80.1987708 25.7916864, -80.1987448 25.7916865))",Northwest 2nd Avenue,right,124.4,16,
Northwest 2nd Avenue (left),25.7934507,-80.1988744,"POLYGON((-80.1988440 25.7928027, -80.1988789 25.7940993, -80.1989048 25.7940987, -80.1988699 25.7928021, -80.1988440 25.7928027))",Northwest 2nd Avenue,left,144.4,19,
Northwest 2nd Avenue (right),25.7934527,-80.1987827,"POLYGON((-80.1987523 25.7928047, -80.1987872 25.7941013, -80.1988131 25.7941007, -80.1987782 25.7928041, -80.1987523 25.7928047))",Northwest 2nd Avenue,right,144.4,19,
Northwest 1st Place (left),25.7888012,-80.1983501,"POLYGON((-80.1983225 25.7884019, -80.1983517 25.7892014, -80.1983776 25.7892006, -80.1983484 25.7884011, -80.1983225 25.7884019))",Northwest 1st Place,left,89.0,11,
Northwest 1st Place (right),25.7888040,-80.1982583,"POLYGON((-80.1982308 25.7884046, -80.1982600 25.7892041, -80.1982859 25.7892033, -80.1982567 25.7884038, -80.1982308 25.7884046))",Northwest 1st Place,right,89.0,11,
Northwest 15th Street (left),25.7892912,-80.1964083,"POLYGON((-80.1962358 25.7893084, -80.1965816 25.7892973, -80.1965807 25.7892739, -80.1962349 25.7892850, -80.1962358 25.7893084))",Northwest 15th Street,left,34.7,2,
Northwest 15th Street (right),25.7893737,-80.1964115,"POLYGON((-80.1962391 25.7893910, -80.1965849 25.7893799, -80.1965840 25.7893565, -80.1962382 25.7893676, -80.1962391 25.7893910))",Northwest 15th Street,right,34.7,2,
Northwest 1st Place (left),25.7902810,-80.1983947,"POLYGON((-80.1983785 25.7901644, -80.1983849 25.7903983, -80.1984108 25.7903977, -80.1984044 25.7901638, -80.1983785 25.7901644))",Northwest 1st Place,left,26.0,1,
Northwest 1st Place (right),25.7902831,-80.1983029,"POLYGON((-80.1982868 25.7901664, -80.1982932 25.7904003, -80.1983191 25.7903997, -80.1983127 25.7901658, -80.1982868 25.7901664))",Northwest 1st Place,right,26.0,1,
Northwest North River Drive (left),25.7777073,-80.2041118,"POLYGON((-80.2036591 25.7776296, -80.2045589 25.7778079, -80.2045645 25.7777850, -80.2036647 25.7776068, -80.2036591 25.7776296))",Northwest North River Drive,left,92.4,11,
Northwest North River Drive (right),25.7777881,-80.2040921,"POLYGON((-80.2036394 25.7777104, -80.2045392 25.7778886, -80.2045448 25.7778658, -80.2036450 25.7776875, -80.2036394 25.7777104))",Northwest North River Drive,right,92.4,11,
Northwest North River Drive (left),25.7779531,-80.2052613,"POLYGON((-80.2045574 25.7778075, -80.2059589 25.7781214, -80.2059651 25.7780987, -80.2045637 25.7777848, -80.2045574 25.7778075))",Northwest North River Drive,left,144.8,19,
Northwest North River Drive (right),25.7780333,-80.2052391,"POLYGON((-80.2045353 25.7778877, -80.2059367 25.7782016, -80.2059430 25.7781789, -80.2045415 25.7778650, -80.2045353 25.7778877))",Northwest North River Drive,right,144.8,19,
Water Avenue (left),25.7701114,-80.1947603,"POLYGON((-80.1948161 25.7698740, -80.1946794 25.7703429, -80.1947045 25.7703489, -80.1948412 25.7698799, -80.1948161 25.7698740))",Water Avenue,left,54.0,5,
Water Avenue (right),25.7700905,-80.1946715,"POLYGON((-80.1947273 25.7698530, -80.1945906 25.7703220, -80.1946157 25.7703279, -80.1947524 25.7698590, -80.1947273 25.7698530))",Water Avenue,right,54.0,5,
Southeast 4th Street (left),25.7714090,-80.1904129,"POLYGON((-80.1905320 25.7714933, -80.1903116 25.7713075, -80.1902939 25.7713246, -80.1905143 25.7715104, -80.1905320 25.7714933))",Southeast 4th Street,left,30.3,2,
Southeast 4th Street (right),25.7713486,-80.1904757,"POLYGON((-80.1905947 25.7714330, -80.1903743 25.7712472, -80.1903566 25.7712643, -80.1905770 25.7714501, -80.1905947 25.7714330))",Southeast 4th Street,right,30.3,2,
Southeast 3rd Avenue (left),25.7715458,-80.1889581,"POLYGON((-80.1889384 25.7713840, -80.1889519 25.7717084, -80.1889778 25.7717075, -80.1889643 25.7713831, -80.1889384 25.7713840))",Southeast 3rd Avenue,left,36.1,3,
Southeast 3rd Avenue (right),25.7715488,-80.1888664,"POLYGON((-80.1888467 25.7713871, -80.1888602 25.7717115, -80.1888861 25.7717106, -80.1888726 25.7713862, -80.1888467 25.7713871))",Southeast 3rd Avenue,right,36.1,3,
Southeast 3rd Avenue (left),25.7712920,-80.1889476,"POLYGON((-80.1889309 25.7712008, -80.1889384 25.7713840, -80.1889643 25.7713831, -80.1889568 25.7711999, -80.1889309 25.7712008))",Southeast 3rd Avenue,left,20.4,0,
Southeast 3rd Avenue (right),25.7712950,-80.1888559,"POLYGON((-80.1888392 25.7712039, -80.1888467 25.7713871, -80.1888726 25.7713862, -80.1888651 25.7712030, -80.1888392 25.7712039))",Southeast 3rd Avenue,right,20.4,0,
way/1425049445 (left),25.7845512,-80.2090625,"POLYGON((-80.2096362 25.7844584, -80.2084847 25.7846210, -80.2084887 25.7846441, -80.2096402 25.7844815, -80.2096362 25.7844584))",way/1425049445,left,116.8,15,
way/1425049445 (right),25.7844696,-80.2090482,"POLYGON((-80.2096220 25.7843767, -80.2084705 25.7845393, -80.2084745 25.7845624, -80.2096260 25.7843998, -80.2096220 25.7843767))",way/1425049445,right,116.8,15,
Northwest South River Drive (left),25.7740676,-80.2021527,"POLYGON((-80.2020475 25.7739946, -80.2022402 25.7741577, -80.2022579 25.7741407, -80.2020653 25.7739776, -80.2020475 25.7739946))",Northwest South River Drive,left,26.5,1,
Northwest South River Drive (right),25.7741279,-80.2020899,"POLYGON((-80.2019847 25.7740548, -80.2021773 25.7742179, -80.2021951 25.7742009, -80.2020024 25.7740378, -80.2019847 25.7740548))",Northwest South River Drive,right,26.5,1,
Northeast 4th Avenue (left),25.7931938,-80.1882287,"POLYGON((-80.1882100 25.7928804, -80.1882215 25.7935076, -80.1882475 25.7935072, -80.1882360 25.7928800, -80.1882100 25.7928804))",Northeast 4th Avenue,left,69.8,8,
Northeast 4th Avenue (right),25.7931952,-80.1881370,"POLYGON((-80.1881182 25.7928818, -80.1881297 25.7935090, -80.1881557 25.7935086, -80.1881442 25.7928814, -80.1881182 25.7928818))",Northeast 4th Avenue,right,69.8,8,
Northwest 2nd Avenue (left),25.7748398,-80.1976957,"POLYGON((-80.1977186 25.7749967, -80.1976987 25.7746816, -80.1976728 25.7746829, -80.1976927 25.7749981, -80.1977186 25.7749967))",Northwest 2nd Avenue,left,35.1,2,
Northwest 2nd Avenue (right),25.7748352,-80.1977874,"POLYGON((-80.1978103 25.7749921, -80.1977904 25.7746769, -80.1977645 25.7746783, -80.1977844 25.7749934, -80.1978103 25.7749921))",Northwest 2nd Avenue,right,35.1,2,
Northwest 3rd Avenue (left),25.7918352,-80.2000114,"POLYGON((-80.2000476 25.7920044, -80.2000010 25.7916632, -80.1999753 25.7916660, -80.2000219 25.7920072, -80.2000476 25.7920044))",Northwest 3rd Avenue,left,38.3,3,
Northwest 3rd Avenue (right),25.7918251,-80.2001026,"POLYGON((-80.2001387 25.7919943, -80.2000921 25.7916531, -80.2000664 25.7916559, -80.2001130 25.7919971, -80.2001387 25.7919943))",Northwest 3rd Avenue,right,38.3,3,
Northwest 8th Street Road (left),25.7834833,-80.2088122,"POLYGON((-80.2090097 25.7836277, -80.2086322 25.7833215, -80.2086148 25.7833389, -80.2089923 25.7836451, -80.2090097 25.7836277))",Northwest 8th Street Road,left,50.9,5,
Northwest 8th Street Road (right),25.7834219,-80.2088737,"POLYGON((-80.2090711 25.7835663, -80.2086936 25.7832601, -80.2086762 25.7832775, -80.2090537 25.7835837, -80.2090711 25.7835663))",Northwest 8th Street Road,right,50.9,5,
Southeast 5th Street (left),25.7683778,-80.1898803,"POLYGON((-80.1896919 25.7683740, -80.1900664 25.7684048, -80.1900688 25.7683816, -80.1896942 25.7683508, -80.1896919 25.7683740))",Southeast 5th Street,left,37.7,3,
Southeast 5th Street (right),25.7684601,-80.1898720,"POLYGON((-80.1896835 25.7684563, -80.1900581 25.7684871, -80.1900604 25.7684639, -80.1896859 25.7684331, -80.1896835 25.7684563))",Southeast 5th Street,right,37.7,3,
Southeast 15th Road (left),25.7568162,-80.1907844,"POLYGON((-80.1909377 25.7567979, -80.1906298 25.7568112, -80.1906310 25.7568346, -80.1909390 25.7568212, -80.1909377 25.7567979))",Southeast 15th Road,left,30.9,2,
Southeast 15th Road (right),25.7567337,-80.1907799,"POLYGON((-80.1909333 25.7567153, -80.1906253 25.7567287, -80.1906266 25.7567520, -80.1909345 25.7567387, -80.1909333 25.7567153))",Southeast 15th Road,right,30.9,2,
Southeast 15th Road (left),25.7568568,-80.1909937,"POLYGON((-80.1910927 25.7569003, -80.1909087 25.7567936, -80.1908946 25.7568132, -80.1910787 25.7569200, -80.1910927 25.7569003))",Southeast 15th Road,left,21.9,1,
Southeast 15th Road (right),25.7567873,-80.1910433,"POLYGON((-80.1911424 25.7568309, -80.1909583 25.7567241, -80.1909443 25.7567438, -80.1911283 25.7568505, -80.1911424 25.7568309))",Southeast 15th Road,right,21.9,1,
Southwest 12th Street (left),25.7623708,-80.1983308,"POLYGON((-80.1977177 25.7624009, -80.1989448 25.7623640, -80.1989440 25.7623406, -80.1977168 25.7623775, -80.1977177 25.7624009))",Southwest 12th Street,left,123.1,16,
Southwest 12th Street (right),25.7624533,-80.1983339,"POLYGON((-80.1977207 25.7624835, -80.1989479 25.7624466, -80.1989470 25.7624232, -80.1977199 25.7624601, -80.1977207 25.7624835))",Southwest 12th Street,right,123.1,16,
Southwest 2nd Avenue (left),25.7623120,-80.1973210,"POLYGON((-80.1973035 25.7621829, -80.1973126 25.7624419, -80.1973385 25.7624411, -80.1973294 25.7621821, -80.1973035 25.7621829))",Southwest 2nd Avenue,left,28.8,2,
Southwest 2nd Avenue (right),25.7623146,-80.1972293,"POLYGON((-80.1972118 25.7621855, -80.1972209 25.7624445, -80.1972468 25.7624437, -80.1972377 25.7621847, -80.1972118 25.7621855))",Southwest 2nd Avenue,right,28.8,2,
Southwest 3rd Avenue (left),25.7615028,-80.1994183,"POLYGON((-80.1993318 25.7615918, -80.1995225 25.7614309, -80.1995048 25.7614138, -80.1993141 25.7615747, -80.1993318 25.7615918))",Southwest 3rd Avenue,left,26.2,1,
Southwest 3rd Avenue (right),25.7615631,-80.1994811,"POLYGON((-80.1993946 25.7616521, -80.1995853 25.7614912, -80.1995676 25.7614741, -80.1993769 25.7616350, -80.1993946 25.7616521))",Southwest 3rd Avenue,right,26.2,1,
Southwest 3rd Avenue (left),25.7614230,-80.1994279,"POLYGON((-80.1995677 25.7613397, -80.1992755 25.7614860, -80.1992881 25.7615064, -80.1995803 25.7613601, -80.1995677 25.7613397))",Southwest 3rd Avenue,left,33.5,2,
Southwest 3rd Avenue (right),25.7613508,-80.1993833,"POLYGON((-80.1995231 25.7612674, -80.1992309 25.7614137, -80.1992435 25.7614341, -80.1995357 25.7612878, -80.1995231 25.7612674))",Southwest 3rd Avenue,right,33.5,2,
Southwest 3rd Avenue (left),25.7611708,-80.1997348,"POLYGON((-80.1998836 25.7610617, -80.1995710 25.7612609, -80.1995860 25.7612800, -80.1998986 25.7610808, -80.1998836 25.7610617))",Southwest 3rd Avenue,left,38.4,3,
Southwest 3rd Avenue (right),25.7611034,-80.1996818,"POLYGON((-80.1998306 25.7609942, -80.1995180 25.7611934, -80.1995330 25.7612125, -80.1998456 25.7610133, -80.1998306 25.7609942))",Southwest 3rd Avenue,right,38.4,3,
Southwest 15th Road (left),25.7617771,-80.1993751,"POLYGON((-80.1991889 25.7616937, -80.1995484 25.7618806, -80.1995614 25.7618604, -80.1992019 25.7616735, -80.1991889 25.7616937))",Southwest 15th Road,left,41.6,3,
Southwest 15th Road (right),25.7618486,-80.1993293,"POLYGON((-80.1991430 25.7617653, -80.1995025 25.7619522, -80.1995155 25.7619320, -80.1991560 25.7617451, -80.1991430 25.7617653))",Southwest 15th Road,right,41.6,3,
Southwest 15th Road (left),25.7619808,-80.1997387,"POLYGON((-80.1995493 25.7618811, -80.1999137 25.7620999, -80.1999280 25.7620805, -80.1995636 25.7618617, -80.1995493 25.7618811))",Southwest 15th Road,left,43.9,4,
Southwest 15th Road (right),25.7620496,-80.1996877,"POLYGON((-80.1994984 25.7619499, -80.1998628 25.7621687, -80.1998771 25.7621493, -80.1995127 25.7619305, -80.1994984 25.7619499))",Southwest 15th Road,right,43.9,4,
Southwest 15th Road (left),25.7617450,-80.1994058,"POLYGON((-80.1995142 25.7618207, -80.1993152 25.7616523, -80.1992975 25.7616693, -80.1994964 25.7618377, -80.1995142 25.7618207))",Southwest 15th Road,left,27.4,1,
Southwest 15th Road (right),25.7616848,-80.1994687,"POLYGON((-80.1995770 25.7617605, -80.1993781 25.7615921, -80.1993603 25.7616091, -80.1995593 25.7617775, -80.1995770 25.7617605))",Southwest 15th Road,right,27.4,1,
Southwest 15th Road (left),25.7619266,-80.1996951,"POLYGON((-80.1998839 25.7620092, -80.1995191 25.7618237, -80.1995064 25.7618441, -80.1998712 25.7620296, -80.1998839 25.7620092))",Southwest 15th Road,left,42.0,4,
Southwest 15th Road (right),25.7618547,-80.1997403,"POLYGON((-80.1999290 25.7619372, -80.1995642 25.7617517, -80.1995515 25.7617721, -80.1999163 25.7619576, -80.1999290 25.7619372))",Southwest 15th Road,right,42.0,4,
West Flagler Street (left),25.7739681,-80.1983978,"POLYGON((-80.1981361 25.7740005, -80.1986619 25.7739589, -80.1986596 25.7739357, -80.1981338 25.7739772, -80.1981361 25.7740005))",West Flagler Street,left,52.9,5,
West Flagler Street (right),25.7740504,-80.1984059,"POLYGON((-80.1981441 25.7740828, -80.1986699 25.7740413, -80.1986676 25.7740180, -80.1981418 25.7740596, -80.1981441 25.7740828))",West Flagler Street,right,52.9,5,
West Flagler Street (left),25.7739056,-80.2001874,"POLYGON((-80.1997868 25.7739292, -80.2005889 25.7739054, -80.2005881 25.7738820, -80.1997860 25.7739058, -80.1997868 25.7739292))",West Flagler Street,left,80.5,9,
West Flagler Street (right),25.7739882,-80.2001905,"POLYGON((-80.1997898 25.7740118, -80.2005919 25.7739880, -80.2005911 25.7739646, -80.1997890 25.7739884, -80.1997898 25.7740118))",West Flagler Street,right,80.5,9,
Northwest 14th Street (left),25.7879653,-80.2025269,"POLYGON((-80.2019265 25.7879960, -80.2031282 25.7879579, -80.2031273 25.7879345, -80.2019256 25.7879726, -80.2019265 25.7879960))",Northwest 14th Street,left,120.5,15,
Northwest 14th Street (right),25.7880478,-80.2025302,"POLYGON((-80.2019298 25.7880786, -80.2031315 25.7880405, -80.2031306 25.7880171, -80.2019289 25.7880552, -80.2019298 25.7880786))",Northwest 14th Street,right,120.5,15,
Southwest 15th Road (left),25.7622079,-80.2001170,"POLYGON((-80.1999136 25.7620999, -80.2003059 25.7623352, -80.2003203 25.7623158, -80.1999280 25.7620805, -80.1999136 25.7620999))",Southwest 15th Road,left,47.3,4,
Southwest 15th Road (right),25.7622766,-80.2000661,"POLYGON((-80.1998628 25.7621687, -80.2002551 25.7624040, -80.2002695 25.7623846, -80.1998772 25.7621493, -80.1998628 25.7621687))",Southwest 15th Road,right,47.3,4,
West Flagler Street (left),25.7742481,-80.1994199,"POLYGON((-80.1992779 25.7742541, -80.1995607 25.7742654, -80.1995618 25.7742421, -80.1992791 25.7742308, -80.1992779 25.7742541))",West Flagler Street,left,28.4,1,
West Flagler Street (right),25.7743306,-80.1994158,"POLYGON((-80.1992739 25.7743366, -80.1995566 25.7743479, -80.1995578 25.7743246, -80.1992750 25.7743133, -80.1992739 25.7743366))",West Flagler Street,right,28.4,1,
West Flagler Street (left),25.7744694,-80.1994811,"POLYGON((-80.1993731 25.7745267, -80.1995999 25.7744333, -80.1995891 25.7744121, -80.1993623 25.7745055, -80.1993731 25.7745267))",West Flagler Street,left,25.0,1,
West Flagler Street (right),25.7745446,-80.1995193,"POLYGON((-80.1994113 25.7746019, -80.1996381 25.7745085, -80.1996273 25.7744873, -80.1994005 25.7745807, -80.1994113 25.7746019))",West Flagler Street,right,25.0,1,
Northwest 1st Street (left),25.7746864,-80.1995779,"POLYGON((-80.1994585 25.7747028, -80.1996985 25.7746933, -80.1996974 25.7746699, -80.1994574 25.7746795, -80.1994585 25.7747028))",Northwest 1st Street,left,24.1,1,
Northwest 1st Street (right),25.7747689,-80.1995820,"POLYGON((-80.1994625 25.7747854, -80.1997025 25.7747758, -80.1997014 25.7747525, -80.1994614 25.7747620, -80.1994625 25.7747854))",Northwest 1st Street,right,24.1,1,
Northwest 8th Street (left),25.7817070,-80.2001054,"POLYGON((-80.2002082 25.7816935, -80.2000021 25.7816971, -80.2000026 25.7817205, -80.2002087 25.7817169, -80.2002082 25.7816935))",Northwest 8th Street,left,20.7,0,
Northwest 8th Street (right),25.7816244,-80.2001037,"POLYGON((-80.2002065 25.7816109, -80.2000004 25.7816145, -80.2000009 25.7816379, -80.2002070 25.7816343, -80.2002065 25.7816109))",Northwest 8th Street,right,20.7,0,
Northwest 8th Street (left),25.7816980,-80.2005675,"POLYGON((-80.2006670 25.7816837, -80.2004672 25.7816889, -80.2004680 25.7817123, -80.2006677 25.7817071, -80.2006670 25.7816837))",Northwest 8th Street,left,20.0,0,
Northwest 8th Street (right),25.7816154,-80.2005648,"POLYGON((-80.2006643 25.7816011, -80.2004646 25.7816063, -80.2004653 25.7816297, -80.2006651 25.7816245, -80.2006643 25.7816011))",Northwest 8th Street,right,20.0,0,
Northwest 17th Street (left),25.7915822,-80.2036265,"POLYGON((-80.2032119 25.7916064, -80.2040419 25.7915814, -80.2040410 25.7915580, -80.2032110 25.7915830, -80.2032119 25.7916064))",Northwest 17th Street,left,83.2,10,
Northwest 17th Street (right),25.7916648,-80.2036295,"POLYGON((-80.2032150 25.7916890, -80.2040450 25.7916640, -80.2040441 25.7916406, -80.2032141 25.7916656, -80.2032150 25.7916890))",Northwest 17th Street,right,83.2,10,
Northwest 17th Street (left),25.7915061,-80.2063057,"POLYGON((-80.2056425 25.7915288, -80.2069694 25.7915069, -80.2069689 25.7914835, -80.2056420 25.7915054, -80.2056425 25.7915288))",Northwest 17th Street,left,133.0,17,
Northwest 17th Street (right),25.7915888,-80.2063074,"POLYGON((-80.2056442 25.7916114, -80.2069711 25.7915895, -80.2069706 25.7915661, -80.2056437 25.7915880, -80.2056442 25.7916114))",Northwest 17th Street,right,133.0,17,
Northwest 14th Street (left),25.7877263,-80.2100610,"POLYGON((-80.2098742 25.7877414, -80.2102482 25.7877346, -80.2102477 25.7877112, -80.2098737 25.7877180, -80.2098742 25.7877414))",Northwest 14th Street,left,37.5,3,
Northwest 14th Street (right),25.7878089,-80.2100628,"POLYGON((-80.2098761 25.7878240, -80.2102501 25.7878172, -80.2102496 25.7877938, -80.2098756 25.7878006, -80.2098761 25.7878240))",Northwest 14th Street,right,37.5,3,
Northwest North River Drive (left),25.7745321,-80.2008933,"POLYGON((-80.2010163 25.7747140, -80.2007932 25.7743392, -80.2007703 25.7743502, -80.2009934 25.7747250, -80.2010163 25.7747140))",Northwest North River Drive,left,47.3,4,
Northwest North River Drive (right),25.7744931,-80.2009742,"POLYGON((-80.2010972 25.7746750, -80.2008741 25.7743002, -80.2008512 25.7743112, -80.2010743 25.7746860, -80.2010972 25.7746750))",Northwest North River Drive,right,47.3,4,
Northwest North River Drive (left),25.7742611,-80.2007321,"POLYGON((-80.2007932 25.7743392, -80.2006940 25.7741721, -80.2006711 25.7741831, -80.2007703 25.7743502, -80.2007932 25.7743392))",Northwest North River Drive,left,21.1,0,
Northwest North River Drive (right),25.7742222,-80.2008131,"POLYGON((-80.2008741 25.7743002, -80.2007749 25.7741331, -80.2007520 25.7741441, -80.2008512 25.7743112, -80.2008741 25.7743002))",Northwest North River Drive,right,21.1,0,
Northwest 1st Place (left),25.7870881,-80.1979924,"POLYGON((-80.1979768 25.7869897, -80.1979821 25.7871870, -80.1980080 25.7871864, -80.1980027 25.7869891, -80.1979768 25.7869897))",Northwest 1st Place,left,22.0,1,
Northwest 1st Place (right),25.7870900,-80.1979007,"POLYGON((-80.1978851 25.7869917, -80.1978904 25.7871890, -80.1979163 25.7871884, -80.1979110 25.7869911, -80.1978851 25.7869917))",Northwest 1st Place,right,22.0,1,
Northwest 1st Place (left),25.7872841,-80.1979956,"POLYGON((-80.1979821 25.7871875, -80.1979832 25.7873807, -80.1980092 25.7873806, -80.1980081 25.7871874, -80.1979821 25.7871875))",Northwest 1st Place,left,21.5,0,
Northwest 1st Place (right),25.7872845,-80.1979039,"POLYGON((-80.1978903 25.7871880, -80.1978914 25.7873812, -80.1979174 25.7873811, -80.1979163 25.7871879, -80.1978903 25.7871880))",Northwest 1st Place,right,21.5,0,
Northwest 14th Street (left),25.7880490,-80.1996856,"POLYGON((-80.1994360 25.7880637, -80.1999356 25.7880578, -80.1999353 25.7880344, -80.1994357 25.7880403, -80.1994360 25.7880637))",Northwest 14th Street,left,50.1,5,
Northwest 14th Street (right),25.7881317,-80.1996869,"POLYGON((-80.1994372 25.7881463, -80.1999368 25.7881404, -80.1999365 25.7881170, -80.1994369 25.7881229, -80.1994372 25.7881463))",Northwest 14th Street,right,50.1,5,
Northwest 14th Street (left),25.7877394,-80.2095196,"POLYGON((-80.2093478 25.7877561, -80.2096922 25.7877462, -80.2096914 25.7877228, -80.2093470 25.7877327, -80.2093478 25.7877561))",Northwest 14th Street,left,34.5,2,
Northwest 14th Street (right),25.7878221,-80.2095226,"POLYGON((-80.2093508 25.7878387, -80.2096952 25.7878288, -80.2096944 25.7878054, -80.2093500 25.7878153, -80.2093508 25.7878387))",Northwest 14th Street,right,34.5,2,
East Flagler Street (left),25.7741914,-80.1910951,"POLYGON((-80.1902668 25.7742298, -80.1919242 25.7741764, -80.1919233 25.7741530, -80.1902659 25.7742064, -80.1902668 25.7742298))",East Flagler Street,left,166.3,22,
East Flagler Street (right),25.7742740,-80.1910983,"POLYGON((-80.1902701 25.7743124, -80.1919275 25.7742590, -80.1919266 25.7742356, -80.1902692 25.7742890, -80.1902701 25.7743124))",East Flagler Street,right,166.3,22,
Southwest Miami Avenue Road (left),25.7688010,-80.1934893,"POLYGON((-80.1933330 25.7688143, -80.1936459 25.7688112, -80.1936456 25.7687878, -80.1933327 25.7687909, -80.1933330 25.7688143))",Southwest Miami Avenue Road,left,31.4,2,
Southwest Miami Avenue Road (right),25.7688837,-80.1934903,"POLYGON((-80.1933340 25.7688969, -80.1936469 25.7688938, -80.1936466 25.7688704, -80.1933337 25.7688735, -80.1933340 25.7688969))",Southwest Miami Avenue Road,right,31.4,2,
